==================
WARNING: ThreadSanitizer: data race (pid=2)
  Read of size 8 at 0x7ffd2222e008 by thread T3:
    #0 MoveNodesFastParallelStage4A(SimpleGraph const&, LeidenGraphStats const&, LeidenPartition, QualityFunction const&, unsigned long, unsigned long, LeidenOptions const*) [clone ._omp_fn.0] /home/stomo/WorkSpace/MyLeiden/Leiden.cpp:1169 (test_move_nodes_fast+0xc734)
    #1 <null> <null> (libgomp.so.1+0x1dc0d)

  Previous write of size 8 at 0x7ffd2222e008 by main thread:
    #0 MoveNodesFastParallelStage4A(SimpleGraph const&, LeidenGraphStats const&, LeidenPartition, QualityFunction const&, unsigned long, unsigned long, LeidenOptions const*) [clone ._omp_fn.0] /home/stomo/WorkSpace/MyLeiden/Leiden.cpp:1169 (test_move_nodes_fast+0xc74f)
    #1 GOMP_parallel <null> (libgomp.so.1+0x14a15)
    #2 RunStage4AAndCheck tests/test_move_nodes_fast.cpp:201 (test_move_nodes_fast+0x2b4c1)
    #3 TestStage4ABasicAndEdgeCases tests/test_move_nodes_fast.cpp:464 (test_move_nodes_fast+0x2b7d4)
    #4 main tests/test_move_nodes_fast.cpp:674 (test_move_nodes_fast+0x2e2c8)

  Location is stack of main thread.

  Location is global '<null>' at 0x000000000000 ([stack]+0x00000001f008)

  Thread T3 (tid=6, running) created by main thread at:
    #0 pthread_create ../../../../src/libsanitizer/tsan/tsan_interceptors_posix.cpp:969 (libtsan.so.0+0x605b8)
    #1 <null> <null> (libgomp.so.1+0x1e25f)
    #2 RunStage4AAndCheck tests/test_move_nodes_fast.cpp:201 (test_move_nodes_fast+0x2b4c1)
    #3 TestStage4ABasicAndEdgeCases tests/test_move_nodes_fast.cpp:464 (test_move_nodes_fast+0x2b7d4)
    #4 main tests/test_move_nodes_fast.cpp:674 (test_move_nodes_fast+0x2e2c8)

SUMMARY: ThreadSanitizer: data race /home/stomo/WorkSpace/MyLeiden/Leiden.cpp:1169 in MoveNodesFastParallelStage4A(SimpleGraph const&, LeidenGraphStats const&, LeidenPartition, QualityFunction const&, unsigned long, unsigned long, LeidenOptions const*) [clone ._omp_fn.0]
==================
==================
WARNING: ThreadSanitizer: data race (pid=2)
  Read of size 8 at 0x7ffd2222e000 by thread T3:
    #0 MoveNodesFastParallelStage4A(SimpleGraph const&, LeidenGraphStats const&, LeidenPartition, QualityFunction const&, unsigned long, unsigned long, LeidenOptions const*) [clone ._omp_fn.0] /home/stomo/WorkSpace/MyLeiden/Leiden.cpp:1169 (test_move_nodes_fast+0xc75f)
    #1 <null> <null> (libgomp.so.1+0x1dc0d)

  Previous write of size 8 at 0x7ffd2222e000 by main thread:
    #0 MoveNodesFastParallelStage4A(SimpleGraph const&, LeidenGraphStats const&, LeidenPartition, QualityFunction const&, unsigned long, unsigned long, LeidenOptions const*) [clone ._omp_fn.0] /home/stomo/WorkSpace/MyLeiden/Leiden.cpp:1169 (test_move_nodes_fast+0xc77a)
    #1 GOMP_parallel <null> (libgomp.so.1+0x14a15)
    #2 RunStage4AAndCheck tests/test_move_nodes_fast.cpp:201 (test_move_nodes_fast+0x2b4c1)
    #3 TestStage4ABasicAndEdgeCases tests/test_move_nodes_fast.cpp:464 (test_move_nodes_fast+0x2b7d4)
    #4 main tests/test_move_nodes_fast.cpp:674 (test_move_nodes_fast+0x2e2c8)

  Location is stack of main thread.

  Location is global '<null>' at 0x000000000000 ([stack]+0x00000001f000)

  Thread T3 (tid=6, running) created by main thread at:
    #0 pthread_create ../../../../src/libsanitizer/tsan/tsan_interceptors_posix.cpp:969 (libtsan.so.0+0x605b8)
    #1 <null> <null> (libgomp.so.1+0x1e25f)
    #2 RunStage4AAndCheck tests/test_move_nodes_fast.cpp:201 (test_move_nodes_fast+0x2b4c1)
    #3 TestStage4ABasicAndEdgeCases tests/test_move_nodes_fast.cpp:464 (test_move_nodes_fast+0x2b7d4)
    #4 main tests/test_move_nodes_fast.cpp:674 (test_move_nodes_fast+0x2e2c8)

SUMMARY: ThreadSanitizer: data race /home/stomo/WorkSpace/MyLeiden/Leiden.cpp:1169 in MoveNodesFastParallelStage4A(SimpleGraph const&, LeidenGraphStats const&, LeidenPartition, QualityFunction const&, unsigned long, unsigned long, LeidenOptions const*) [clone ._omp_fn.0]
==================
==================
WARNING: ThreadSanitizer: data race (pid=2)
  Read of size 8 at 0x7ffd2222dff8 by thread T3:
    #0 MoveNodesFastParallelStage4A(SimpleGraph const&, LeidenGraphStats const&, LeidenPartition, QualityFunction const&, unsigned long, unsigned long, LeidenOptions const*) [clone ._omp_fn.0] /home/stomo/WorkSpace/MyLeiden/Leiden.cpp:1169 (test_move_nodes_fast+0xc78a)
    #1 <null> <null> (libgomp.so.1+0x1dc0d)

  Previous write of size 8 at 0x7ffd2222dff8 by main thread:
    #0 MoveNodesFastParallelStage4A(SimpleGraph const&, LeidenGraphStats const&, LeidenPartition, QualityFunction const&, unsigned long, unsigned long, LeidenOptions const*) [clone ._omp_fn.0] /home/stomo/WorkSpace/MyLeiden/Leiden.cpp:1169 (test_move_nodes_fast+0xc79d)
    #1 GOMP_parallel <null> (libgomp.so.1+0x14a15)
    #2 RunStage4AAndCheck tests/test_move_nodes_fast.cpp:201 (test_move_nodes_fast+0x2b4c1)
    #3 TestStage4ABasicAndEdgeCases tests/test_move_nodes_fast.cpp:464 (test_move_nodes_fast+0x2b7d4)
    #4 main tests/test_move_nodes_fast.cpp:674 (test_move_nodes_fast+0x2e2c8)

  Location is stack of main thread.

  Location is global '<null>' at 0x000000000000 ([stack]+0x00000001eff8)

  Thread T3 (tid=6, running) created by main thread at:
    #0 pthread_create ../../../../src/libsanitizer/tsan/tsan_interceptors_posix.cpp:969 (libtsan.so.0+0x605b8)
    #1 <null> <null> (libgomp.so.1+0x1e25f)
    #2 RunStage4AAndCheck tests/test_move_nodes_fast.cpp:201 (test_move_nodes_fast+0x2b4c1)
    #3 TestStage4ABasicAndEdgeCases tests/test_move_nodes_fast.cpp:464 (test_move_nodes_fast+0x2b7d4)
    #4 main tests/test_move_nodes_fast.cpp:674 (test_move_nodes_fast+0x2e2c8)

SUMMARY: ThreadSanitizer: data race /home/stomo/WorkSpace/MyLeiden/Leiden.cpp:1169 in MoveNodesFastParallelStage4A(SimpleGraph const&, LeidenGraphStats const&, LeidenPartition, QualityFunction const&, unsigned long, unsigned long, LeidenOptions const*) [clone ._omp_fn.0]
==================
==================
WARNING: ThreadSanitizer: data race (pid=2)
  Read of size 8 at 0x7ffd2222dff0 by thread T3:
    #0 MoveNodesFastParallelStage4A(SimpleGraph const&, LeidenGraphStats const&, LeidenPartition, QualityFunction const&, unsigned long, unsigned long, LeidenOptions const*) [clone ._omp_fn.0] /home/stomo/WorkSpace/MyLeiden/Leiden.cpp:1169 (test_move_nodes_fast+0xc7ad)
    #1 <null> <null> (libgomp.so.1+0x1dc0d)

  Previous write of size 8 at 0x7ffd2222dff0 by main thread:
    #0 MoveNodesFastParallelStage4A(SimpleGraph const&, LeidenGraphStats const&, LeidenPartition, QualityFunction const&, unsigned long, unsigned long, LeidenOptions const*) [clone ._omp_fn.0] /home/stomo/WorkSpace/MyLeiden/Leiden.cpp:1169 (test_move_nodes_fast+0xc7c0)
    #1 GOMP_parallel <null> (libgomp.so.1+0x14a15)
    #2 RunStage4AAndCheck tests/test_move_nodes_fast.cpp:201 (test_move_nodes_fast+0x2b4c1)
    #3 TestStage4ABasicAndEdgeCases tests/test_move_nodes_fast.cpp:464 (test_move_nodes_fast+0x2b7d4)
    #4 main tests/test_move_nodes_fast.cpp:674 (test_move_nodes_fast+0x2e2c8)

  Location is stack of main thread.

  Location is global '<null>' at 0x000000000000 ([stack]+0x00000001eff0)

  Thread T3 (tid=6, running) created by main thread at:
    #0 pthread_create ../../../../src/libsanitizer/tsan/tsan_interceptors_posix.cpp:969 (libtsan.so.0+0x605b8)
    #1 <null> <null> (libgomp.so.1+0x1e25f)
    #2 RunStage4AAndCheck tests/test_move_nodes_fast.cpp:201 (test_move_nodes_fast+0x2b4c1)
    #3 TestStage4ABasicAndEdgeCases tests/test_move_nodes_fast.cpp:464 (test_move_nodes_fast+0x2b7d4)
    #4 main tests/test_move_nodes_fast.cpp:674 (test_move_nodes_fast+0x2e2c8)

SUMMARY: ThreadSanitizer: data race /home/stomo/WorkSpace/MyLeiden/Leiden.cpp:1169 in MoveNodesFastParallelStage4A(SimpleGraph const&, LeidenGraphStats const&, LeidenPartition, QualityFunction const&, unsigned long, unsigned long, LeidenOptions const*) [clone ._omp_fn.0]
==================
==================
WARNING: ThreadSanitizer: data race (pid=2)
  Write of size 8 at 0x7ffd2222dfd8 by main thread:
    #0 std::_Vector_base<unsigned long, std::allocator<unsigned long> >::_Vector_impl_data::_Vector_impl_data() /usr/include/c++/11/bits/stl_vector.h:98 (test_move_nodes_fast+0xd96d)
    #1 std::_Vector_base<unsigned long, std::allocator<unsigned long> >::_Vector_impl::_Vector_impl() /usr/include/c++/11/bits/stl_vector.h:133 (test_move_nodes_fast+0xd96d)
    #2 std::_Vector_base<unsigned long, std::allocator<unsigned long> >::_Vector_base() /usr/include/c++/11/bits/stl_vector.h:288 (test_move_nodes_fast+0xd96d)
    #3 std::vector<unsigned long, std::allocator<unsigned long> >::vector() /usr/include/c++/11/bits/stl_vector.h:487 (test_move_nodes_fast+0xd96d)
    #4 NeighborCommunityScratch::NeighborCommunityScratch() /home/stomo/WorkSpace/MyLeiden/QualityFunction.hpp:123 (test_move_nodes_fast+0xd96d)
    #5 MoveNodesFastParallelStage4A(SimpleGraph const&, LeidenGraphStats const&, LeidenPartition, QualityFunction const&, unsigned long, unsigned long, LeidenOptions const*) /home/stomo/WorkSpace/MyLeiden/Leiden.cpp:1258 (test_move_nodes_fast+0xd96d)
    #6 RunStage4AAndCheck tests/test_move_nodes_fast.cpp:201 (test_move_nodes_fast+0x2b4c1)
    #7 TestStage4ABasicAndEdgeCases tests/test_move_nodes_fast.cpp:464 (test_move_nodes_fast+0x2b7d4)
    #8 main tests/test_move_nodes_fast.cpp:674 (test_move_nodes_fast+0x2e2c8)

  Previous read of size 8 at 0x7ffd2222dfd8 by thread T3:
    #0 MoveNodesFastParallelStage4A(SimpleGraph const&, LeidenGraphStats const&, LeidenPartition, QualityFunction const&, unsigned long, unsigned long, LeidenOptions const*) [clone ._omp_fn.0] /home/stomo/WorkSpace/MyLeiden/Leiden.cpp:1175 (test_move_nodes_fast+0xc0c8)
    #1 <null> <null> (libgomp.so.1+0x1dc0d)

  Location is stack of main thread.

  Location is global '<null>' at 0x000000000000 ([stack]+0x00000001efd8)

  Thread T3 (tid=6, running) created by main thread at:
    #0 pthread_create ../../../../src/libsanitizer/tsan/tsan_interceptors_posix.cpp:969 (libtsan.so.0+0x605b8)
    #1 <null> <null> (libgomp.so.1+0x1e25f)
    #2 RunStage4AAndCheck tests/test_move_nodes_fast.cpp:201 (test_move_nodes_fast+0x2b4c1)
    #3 TestStage4ABasicAndEdgeCases tests/test_move_nodes_fast.cpp:464 (test_move_nodes_fast+0x2b7d4)
    #4 main tests/test_move_nodes_fast.cpp:674 (test_move_nodes_fast+0x2e2c8)

SUMMARY: ThreadSanitizer: data race /usr/include/c++/11/bits/stl_vector.h:98 in std::_Vector_base<unsigned long, std::allocator<unsigned long> >::_Vector_impl_data::_Vector_impl_data()
==================
==================
WARNING: ThreadSanitizer: data race (pid=2)
  Write of size 8 at 0x7ffd2222e010 by main thread:
    #0 std::__cxx11::basic_string<char, std::char_traits<char>, std::allocator<char> >::_M_capacity(unsigned long) /usr/include/c++/11/bits/basic_string.h:219 (test_move_nodes_fast+0x30674)
    #1 void std::__cxx11::basic_string<char, std::char_traits<char>, std::allocator<char> >::_M_construct<char*>(char*, char*, std::forward_iterator_tag) /usr/include/c++/11/bits/basic_string.tcc:220 (test_move_nodes_fast+0x30674)
    #2 void std::__cxx11::basic_string<char, std::char_traits<char>, std::allocator<char> >::_M_construct_aux<char*>(char*, char*, std::__false_type) /usr/include/c++/11/bits/basic_string.h:255 (test_move_nodes_fast+0x293e3)
    #3 void std::__cxx11::basic_string<char, std::char_traits<char>, std::allocator<char> >::_M_construct<char*>(char*, char*) /usr/include/c++/11/bits/basic_string.h:274 (test_move_nodes_fast+0x293e3)
    #4 std::__cxx11::basic_string<char, std::char_traits<char>, std::allocator<char> >::basic_string(std::__cxx11::basic_string<char, std::char_traits<char>, std::allocator<char> > const&) /usr/include/c++/11/bits/basic_string.h:459 (test_move_nodes_fast+0x293e3)
    #5 std::__cxx11::basic_string<char, std::char_traits<char>, std::allocator<char> > std::operator+<char, std::char_traits<char>, std::allocator<char> >(std::__cxx11::basic_string<char, std::char_traits<char>, std::allocator<char> > const&, char const*) /usr/include/c++/11/bits/basic_string.h:6135 (test_move_nodes_fast+0x293e3)
    #6 CheckValidPartition tests/test_move_nodes_fast.cpp:68 (test_move_nodes_fast+0x293e3)
    #7 RunStage4AAndCheck tests/test_move_nodes_fast.cpp:203 (test_move_nodes_fast+0x2b510)
    #8 TestStage4ABasicAndEdgeCases tests/test_move_nodes_fast.cpp:464 (test_move_nodes_fast+0x2b7d4)
    #9 main tests/test_move_nodes_fast.cpp:674 (test_move_nodes_fast+0x2e2c8)

  Previous read of size 4 at 0x7ffd2222e010 by thread T3:
    #0 MoveNodesFastParallelStage4A(SimpleGraph const&, LeidenGraphStats const&, LeidenPartition, QualityFunction const&, unsigned long, unsigned long, LeidenOptions const*) [clone ._omp_fn.0] /home/stomo/WorkSpace/MyLeiden/Leiden.cpp:1169 (test_move_nodes_fast+0xbf5b)
    #1 <null> <null> (libgomp.so.1+0x1dc0d)

  Location is stack of main thread.

  Location is global '<null>' at 0x000000000000 ([stack]+0x00000001f010)

  Thread T3 (tid=6, running) created by main thread at:
    #0 pthread_create ../../../../src/libsanitizer/tsan/tsan_interceptors_posix.cpp:969 (libtsan.so.0+0x605b8)
    #1 <null> <null> (libgomp.so.1+0x1e25f)
    #2 RunStage4AAndCheck tests/test_move_nodes_fast.cpp:201 (test_move_nodes_fast+0x2b4c1)
    #3 TestStage4ABasicAndEdgeCases tests/test_move_nodes_fast.cpp:464 (test_move_nodes_fast+0x2b7d4)
    #4 main tests/test_move_nodes_fast.cpp:674 (test_move_nodes_fast+0x2e2c8)

SUMMARY: ThreadSanitizer: data race /usr/include/c++/11/bits/basic_string.h:219 in std::__cxx11::basic_string<char, std::char_traits<char>, std::allocator<char> >::_M_capacity(unsigned long)
==================
==================
WARNING: ThreadSanitizer: data race (pid=2)
  Read of size 8 at 0x7ffd2222e338 by thread T3:
    #0 std::vector<double, std::allocator<double> >::size() const /usr/include/c++/11/bits/stl_vector.h:919 (test_move_nodes_fast+0xc08a)
    #1 MoveNodesFastParallelStage4A(SimpleGraph const&, LeidenGraphStats const&, LeidenPartition, QualityFunction const&, unsigned long, unsigned long, LeidenOptions const*) [clone ._omp_fn.0] /home/stomo/WorkSpace/MyLeiden/Leiden.cpp:1172 (test_move_nodes_fast+0xc08a)
    #2 <null> <null> (libgomp.so.1+0x1dc0d)

  Previous write of size 8 at 0x7ffd2222e338 by main thread:
    #0 std::_Vector_base<double, std::allocator<double> >::_Vector_impl_data::_Vector_impl_data() /usr/include/c++/11/bits/stl_vector.h:98 (test_move_nodes_fast+0xc89f)
    #1 std::_Vector_base<double, std::allocator<double> >::_Vector_impl::_Vector_impl() /usr/include/c++/11/bits/stl_vector.h:133 (test_move_nodes_fast+0xc89f)
    #2 std::_Vector_base<double, std::allocator<double> >::_Vector_base() /usr/include/c++/11/bits/stl_vector.h:288 (test_move_nodes_fast+0xc89f)
    #3 std::vector<double, std::allocator<double> >::vector() /usr/include/c++/11/bits/stl_vector.h:487 (test_move_nodes_fast+0xc89f)
    #4 LeidenPartition::LeidenPartition() /home/stomo/WorkSpace/MyLeiden/LeidenTypes.hpp:21 (test_move_nodes_fast+0xc89f)
    #5 MoveNodesFastResult::MoveNodesFastResult() /home/stomo/WorkSpace/MyLeiden/Leiden.hpp:11 (test_move_nodes_fast+0xc89f)
    #6 MoveNodesFastParallelStage4A(SimpleGraph const&, LeidenGraphStats const&, LeidenPartition, QualityFunction const&, unsigned long, unsigned long, LeidenOptions const*) /home/stomo/WorkSpace/MyLeiden/Leiden.cpp:1138 (test_move_nodes_fast+0xc89f)
    #7 RunStage4AAndCheck tests/test_move_nodes_fast.cpp:201 (test_move_nodes_fast+0x2b4c1)
    #8 TestStage4ABasicAndEdgeCases tests/test_move_nodes_fast.cpp:466 (test_move_nodes_fast+0x2b850)
    #9 main tests/test_move_nodes_fast.cpp:674 (test_move_nodes_fast+0x2e2c8)

  Location is stack of main thread.

  Location is global '<null>' at 0x000000000000 ([stack]+0x00000001f338)

  Thread T3 (tid=6, running) created by main thread at:
    #0 pthread_create ../../../../src/libsanitizer/tsan/tsan_interceptors_posix.cpp:969 (libtsan.so.0+0x605b8)
    #1 <null> <null> (libgomp.so.1+0x1e25f)
    #2 RunStage4AAndCheck tests/test_move_nodes_fast.cpp:201 (test_move_nodes_fast+0x2b4c1)
    #3 TestStage4ABasicAndEdgeCases tests/test_move_nodes_fast.cpp:464 (test_move_nodes_fast+0x2b7d4)
    #4 main tests/test_move_nodes_fast.cpp:674 (test_move_nodes_fast+0x2e2c8)

SUMMARY: ThreadSanitizer: data race /usr/include/c++/11/bits/stl_vector.h:919 in std::vector<double, std::allocator<double> >::size() const
==================
==================
WARNING: ThreadSanitizer: data race (pid=2)
  Read of size 8 at 0x7ffd2222e340 by thread T1:
    #0 std::vector<double, std::allocator<double> >::size() const /usr/include/c++/11/bits/stl_vector.h:919 (test_move_nodes_fast+0xc072)
    #1 MoveNodesFastParallelStage4A(SimpleGraph const&, LeidenGraphStats const&, LeidenPartition, QualityFunction const&, unsigned long, unsigned long, LeidenOptions const*) [clone ._omp_fn.0] /home/stomo/WorkSpace/MyLeiden/Leiden.cpp:1172 (test_move_nodes_fast+0xc072)
    #2 <null> <null> (libgomp.so.1+0x1dc0d)

  Previous write of size 8 at 0x7ffd2222e340 by main thread:
    #0 std::_Vector_base<double, std::allocator<double> >::_Vector_impl_data::_Vector_impl_data() /usr/include/c++/11/bits/stl_vector.h:98 (test_move_nodes_fast+0xc8b0)
    #1 std::_Vector_base<double, std::allocator<double> >::_Vector_impl::_Vector_impl() /usr/include/c++/11/bits/stl_vector.h:133 (test_move_nodes_fast+0xc8b0)
    #2 std::_Vector_base<double, std::allocator<double> >::_Vector_base() /usr/include/c++/11/bits/stl_vector.h:288 (test_move_nodes_fast+0xc8b0)
    #3 std::vector<double, std::allocator<double> >::vector() /usr/include/c++/11/bits/stl_vector.h:487 (test_move_nodes_fast+0xc8b0)
    #4 LeidenPartition::LeidenPartition() /home/stomo/WorkSpace/MyLeiden/LeidenTypes.hpp:21 (test_move_nodes_fast+0xc8b0)
    #5 MoveNodesFastResult::MoveNodesFastResult() /home/stomo/WorkSpace/MyLeiden/Leiden.hpp:11 (test_move_nodes_fast+0xc8b0)
    #6 MoveNodesFastParallelStage4A(SimpleGraph const&, LeidenGraphStats const&, LeidenPartition, QualityFunction const&, unsigned long, unsigned long, LeidenOptions const*) /home/stomo/WorkSpace/MyLeiden/Leiden.cpp:1138 (test_move_nodes_fast+0xc8b0)
    #7 RunStage4AAndCheck tests/test_move_nodes_fast.cpp:201 (test_move_nodes_fast+0x2b4c1)
    #8 TestStage4ABasicAndEdgeCases tests/test_move_nodes_fast.cpp:466 (test_move_nodes_fast+0x2b850)
    #9 main tests/test_move_nodes_fast.cpp:674 (test_move_nodes_fast+0x2e2c8)

  Location is stack of main thread.

  Location is global '<null>' at 0x000000000000 ([stack]+0x00000001f340)

  Thread T1 (tid=4, running) created by main thread at:
    #0 pthread_create ../../../../src/libsanitizer/tsan/tsan_interceptors_posix.cpp:969 (libtsan.so.0+0x605b8)
    #1 <null> <null> (libgomp.so.1+0x1e25f)
    #2 RunStage4AAndCheck tests/test_move_nodes_fast.cpp:201 (test_move_nodes_fast+0x2b4c1)
    #3 TestStage4ABasicAndEdgeCases tests/test_move_nodes_fast.cpp:464 (test_move_nodes_fast+0x2b7d4)
    #4 main tests/test_move_nodes_fast.cpp:674 (test_move_nodes_fast+0x2e2c8)

SUMMARY: ThreadSanitizer: data race /usr/include/c++/11/bits/stl_vector.h:919 in std::vector<double, std::allocator<double> >::size() const
==================
==================
WARNING: ThreadSanitizer: data race (pid=2)
  Read of size 8 at 0x7ffd2222dfe0 by thread T1:
    #0 MoveNodesFastParallelStage4A(SimpleGraph const&, LeidenGraphStats const&, LeidenPartition, QualityFunction const&, unsigned long, unsigned long, LeidenOptions const*) [clone ._omp_fn.0] /home/stomo/WorkSpace/MyLeiden/Leiden.cpp:1180 (test_move_nodes_fast+0xc539)
    #1 <null> <null> (libgomp.so.1+0x1dc0d)

  Previous write of size 8 at 0x7ffd2222dfe0 by main thread:
    #0 std::_Vector_base<unsigned long, std::allocator<unsigned long> >::_Vector_impl_data::_Vector_impl_data() /usr/include/c++/11/bits/stl_vector.h:98 (test_move_nodes_fast+0xd981)
    #1 std::_Vector_base<unsigned long, std::allocator<unsigned long> >::_Vector_impl::_Vector_impl() /usr/include/c++/11/bits/stl_vector.h:133 (test_move_nodes_fast+0xd981)
    #2 std::_Vector_base<unsigned long, std::allocator<unsigned long> >::_Vector_base() /usr/include/c++/11/bits/stl_vector.h:288 (test_move_nodes_fast+0xd981)
    #3 std::vector<unsigned long, std::allocator<unsigned long> >::vector() /usr/include/c++/11/bits/stl_vector.h:487 (test_move_nodes_fast+0xd981)
    #4 NeighborCommunityScratch::NeighborCommunityScratch() /home/stomo/WorkSpace/MyLeiden/QualityFunction.hpp:123 (test_move_nodes_fast+0xd981)
    #5 MoveNodesFastParallelStage4A(SimpleGraph const&, LeidenGraphStats const&, LeidenPartition, QualityFunction const&, unsigned long, unsigned long, LeidenOptions const*) /home/stomo/WorkSpace/MyLeiden/Leiden.cpp:1258 (test_move_nodes_fast+0xd981)
    #6 RunStage4AAndCheck tests/test_move_nodes_fast.cpp:201 (test_move_nodes_fast+0x2b4c1)
    #7 TestStage4ABasicAndEdgeCases tests/test_move_nodes_fast.cpp:464 (test_move_nodes_fast+0x2b7d4)
    #8 main tests/test_move_nodes_fast.cpp:674 (test_move_nodes_fast+0x2e2c8)

  Location is stack of main thread.

  Location is global '<null>' at 0x000000000000 ([stack]+0x00000001efe0)

  Thread T1 (tid=4, running) created by main thread at:
    #0 pthread_create ../../../../src/libsanitizer/tsan/tsan_interceptors_posix.cpp:969 (libtsan.so.0+0x605b8)
    #1 <null> <null> (libgomp.so.1+0x1e25f)
    #2 RunStage4AAndCheck tests/test_move_nodes_fast.cpp:201 (test_move_nodes_fast+0x2b4c1)
    #3 TestStage4ABasicAndEdgeCases tests/test_move_nodes_fast.cpp:464 (test_move_nodes_fast+0x2b7d4)
    #4 main tests/test_move_nodes_fast.cpp:674 (test_move_nodes_fast+0x2e2c8)

SUMMARY: ThreadSanitizer: data race /home/stomo/WorkSpace/MyLeiden/Leiden.cpp:1180 in MoveNodesFastParallelStage4A(SimpleGraph const&, LeidenGraphStats const&, LeidenPartition, QualityFunction const&, unsigned long, unsigned long, LeidenOptions const*) [clone ._omp_fn.0]
==================
==================
WARNING: ThreadSanitizer: data race (pid=2)
  Read of size 8 at 0x7ffd2222e3d0 by thread T3:
    #0 std::vector<double, std::allocator<double> >::size() const /usr/include/c++/11/bits/stl_vector.h:919 (test_move_nodes_fast+0xc072)
    #1 MoveNodesFastParallelStage4A(SimpleGraph const&, LeidenGraphStats const&, LeidenPartition, QualityFunction const&, unsigned long, unsigned long, LeidenOptions const*) [clone ._omp_fn.0] /home/stomo/WorkSpace/MyLeiden/Leiden.cpp:1172 (test_move_nodes_fast+0xc072)
    #2 <null> <null> (libgomp.so.1+0x1dc0d)

  Previous write of size 8 at 0x7ffd2222e3d0 by main thread:
    #0 std::_Vector_base<double, std::allocator<double> >::_Vector_impl_data::_Vector_impl_data() /usr/include/c++/11/bits/stl_vector.h:98 (test_move_nodes_fast+0xc8b0)
    #1 std::_Vector_base<double, std::allocator<double> >::_Vector_impl::_Vector_impl() /usr/include/c++/11/bits/stl_vector.h:133 (test_move_nodes_fast+0xc8b0)
    #2 std::_Vector_base<double, std::allocator<double> >::_Vector_base() /usr/include/c++/11/bits/stl_vector.h:288 (test_move_nodes_fast+0xc8b0)
    #3 std::vector<double, std::allocator<double> >::vector() /usr/include/c++/11/bits/stl_vector.h:487 (test_move_nodes_fast+0xc8b0)
    #4 LeidenPartition::LeidenPartition() /home/stomo/WorkSpace/MyLeiden/LeidenTypes.hpp:21 (test_move_nodes_fast+0xc8b0)
    #5 MoveNodesFastResult::MoveNodesFastResult() /home/stomo/WorkSpace/MyLeiden/Leiden.hpp:11 (test_move_nodes_fast+0xc8b0)
    #6 MoveNodesFastParallelStage4A(SimpleGraph const&, LeidenGraphStats const&, LeidenPartition, QualityFunction const&, unsigned long, unsigned long, LeidenOptions const*) /home/stomo/WorkSpace/MyLeiden/Leiden.cpp:1138 (test_move_nodes_fast+0xc8b0)
    #7 RunStage4AAndCheck tests/test_move_nodes_fast.cpp:201 (test_move_nodes_fast+0x2b4c1)
    #8 TestStage4ABasicAndEdgeCases tests/test_move_nodes_fast.cpp:471 (test_move_nodes_fast+0x2b8e7)
    #9 main tests/test_move_nodes_fast.cpp:674 (test_move_nodes_fast+0x2e2c8)

  Location is stack of main thread.

  Location is global '<null>' at 0x000000000000 ([stack]+0x00000001f3d0)

  Thread T3 (tid=6, running) created by main thread at:
    #0 pthread_create ../../../../src/libsanitizer/tsan/tsan_interceptors_posix.cpp:969 (libtsan.so.0+0x605b8)
    #1 <null> <null> (libgomp.so.1+0x1e25f)
    #2 RunStage4AAndCheck tests/test_move_nodes_fast.cpp:201 (test_move_nodes_fast+0x2b4c1)
    #3 TestStage4ABasicAndEdgeCases tests/test_move_nodes_fast.cpp:464 (test_move_nodes_fast+0x2b7d4)
    #4 main tests/test_move_nodes_fast.cpp:674 (test_move_nodes_fast+0x2e2c8)

SUMMARY: ThreadSanitizer: data race /usr/include/c++/11/bits/stl_vector.h:919 in std::vector<double, std::allocator<double> >::size() const
==================
==================
WARNING: ThreadSanitizer: data race (pid=2)
  Read of size 8 at 0x7ffd2222e3c8 by thread T2:
    #0 std::vector<double, std::allocator<double> >::size() const /usr/include/c++/11/bits/stl_vector.h:919 (test_move_nodes_fast+0xc08a)
    #1 MoveNodesFastParallelStage4A(SimpleGraph const&, LeidenGraphStats const&, LeidenPartition, QualityFunction const&, unsigned long, unsigned long, LeidenOptions const*) [clone ._omp_fn.0] /home/stomo/WorkSpace/MyLeiden/Leiden.cpp:1172 (test_move_nodes_fast+0xc08a)
    #2 <null> <null> (libgomp.so.1+0x1dc0d)

  Previous write of size 8 at 0x7ffd2222e3c8 by main thread:
    #0 std::_Vector_base<double, std::allocator<double> >::_Vector_impl_data::_Vector_impl_data() /usr/include/c++/11/bits/stl_vector.h:98 (test_move_nodes_fast+0xc89f)
    #1 std::_Vector_base<double, std::allocator<double> >::_Vector_impl::_Vector_impl() /usr/include/c++/11/bits/stl_vector.h:133 (test_move_nodes_fast+0xc89f)
    #2 std::_Vector_base<double, std::allocator<double> >::_Vector_base() /usr/include/c++/11/bits/stl_vector.h:288 (test_move_nodes_fast+0xc89f)
    #3 std::vector<double, std::allocator<double> >::vector() /usr/include/c++/11/bits/stl_vector.h:487 (test_move_nodes_fast+0xc89f)
    #4 LeidenPartition::LeidenPartition() /home/stomo/WorkSpace/MyLeiden/LeidenTypes.hpp:21 (test_move_nodes_fast+0xc89f)
    #5 MoveNodesFastResult::MoveNodesFastResult() /home/stomo/WorkSpace/MyLeiden/Leiden.hpp:11 (test_move_nodes_fast+0xc89f)
    #6 MoveNodesFastParallelStage4A(SimpleGraph const&, LeidenGraphStats const&, LeidenPartition, QualityFunction const&, unsigned long, unsigned long, LeidenOptions const*) /home/stomo/WorkSpace/MyLeiden/Leiden.cpp:1138 (test_move_nodes_fast+0xc89f)
    #7 RunStage4AAndCheck tests/test_move_nodes_fast.cpp:201 (test_move_nodes_fast+0x2b4c1)
    #8 TestStage4ABasicAndEdgeCases tests/test_move_nodes_fast.cpp:471 (test_move_nodes_fast+0x2b8e7)
    #9 main tests/test_move_nodes_fast.cpp:674 (test_move_nodes_fast+0x2e2c8)

  Location is stack of main thread.

  Location is global '<null>' at 0x000000000000 ([stack]+0x00000001f3c8)

  Thread T2 (tid=5, running) created by main thread at:
    #0 pthread_create ../../../../src/libsanitizer/tsan/tsan_interceptors_posix.cpp:969 (libtsan.so.0+0x605b8)
    #1 <null> <null> (libgomp.so.1+0x1e25f)
    #2 RunStage4AAndCheck tests/test_move_nodes_fast.cpp:201 (test_move_nodes_fast+0x2b4c1)
    #3 TestStage4ABasicAndEdgeCases tests/test_move_nodes_fast.cpp:464 (test_move_nodes_fast+0x2b7d4)
    #4 main tests/test_move_nodes_fast.cpp:674 (test_move_nodes_fast+0x2e2c8)

SUMMARY: ThreadSanitizer: data race /usr/include/c++/11/bits/stl_vector.h:919 in std::vector<double, std::allocator<double> >::size() const
==================
==================
WARNING: ThreadSanitizer: data race (pid=2)
  Read of size 8 at 0x7ffd2222df20 by thread T1:
    #0 std::vector<unsigned char, std::allocator<unsigned char> >::operator[](unsigned long) /usr/include/c++/11/bits/stl_vector.h:1046 (test_move_nodes_fast+0xc545)
    #1 MoveNodesFastParallelStage4A(SimpleGraph const&, LeidenGraphStats const&, LeidenPartition, QualityFunction const&, unsigned long, unsigned long, LeidenOptions const*) [clone ._omp_fn.0] /home/stomo/WorkSpace/MyLeiden/Leiden.cpp:1180 (test_move_nodes_fast+0xc545)
    #2 <null> <null> (libgomp.so.1+0x1dc0d)

  Previous write of size 8 at 0x7ffd2222df20 by main thread:
    #0 std::_Vector_base<unsigned char, std::allocator<unsigned char> >::_Vector_impl_data::_Vector_impl_data() /usr/include/c++/11/bits/stl_vector.h:98 (test_move_nodes_fast+0xc9db)
    #1 std::_Vector_base<unsigned char, std::allocator<unsigned char> >::_Vector_impl::_Vector_impl(std::allocator<unsigned char> const&) /usr/include/c++/11/bits/stl_vector.h:137 (test_move_nodes_fast+0xc9db)
    #2 std::_Vector_base<unsigned char, std::allocator<unsigned char> >::_Vector_base(unsigned long, std::allocator<unsigned char> const&) /usr/include/c++/11/bits/stl_vector.h:304 (test_move_nodes_fast+0xc9db)
    #3 std::vector<unsigned char, std::allocator<unsigned char> >::vector(unsigned long, unsigned char const&, std::allocator<unsigned char> const&) /usr/include/c++/11/bits/stl_vector.h:524 (test_move_nodes_fast+0xc9db)
    #4 MoveNodesFastParallelStage4A(SimpleGraph const&, LeidenGraphStats const&, LeidenPartition, QualityFunction const&, unsigned long, unsigned long, LeidenOptions const*) /home/stomo/WorkSpace/MyLeiden/Leiden.cpp:1142 (test_move_nodes_fast+0xc9db)
    #5 RunStage4AAndCheck tests/test_move_nodes_fast.cpp:201 (test_move_nodes_fast+0x2b4c1)
    #6 TestStage4ABasicAndEdgeCases tests/test_move_nodes_fast.cpp:466 (test_move_nodes_fast+0x2b850)
    #7 main tests/test_move_nodes_fast.cpp:674 (test_move_nodes_fast+0x2e2c8)

  Location is stack of main thread.

  Location is global '<null>' at 0x000000000000 ([stack]+0x00000001ef20)

  Thread T1 (tid=4, running) created by main thread at:
    #0 pthread_create ../../../../src/libsanitizer/tsan/tsan_interceptors_posix.cpp:969 (libtsan.so.0+0x605b8)
    #1 <null> <null> (libgomp.so.1+0x1e25f)
    #2 RunStage4AAndCheck tests/test_move_nodes_fast.cpp:201 (test_move_nodes_fast+0x2b4c1)
    #3 TestStage4ABasicAndEdgeCases tests/test_move_nodes_fast.cpp:464 (test_move_nodes_fast+0x2b7d4)
    #4 main tests/test_move_nodes_fast.cpp:674 (test_move_nodes_fast+0x2e2c8)

SUMMARY: ThreadSanitizer: data race /usr/include/c++/11/bits/stl_vector.h:1046 in std::vector<unsigned char, std::allocator<unsigned char> >::operator[](unsigned long)
==================
==================
WARNING: ThreadSanitizer: data race (pid=2)
  Read of size 1 at 0x7b04000000f0 by thread T1:
    #0 MoveNodesFastParallelStage4A(SimpleGraph const&, LeidenGraphStats const&, LeidenPartition, QualityFunction const&, unsigned long, unsigned long, LeidenOptions const*) [clone ._omp_fn.0] /home/stomo/WorkSpace/MyLeiden/Leiden.cpp:1180 (test_move_nodes_fast+0xc55a)
    #1 <null> <null> (libgomp.so.1+0x1dc0d)

  Previous write of size 8 at 0x7b04000000f0 by main thread:
    #0 operator new(unsigned long) ../../../../src/libsanitizer/tsan/tsan_new_delete.cpp:64 (libtsan.so.0+0x8f162)
    #1 __gnu_cxx::new_allocator<unsigned char>::allocate(unsigned long, void const*) /usr/include/c++/11/ext/new_allocator.h:127 (test_move_nodes_fast+0xca2c)
    #2 std::allocator_traits<std::allocator<unsigned char> >::allocate(std::allocator<unsigned char>&, unsigned long) /usr/include/c++/11/bits/alloc_traits.h:464 (test_move_nodes_fast+0xca2c)
    #3 std::_Vector_base<unsigned char, std::allocator<unsigned char> >::_M_allocate(unsigned long) /usr/include/c++/11/bits/stl_vector.h:346 (test_move_nodes_fast+0xca2c)
    #4 std::_Vector_base<unsigned char, std::allocator<unsigned char> >::_M_create_storage(unsigned long) /usr/include/c++/11/bits/stl_vector.h:361 (test_move_nodes_fast+0xca2c)
    #5 std::_Vector_base<unsigned char, std::allocator<unsigned char> >::_Vector_base(unsigned long, std::allocator<unsigned char> const&) /usr/include/c++/11/bits/stl_vector.h:305 (test_move_nodes_fast+0xca2c)
    #6 std::vector<unsigned char, std::allocator<unsigned char> >::vector(unsigned long, unsigned char const&, std::allocator<unsigned char> const&) /usr/include/c++/11/bits/stl_vector.h:524 (test_move_nodes_fast+0xca2c)
    #7 MoveNodesFastParallelStage4A(SimpleGraph const&, LeidenGraphStats const&, LeidenPartition, QualityFunction const&, unsigned long, unsigned long, LeidenOptions const*) /home/stomo/WorkSpace/MyLeiden/Leiden.cpp:1142 (test_move_nodes_fast+0xca2c)
    #8 RunStage4AAndCheck tests/test_move_nodes_fast.cpp:201 (test_move_nodes_fast+0x2b4c1)
    #9 TestStage4ABasicAndEdgeCases tests/test_move_nodes_fast.cpp:471 (test_move_nodes_fast+0x2b8e7)
    #10 main tests/test_move_nodes_fast.cpp:674 (test_move_nodes_fast+0x2e2c8)

  Location is heap block of size 2 at 0x7b04000000f0 allocated by main thread:
    #0 operator new(unsigned long) ../../../../src/libsanitizer/tsan/tsan_new_delete.cpp:64 (libtsan.so.0+0x8f162)
    #1 __gnu_cxx::new_allocator<unsigned char>::allocate(unsigned long, void const*) /usr/include/c++/11/ext/new_allocator.h:127 (test_move_nodes_fast+0xca2c)
    #2 std::allocator_traits<std::allocator<unsigned char> >::allocate(std::allocator<unsigned char>&, unsigned long) /usr/include/c++/11/bits/alloc_traits.h:464 (test_move_nodes_fast+0xca2c)
    #3 std::_Vector_base<unsigned char, std::allocator<unsigned char> >::_M_allocate(unsigned long) /usr/include/c++/11/bits/stl_vector.h:346 (test_move_nodes_fast+0xca2c)
    #4 std::_Vector_base<unsigned char, std::allocator<unsigned char> >::_M_create_storage(unsigned long) /usr/include/c++/11/bits/stl_vector.h:361 (test_move_nodes_fast+0xca2c)
    #5 std::_Vector_base<unsigned char, std::allocator<unsigned char> >::_Vector_base(unsigned long, std::allocator<unsigned char> const&) /usr/include/c++/11/bits/stl_vector.h:305 (test_move_nodes_fast+0xca2c)
    #6 std::vector<unsigned char, std::allocator<unsigned char> >::vector(unsigned long, unsigned char const&, std::allocator<unsigned char> const&) /usr/include/c++/11/bits/stl_vector.h:524 (test_move_nodes_fast+0xca2c)
    #7 MoveNodesFastParallelStage4A(SimpleGraph const&, LeidenGraphStats const&, LeidenPartition, QualityFunction const&, unsigned long, unsigned long, LeidenOptions const*) /home/stomo/WorkSpace/MyLeiden/Leiden.cpp:1142 (test_move_nodes_fast+0xca2c)
    #8 RunStage4AAndCheck tests/test_move_nodes_fast.cpp:201 (test_move_nodes_fast+0x2b4c1)
    #9 TestStage4ABasicAndEdgeCases tests/test_move_nodes_fast.cpp:471 (test_move_nodes_fast+0x2b8e7)
    #10 main tests/test_move_nodes_fast.cpp:674 (test_move_nodes_fast+0x2e2c8)

  Thread T1 (tid=4, running) created by main thread at:
    #0 pthread_create ../../../../src/libsanitizer/tsan/tsan_interceptors_posix.cpp:969 (libtsan.so.0+0x605b8)
    #1 <null> <null> (libgomp.so.1+0x1e25f)
    #2 RunStage4AAndCheck tests/test_move_nodes_fast.cpp:201 (test_move_nodes_fast+0x2b4c1)
    #3 TestStage4ABasicAndEdgeCases tests/test_move_nodes_fast.cpp:464 (test_move_nodes_fast+0x2b7d4)
    #4 main tests/test_move_nodes_fast.cpp:674 (test_move_nodes_fast+0x2e2c8)

SUMMARY: ThreadSanitizer: data race /home/stomo/WorkSpace/MyLeiden/Leiden.cpp:1180 in MoveNodesFastParallelStage4A(SimpleGraph const&, LeidenGraphStats const&, LeidenPartition, QualityFunction const&, unsigned long, unsigned long, LeidenOptions const*) [clone ._omp_fn.0]
==================
==================
WARNING: ThreadSanitizer: data race (pid=2)
  Read of size 8 at 0x7ffd2222e3b0 by thread T1:
    #0 std::vector<int, std::allocator<int> >::operator[](unsigned long) /usr/include/c++/11/bits/stl_vector.h:1046 (test_move_nodes_fast+0xc582)
    #1 MoveNodesFastParallelStage4A(SimpleGraph const&, LeidenGraphStats const&, LeidenPartition, QualityFunction const&, unsigned long, unsigned long, LeidenOptions const*) [clone ._omp_fn.0] /home/stomo/WorkSpace/MyLeiden/Leiden.cpp:1187 (test_move_nodes_fast+0xc582)
    #2 <null> <null> (libgomp.so.1+0x1dc0d)

  Previous write of size 8 at 0x7ffd2222e3b0 by main thread:
    #0 std::_Vector_base<int, std::allocator<int> >::_Vector_impl_data::_Vector_impl_data() /usr/include/c++/11/bits/stl_vector.h:98 (test_move_nodes_fast+0xc86d)
    #1 std::_Vector_base<int, std::allocator<int> >::_Vector_impl::_Vector_impl() /usr/include/c++/11/bits/stl_vector.h:133 (test_move_nodes_fast+0xc86d)
    #2 std::_Vector_base<int, std::allocator<int> >::_Vector_base() /usr/include/c++/11/bits/stl_vector.h:288 (test_move_nodes_fast+0xc86d)
    #3 std::vector<int, std::allocator<int> >::vector() /usr/include/c++/11/bits/stl_vector.h:487 (test_move_nodes_fast+0xc86d)
    #4 LeidenPartition::LeidenPartition() /home/stomo/WorkSpace/MyLeiden/LeidenTypes.hpp:21 (test_move_nodes_fast+0xc86d)
    #5 MoveNodesFastResult::MoveNodesFastResult() /home/stomo/WorkSpace/MyLeiden/Leiden.hpp:11 (test_move_nodes_fast+0xc86d)
    #6 MoveNodesFastParallelStage4A(SimpleGraph const&, LeidenGraphStats const&, LeidenPartition, QualityFunction const&, unsigned long, unsigned long, LeidenOptions const*) /home/stomo/WorkSpace/MyLeiden/Leiden.cpp:1138 (test_move_nodes_fast+0xc86d)
    #7 RunStage4AAndCheck tests/test_move_nodes_fast.cpp:201 (test_move_nodes_fast+0x2b4c1)
    #8 TestStage4ABasicAndEdgeCases tests/test_move_nodes_fast.cpp:471 (test_move_nodes_fast+0x2b8e7)
    #9 main tests/test_move_nodes_fast.cpp:674 (test_move_nodes_fast+0x2e2c8)

  Location is stack of main thread.

  Location is global '<null>' at 0x000000000000 ([stack]+0x00000001f3b0)

  Thread T1 (tid=4, running) created by main thread at:
    #0 pthread_create ../../../../src/libsanitizer/tsan/tsan_interceptors_posix.cpp:969 (libtsan.so.0+0x605b8)
    #1 <null> <null> (libgomp.so.1+0x1e25f)
    #2 RunStage4AAndCheck tests/test_move_nodes_fast.cpp:201 (test_move_nodes_fast+0x2b4c1)
    #3 TestStage4ABasicAndEdgeCases tests/test_move_nodes_fast.cpp:464 (test_move_nodes_fast+0x2b7d4)
    #4 main tests/test_move_nodes_fast.cpp:674 (test_move_nodes_fast+0x2e2c8)

SUMMARY: ThreadSanitizer: data race /usr/include/c++/11/bits/stl_vector.h:1046 in std::vector<int, std::allocator<int> >::operator[](unsigned long)
==================
==================
WARNING: ThreadSanitizer: data race (pid=2)
  Read of size 4 at 0x7b04000000a0 by thread T1:
    #0 MoveNodesFastParallelStage4A(SimpleGraph const&, LeidenGraphStats const&, LeidenPartition, QualityFunction const&, unsigned long, unsigned long, LeidenOptions const*) [clone ._omp_fn.0] /home/stomo/WorkSpace/MyLeiden/Leiden.cpp:1187 (test_move_nodes_fast+0xc598)
    #1 <null> <null> (libgomp.so.1+0x1dc0d)

  Previous write of size 8 at 0x7b04000000a0 by main thread:
    #0 operator new(unsigned long) ../../../../src/libsanitizer/tsan/tsan_new_delete.cpp:64 (libtsan.so.0+0x8f162)
    #1 __gnu_cxx::new_allocator<int>::allocate(unsigned long, void const*) /usr/include/c++/11/ext/new_allocator.h:127 (test_move_nodes_fast+0x2e705)
    #2 std::allocator_traits<std::allocator<int> >::allocate(std::allocator<int>&, unsigned long) /usr/include/c++/11/bits/alloc_traits.h:464 (test_move_nodes_fast+0x2e705)
    #3 std::_Vector_base<int, std::allocator<int> >::_M_allocate(unsigned long) /usr/include/c++/11/bits/stl_vector.h:346 (test_move_nodes_fast+0x2e705)
    #4 std::_Vector_base<int, std::allocator<int> >::_M_create_storage(unsigned long) /usr/include/c++/11/bits/stl_vector.h:361 (test_move_nodes_fast+0x2e705)
    #5 std::_Vector_base<int, std::allocator<int> >::_Vector_base(unsigned long, std::allocator<int> const&) /usr/include/c++/11/bits/stl_vector.h:305 (test_move_nodes_fast+0x2e705)
    #6 std::vector<int, std::allocator<int> >::vector(std::vector<int, std::allocator<int> > const&) /usr/include/c++/11/bits/stl_vector.h:555 (test_move_nodes_fast+0x2e705)
    #7 LeidenPartition::LeidenPartition(LeidenPartition const&) LeidenTypes.hpp:21 (test_move_nodes_fast+0x2e705)
    #8 RunStage4AAndCheck tests/test_move_nodes_fast.cpp:201 (test_move_nodes_fast+0x2b499)
    #9 TestStage4ABasicAndEdgeCases tests/test_move_nodes_fast.cpp:471 (test_move_nodes_fast+0x2b8e7)
    #10 main tests/test_move_nodes_fast.cpp:674 (test_move_nodes_fast+0x2e2c8)

  Location is heap block of size 8 at 0x7b04000000a0 allocated by main thread:
    #0 operator new(unsigned long) ../../../../src/libsanitizer/tsan/tsan_new_delete.cpp:64 (libtsan.so.0+0x8f162)
    #1 __gnu_cxx::new_allocator<int>::allocate(unsigned long, void const*) /usr/include/c++/11/ext/new_allocator.h:127 (test_move_nodes_fast+0x2e705)
    #2 std::allocator_traits<std::allocator<int> >::allocate(std::allocator<int>&, unsigned long) /usr/include/c++/11/bits/alloc_traits.h:464 (test_move_nodes_fast+0x2e705)
    #3 std::_Vector_base<int, std::allocator<int> >::_M_allocate(unsigned long) /usr/include/c++/11/bits/stl_vector.h:346 (test_move_nodes_fast+0x2e705)
    #4 std::_Vector_base<int, std::allocator<int> >::_M_create_storage(unsigned long) /usr/include/c++/11/bits/stl_vector.h:361 (test_move_nodes_fast+0x2e705)
    #5 std::_Vector_base<int, std::allocator<int> >::_Vector_base(unsigned long, std::allocator<int> const&) /usr/include/c++/11/bits/stl_vector.h:305 (test_move_nodes_fast+0x2e705)
    #6 std::vector<int, std::allocator<int> >::vector(std::vector<int, std::allocator<int> > const&) /usr/include/c++/11/bits/stl_vector.h:555 (test_move_nodes_fast+0x2e705)
    #7 LeidenPartition::LeidenPartition(LeidenPartition const&) LeidenTypes.hpp:21 (test_move_nodes_fast+0x2e705)
    #8 RunStage4AAndCheck tests/test_move_nodes_fast.cpp:201 (test_move_nodes_fast+0x2b499)
    #9 TestStage4ABasicAndEdgeCases tests/test_move_nodes_fast.cpp:471 (test_move_nodes_fast+0x2b8e7)
    #10 main tests/test_move_nodes_fast.cpp:674 (test_move_nodes_fast+0x2e2c8)

  Thread T1 (tid=4, running) created by main thread at:
    #0 pthread_create ../../../../src/libsanitizer/tsan/tsan_interceptors_posix.cpp:969 (libtsan.so.0+0x605b8)
    #1 <null> <null> (libgomp.so.1+0x1e25f)
    #2 RunStage4AAndCheck tests/test_move_nodes_fast.cpp:201 (test_move_nodes_fast+0x2b4c1)
    #3 TestStage4ABasicAndEdgeCases tests/test_move_nodes_fast.cpp:464 (test_move_nodes_fast+0x2b7d4)
    #4 main tests/test_move_nodes_fast.cpp:674 (test_move_nodes_fast+0x2e2c8)

SUMMARY: ThreadSanitizer: data race /home/stomo/WorkSpace/MyLeiden/Leiden.cpp:1187 in MoveNodesFastParallelStage4A(SimpleGraph const&, LeidenGraphStats const&, LeidenPartition, QualityFunction const&, unsigned long, unsigned long, LeidenOptions const*) [clone ._omp_fn.0]
==================
==================
WARNING: ThreadSanitizer: data race (pid=2)
  Read of size 8 at 0x7ffd2222dfc0 by thread T1:
    #0 MoveNodesFastParallelStage4A(SimpleGraph const&, LeidenGraphStats const&, LeidenPartition, QualityFunction const&, unsigned long, unsigned long, LeidenOptions const*) [clone ._omp_fn.0] /home/stomo/WorkSpace/MyLeiden/Leiden.cpp:1191 (test_move_nodes_fast+0xc5bc)
    #1 <null> <null> (libgomp.so.1+0x1dc0d)

  Previous write of size 8 at 0x7ffd2222dfc0 by main thread:
    #0 std::_Vector_base<double, std::allocator<double> >::_Vector_impl_data::_Vector_impl_data() /usr/include/c++/11/bits/stl_vector.h:98 (test_move_nodes_fast+0xd92f)
    #1 std::_Vector_base<double, std::allocator<double> >::_Vector_impl::_Vector_impl() /usr/include/c++/11/bits/stl_vector.h:133 (test_move_nodes_fast+0xd92f)
    #2 std::_Vector_base<double, std::allocator<double> >::_Vector_base() /usr/include/c++/11/bits/stl_vector.h:288 (test_move_nodes_fast+0xd92f)
    #3 std::vector<double, std::allocator<double> >::vector() /usr/include/c++/11/bits/stl_vector.h:487 (test_move_nodes_fast+0xd92f)
    #4 NeighborCommunityScratch::NeighborCommunityScratch() /home/stomo/WorkSpace/MyLeiden/QualityFunction.hpp:123 (test_move_nodes_fast+0xd92f)
    #5 MoveNodesFastParallelStage4A(SimpleGraph const&, LeidenGraphStats const&, LeidenPartition, QualityFunction const&, unsigned long, unsigned long, LeidenOptions const*) /home/stomo/WorkSpace/MyLeiden/Leiden.cpp:1258 (test_move_nodes_fast+0xd92f)
    #6 RunStage4AAndCheck tests/test_move_nodes_fast.cpp:201 (test_move_nodes_fast+0x2b4c1)
    #7 TestStage4ABasicAndEdgeCases tests/test_move_nodes_fast.cpp:464 (test_move_nodes_fast+0x2b7d4)
    #8 main tests/test_move_nodes_fast.cpp:674 (test_move_nodes_fast+0x2e2c8)

  Location is stack of main thread.

  Location is global '<null>' at 0x000000000000 ([stack]+0x00000001efc0)

  Thread T1 (tid=4, running) created by main thread at:
    #0 pthread_create ../../../../src/libsanitizer/tsan/tsan_interceptors_posix.cpp:969 (libtsan.so.0+0x605b8)
    #1 <null> <null> (libgomp.so.1+0x1e25f)
    #2 RunStage4AAndCheck tests/test_move_nodes_fast.cpp:201 (test_move_nodes_fast+0x2b4c1)
    #3 TestStage4ABasicAndEdgeCases tests/test_move_nodes_fast.cpp:464 (test_move_nodes_fast+0x2b7d4)
    #4 main tests/test_move_nodes_fast.cpp:674 (test_move_nodes_fast+0x2e2c8)

SUMMARY: ThreadSanitizer: data race /home/stomo/WorkSpace/MyLeiden/Leiden.cpp:1191 in MoveNodesFastParallelStage4A(SimpleGraph const&, LeidenGraphStats const&, LeidenPartition, QualityFunction const&, unsigned long, unsigned long, LeidenOptions const*) [clone ._omp_fn.0]
==================
==================
WARNING: ThreadSanitizer: data race (pid=2)
  Read of size 4 at 0x7ffd2222e270 by thread T1:
    #0 num_vertices(SimpleGraph const&) common/Types.hpp:32 (test_move_nodes_fast+0x639b)
    #1 ValidateVertex(int, SimpleGraph const&) /home/stomo/WorkSpace/MyLeiden/LeidenTypes.hpp:39 (test_move_nodes_fast+0x639b)
    #2 BuildNeighborCommunityWeights(SimpleGraph const&, LeidenPartition const&, int, NeighborCommunityScratch&) /home/stomo/WorkSpace/MyLeiden/QualityFunction.cpp:169 (test_move_nodes_fast+0x639b)
    #3 MoveNodesFastParallelStage4A(SimpleGraph const&, LeidenGraphStats const&, LeidenPartition, QualityFunction const&, unsigned long, unsigned long, LeidenOptions const*) [clone ._omp_fn.0] /home/stomo/WorkSpace/MyLeiden/Leiden.cpp:1191 (test_move_nodes_fast+0xc5d4)
    #4 <null> <null> (libgomp.so.1+0x1dc0d)

  Previous write of size 4 at 0x7ffd2222e270 by main thread:
    #0 SimpleGraph::SimpleGraph(int) common/Types.hpp:16 (test_move_nodes_fast+0x2e3a0)
    #1 MakeGraph(int) common/Types.hpp:27 (test_move_nodes_fast+0x2b886)
    #2 TestStage4ABasicAndEdgeCases tests/test_move_nodes_fast.cpp:469 (test_move_nodes_fast+0x2b886)
    #3 main tests/test_move_nodes_fast.cpp:674 (test_move_nodes_fast+0x2e2c8)

  Location is stack of main thread.

  Location is global '<null>' at 0x000000000000 ([stack]+0x00000001f270)

  Thread T1 (tid=4, running) created by main thread at:
    #0 pthread_create ../../../../src/libsanitizer/tsan/tsan_interceptors_posix.cpp:969 (libtsan.so.0+0x605b8)
    #1 <null> <null> (libgomp.so.1+0x1e25f)
    #2 RunStage4AAndCheck tests/test_move_nodes_fast.cpp:201 (test_move_nodes_fast+0x2b4c1)
    #3 TestStage4ABasicAndEdgeCases tests/test_move_nodes_fast.cpp:464 (test_move_nodes_fast+0x2b7d4)
    #4 main tests/test_move_nodes_fast.cpp:674 (test_move_nodes_fast+0x2e2c8)

SUMMARY: ThreadSanitizer: data race common/Types.hpp:32 in num_vertices(SimpleGraph const&)
==================
==================
WARNING: ThreadSanitizer: data race (pid=2)
  Read of size 8 at 0x7ffd2222e3b8 by thread T1:
    #0 std::vector<int, std::allocator<int> >::size() const /usr/include/c++/11/bits/stl_vector.h:919 (test_move_nodes_fast+0x432e)
    #1 ValidatePartitionSize /home/stomo/WorkSpace/MyLeiden/QualityFunction.cpp:34 (test_move_nodes_fast+0x432e)
    #2 BuildNeighborCommunityWeights(SimpleGraph const&, LeidenPartition const&, int, NeighborCommunityScratch&) /home/stomo/WorkSpace/MyLeiden/QualityFunction.cpp:170 (test_move_nodes_fast+0x63ac)
    #3 MoveNodesFastParallelStage4A(SimpleGraph const&, LeidenGraphStats const&, LeidenPartition, QualityFunction const&, unsigned long, unsigned long, LeidenOptions const*) [clone ._omp_fn.0] /home/stomo/WorkSpace/MyLeiden/Leiden.cpp:1191 (test_move_nodes_fast+0xc5d4)
    #4 <null> <null> (libgomp.so.1+0x1dc0d)

  Previous write of size 8 at 0x7ffd2222e3b8 by main thread:
    #0 std::_Vector_base<int, std::allocator<int> >::_Vector_impl_data::_Vector_impl_data() /usr/include/c++/11/bits/stl_vector.h:98 (test_move_nodes_fast+0xc87d)
    #1 std::_Vector_base<int, std::allocator<int> >::_Vector_impl::_Vector_impl() /usr/include/c++/11/bits/stl_vector.h:133 (test_move_nodes_fast+0xc87d)
    #2 std::_Vector_base<int, std::allocator<int> >::_Vector_base() /usr/include/c++/11/bits/stl_vector.h:288 (test_move_nodes_fast+0xc87d)
    #3 std::vector<int, std::allocator<int> >::vector() /usr/include/c++/11/bits/stl_vector.h:487 (test_move_nodes_fast+0xc87d)
    #4 LeidenPartition::LeidenPartition() /home/stomo/WorkSpace/MyLeiden/LeidenTypes.hpp:21 (test_move_nodes_fast+0xc87d)
    #5 MoveNodesFastResult::MoveNodesFastResult() /home/stomo/WorkSpace/MyLeiden/Leiden.hpp:11 (test_move_nodes_fast+0xc87d)
    #6 MoveNodesFastParallelStage4A(SimpleGraph const&, LeidenGraphStats const&, LeidenPartition, QualityFunction const&, unsigned long, unsigned long, LeidenOptions const*) /home/stomo/WorkSpace/MyLeiden/Leiden.cpp:1138 (test_move_nodes_fast+0xc87d)
    #7 RunStage4AAndCheck tests/test_move_nodes_fast.cpp:201 (test_move_nodes_fast+0x2b4c1)
    #8 TestStage4ABasicAndEdgeCases tests/test_move_nodes_fast.cpp:471 (test_move_nodes_fast+0x2b8e7)
    #9 main tests/test_move_nodes_fast.cpp:674 (test_move_nodes_fast+0x2e2c8)

  Location is stack of main thread.

  Location is global '<null>' at 0x000000000000 ([stack]+0x00000001f3b8)

  Thread T1 (tid=4, running) created by main thread at:
    #0 pthread_create ../../../../src/libsanitizer/tsan/tsan_interceptors_posix.cpp:969 (libtsan.so.0+0x605b8)
    #1 <null> <null> (libgomp.so.1+0x1e25f)
    #2 RunStage4AAndCheck tests/test_move_nodes_fast.cpp:201 (test_move_nodes_fast+0x2b4c1)
    #3 TestStage4ABasicAndEdgeCases tests/test_move_nodes_fast.cpp:464 (test_move_nodes_fast+0x2b7d4)
    #4 main tests/test_move_nodes_fast.cpp:674 (test_move_nodes_fast+0x2e2c8)

SUMMARY: ThreadSanitizer: data race /usr/include/c++/11/bits/stl_vector.h:919 in std::vector<int, std::allocator<int> >::size() const
==================
==================
WARNING: ThreadSanitizer: data race (pid=2)
  Read of size 8 at 0x7ffd2222e3e8 by thread T1:
    #0 std::vector<double, std::allocator<double> >::size() const /usr/include/c++/11/bits/stl_vector.h:919 (test_move_nodes_fast+0x4384)
    #1 ValidatePartitionSize /home/stomo/WorkSpace/MyLeiden/QualityFunction.cpp:38 (test_move_nodes_fast+0x4384)
    #2 BuildNeighborCommunityWeights(SimpleGraph const&, LeidenPartition const&, int, NeighborCommunityScratch&) /home/stomo/WorkSpace/MyLeiden/QualityFunction.cpp:170 (test_move_nodes_fast+0x63ac)
    #3 MoveNodesFastParallelStage4A(SimpleGraph const&, LeidenGraphStats const&, LeidenPartition, QualityFunction const&, unsigned long, unsigned long, LeidenOptions const*) [clone ._omp_fn.0] /home/stomo/WorkSpace/MyLeiden/Leiden.cpp:1191 (test_move_nodes_fast+0xc5d4)
    #4 <null> <null> (libgomp.so.1+0x1dc0d)

  Previous write of size 8 at 0x7ffd2222e3e8 by main thread:
    #0 std::_Vector_base<double, std::allocator<double> >::_Vector_impl_data::_Vector_impl_data() /usr/include/c++/11/bits/stl_vector.h:98 (test_move_nodes_fast+0xc8e3)
    #1 std::_Vector_base<double, std::allocator<double> >::_Vector_impl::_Vector_impl() /usr/include/c++/11/bits/stl_vector.h:133 (test_move_nodes_fast+0xc8e3)
    #2 std::_Vector_base<double, std::allocator<double> >::_Vector_base() /usr/include/c++/11/bits/stl_vector.h:288 (test_move_nodes_fast+0xc8e3)
    #3 std::vector<double, std::allocator<double> >::vector() /usr/include/c++/11/bits/stl_vector.h:487 (test_move_nodes_fast+0xc8e3)
    #4 LeidenPartition::LeidenPartition() /home/stomo/WorkSpace/MyLeiden/LeidenTypes.hpp:21 (test_move_nodes_fast+0xc8e3)
    #5 MoveNodesFastResult::MoveNodesFastResult() /home/stomo/WorkSpace/MyLeiden/Leiden.hpp:11 (test_move_nodes_fast+0xc8e3)
    #6 MoveNodesFastParallelStage4A(SimpleGraph const&, LeidenGraphStats const&, LeidenPartition, QualityFunction const&, unsigned long, unsigned long, LeidenOptions const*) /home/stomo/WorkSpace/MyLeiden/Leiden.cpp:1138 (test_move_nodes_fast+0xc8e3)
    #7 RunStage4AAndCheck tests/test_move_nodes_fast.cpp:201 (test_move_nodes_fast+0x2b4c1)
    #8 TestStage4ABasicAndEdgeCases tests/test_move_nodes_fast.cpp:471 (test_move_nodes_fast+0x2b8e7)
    #9 main tests/test_move_nodes_fast.cpp:674 (test_move_nodes_fast+0x2e2c8)

  Location is stack of main thread.

  Location is global '<null>' at 0x000000000000 ([stack]+0x00000001f3e8)

  Thread T1 (tid=4, running) created by main thread at:
    #0 pthread_create ../../../../src/libsanitizer/tsan/tsan_interceptors_posix.cpp:969 (libtsan.so.0+0x605b8)
    #1 <null> <null> (libgomp.so.1+0x1e25f)
    #2 RunStage4AAndCheck tests/test_move_nodes_fast.cpp:201 (test_move_nodes_fast+0x2b4c1)
    #3 TestStage4ABasicAndEdgeCases tests/test_move_nodes_fast.cpp:464 (test_move_nodes_fast+0x2b7d4)
    #4 main tests/test_move_nodes_fast.cpp:674 (test_move_nodes_fast+0x2e2c8)

SUMMARY: ThreadSanitizer: data race /usr/include/c++/11/bits/stl_vector.h:919 in std::vector<double, std::allocator<double> >::size() const
==================
==================
WARNING: ThreadSanitizer: data race (pid=2)
  Read of size 8 at 0x7ffd2222e3e0 by thread T1:
    #0 std::vector<double, std::allocator<double> >::size() const /usr/include/c++/11/bits/stl_vector.h:919 (test_move_nodes_fast+0x4390)
    #1 ValidatePartitionSize /home/stomo/WorkSpace/MyLeiden/QualityFunction.cpp:38 (test_move_nodes_fast+0x4390)
    #2 BuildNeighborCommunityWeights(SimpleGraph const&, LeidenPartition const&, int, NeighborCommunityScratch&) /home/stomo/WorkSpace/MyLeiden/QualityFunction.cpp:170 (test_move_nodes_fast+0x63ac)
    #3 MoveNodesFastParallelStage4A(SimpleGraph const&, LeidenGraphStats const&, LeidenPartition, QualityFunction const&, unsigned long, unsigned long, LeidenOptions const*) [clone ._omp_fn.0] /home/stomo/WorkSpace/MyLeiden/Leiden.cpp:1191 (test_move_nodes_fast+0xc5d4)
    #4 <null> <null> (libgomp.so.1+0x1dc0d)

  Previous write of size 8 at 0x7ffd2222e3e0 by main thread:
    #0 std::_Vector_base<double, std::allocator<double> >::_Vector_impl_data::_Vector_impl_data() /usr/include/c++/11/bits/stl_vector.h:98 (test_move_nodes_fast+0xc8d2)
    #1 std::_Vector_base<double, std::allocator<double> >::_Vector_impl::_Vector_impl() /usr/include/c++/11/bits/stl_vector.h:133 (test_move_nodes_fast+0xc8d2)
    #2 std::_Vector_base<double, std::allocator<double> >::_Vector_base() /usr/include/c++/11/bits/stl_vector.h:288 (test_move_nodes_fast+0xc8d2)
    #3 std::vector<double, std::allocator<double> >::vector() /usr/include/c++/11/bits/stl_vector.h:487 (test_move_nodes_fast+0xc8d2)
    #4 LeidenPartition::LeidenPartition() /home/stomo/WorkSpace/MyLeiden/LeidenTypes.hpp:21 (test_move_nodes_fast+0xc8d2)
    #5 MoveNodesFastResult::MoveNodesFastResult() /home/stomo/WorkSpace/MyLeiden/Leiden.hpp:11 (test_move_nodes_fast+0xc8d2)
    #6 MoveNodesFastParallelStage4A(SimpleGraph const&, LeidenGraphStats const&, LeidenPartition, QualityFunction const&, unsigned long, unsigned long, LeidenOptions const*) /home/stomo/WorkSpace/MyLeiden/Leiden.cpp:1138 (test_move_nodes_fast+0xc8d2)
    #7 RunStage4AAndCheck tests/test_move_nodes_fast.cpp:201 (test_move_nodes_fast+0x2b4c1)
    #8 TestStage4ABasicAndEdgeCases tests/test_move_nodes_fast.cpp:471 (test_move_nodes_fast+0x2b8e7)
    #9 main tests/test_move_nodes_fast.cpp:674 (test_move_nodes_fast+0x2e2c8)

  Location is stack of main thread.

  Location is global '<null>' at 0x000000000000 ([stack]+0x00000001f3e0)

  Thread T1 (tid=4, running) created by main thread at:
    #0 pthread_create ../../../../src/libsanitizer/tsan/tsan_interceptors_posix.cpp:969 (libtsan.so.0+0x605b8)
    #1 <null> <null> (libgomp.so.1+0x1e25f)
    #2 RunStage4AAndCheck tests/test_move_nodes_fast.cpp:201 (test_move_nodes_fast+0x2b4c1)
    #3 TestStage4ABasicAndEdgeCases tests/test_move_nodes_fast.cpp:464 (test_move_nodes_fast+0x2b7d4)
    #4 main tests/test_move_nodes_fast.cpp:674 (test_move_nodes_fast+0x2e2c8)

SUMMARY: ThreadSanitizer: data race /usr/include/c++/11/bits/stl_vector.h:919 in std::vector<double, std::allocator<double> >::size() const
==================
==================
WARNING: ThreadSanitizer: data race (pid=2)
  Read of size 8 at 0x7ffd2222e400 by thread T1:
    #0 std::vector<double, std::allocator<double> >::size() const /usr/include/c++/11/bits/stl_vector.h:919 (test_move_nodes_fast+0x43aa)
    #1 ValidatePartitionSize /home/stomo/WorkSpace/MyLeiden/QualityFunction.cpp:39 (test_move_nodes_fast+0x43aa)
    #2 BuildNeighborCommunityWeights(SimpleGraph const&, LeidenPartition const&, int, NeighborCommunityScratch&) /home/stomo/WorkSpace/MyLeiden/QualityFunction.cpp:170 (test_move_nodes_fast+0x63ac)
    #3 MoveNodesFastParallelStage4A(SimpleGraph const&, LeidenGraphStats const&, LeidenPartition, QualityFunction const&, unsigned long, unsigned long, LeidenOptions const*) [clone ._omp_fn.0] /home/stomo/WorkSpace/MyLeiden/Leiden.cpp:1191 (test_move_nodes_fast+0xc5d4)
    #4 <null> <null> (libgomp.so.1+0x1dc0d)

  Previous write of size 8 at 0x7ffd2222e400 by main thread:
    #0 std::_Vector_base<double, std::allocator<double> >::_Vector_impl_data::_Vector_impl_data() /usr/include/c++/11/bits/stl_vector.h:98 (test_move_nodes_fast+0xc916)
    #1 std::_Vector_base<double, std::allocator<double> >::_Vector_impl::_Vector_impl() /usr/include/c++/11/bits/stl_vector.h:133 (test_move_nodes_fast+0xc916)
    #2 std::_Vector_base<double, std::allocator<double> >::_Vector_base() /usr/include/c++/11/bits/stl_vector.h:288 (test_move_nodes_fast+0xc916)
    #3 std::vector<double, std::allocator<double> >::vector() /usr/include/c++/11/bits/stl_vector.h:487 (test_move_nodes_fast+0xc916)
    #4 LeidenPartition::LeidenPartition() /home/stomo/WorkSpace/MyLeiden/LeidenTypes.hpp:21 (test_move_nodes_fast+0xc916)
    #5 MoveNodesFastResult::MoveNodesFastResult() /home/stomo/WorkSpace/MyLeiden/Leiden.hpp:11 (test_move_nodes_fast+0xc916)
    #6 MoveNodesFastParallelStage4A(SimpleGraph const&, LeidenGraphStats const&, LeidenPartition, QualityFunction const&, unsigned long, unsigned long, LeidenOptions const*) /home/stomo/WorkSpace/MyLeiden/Leiden.cpp:1138 (test_move_nodes_fast+0xc916)
    #7 RunStage4AAndCheck tests/test_move_nodes_fast.cpp:201 (test_move_nodes_fast+0x2b4c1)
    #8 TestStage4ABasicAndEdgeCases tests/test_move_nodes_fast.cpp:471 (test_move_nodes_fast+0x2b8e7)
    #9 main tests/test_move_nodes_fast.cpp:674 (test_move_nodes_fast+0x2e2c8)

  Location is stack of main thread.

  Location is global '<null>' at 0x000000000000 ([stack]+0x00000001f400)

  Thread T1 (tid=4, running) created by main thread at:
    #0 pthread_create ../../../../src/libsanitizer/tsan/tsan_interceptors_posix.cpp:969 (libtsan.so.0+0x605b8)
    #1 <null> <null> (libgomp.so.1+0x1e25f)
    #2 RunStage4AAndCheck tests/test_move_nodes_fast.cpp:201 (test_move_nodes_fast+0x2b4c1)
    #3 TestStage4ABasicAndEdgeCases tests/test_move_nodes_fast.cpp:464 (test_move_nodes_fast+0x2b7d4)
    #4 main tests/test_move_nodes_fast.cpp:674 (test_move_nodes_fast+0x2e2c8)

SUMMARY: ThreadSanitizer: data race /usr/include/c++/11/bits/stl_vector.h:919 in std::vector<double, std::allocator<double> >::size() const
==================
==================
WARNING: ThreadSanitizer: data race (pid=2)
  Read of size 8 at 0x7ffd2222e3f8 by thread T1:
    #0 std::vector<double, std::allocator<double> >::size() const /usr/include/c++/11/bits/stl_vector.h:919 (test_move_nodes_fast+0x43b6)
    #1 ValidatePartitionSize /home/stomo/WorkSpace/MyLeiden/QualityFunction.cpp:39 (test_move_nodes_fast+0x43b6)
    #2 BuildNeighborCommunityWeights(SimpleGraph const&, LeidenPartition const&, int, NeighborCommunityScratch&) /home/stomo/WorkSpace/MyLeiden/QualityFunction.cpp:170 (test_move_nodes_fast+0x63ac)
    #3 MoveNodesFastParallelStage4A(SimpleGraph const&, LeidenGraphStats const&, LeidenPartition, QualityFunction const&, unsigned long, unsigned long, LeidenOptions const*) [clone ._omp_fn.0] /home/stomo/WorkSpace/MyLeiden/Leiden.cpp:1191 (test_move_nodes_fast+0xc5d4)
    #4 <null> <null> (libgomp.so.1+0x1dc0d)

  Previous write of size 8 at 0x7ffd2222e3f8 by main thread:
    #0 std::_Vector_base<double, std::allocator<double> >::_Vector_impl_data::_Vector_impl_data() /usr/include/c++/11/bits/stl_vector.h:98 (test_move_nodes_fast+0xc905)
    #1 std::_Vector_base<double, std::allocator<double> >::_Vector_impl::_Vector_impl() /usr/include/c++/11/bits/stl_vector.h:133 (test_move_nodes_fast+0xc905)
    #2 std::_Vector_base<double, std::allocator<double> >::_Vector_base() /usr/include/c++/11/bits/stl_vector.h:288 (test_move_nodes_fast+0xc905)
    #3 std::vector<double, std::allocator<double> >::vector() /usr/include/c++/11/bits/stl_vector.h:487 (test_move_nodes_fast+0xc905)
    #4 LeidenPartition::LeidenPartition() /home/stomo/WorkSpace/MyLeiden/LeidenTypes.hpp:21 (test_move_nodes_fast+0xc905)
    #5 MoveNodesFastResult::MoveNodesFastResult() /home/stomo/WorkSpace/MyLeiden/Leiden.hpp:11 (test_move_nodes_fast+0xc905)
    #6 MoveNodesFastParallelStage4A(SimpleGraph const&, LeidenGraphStats const&, LeidenPartition, QualityFunction const&, unsigned long, unsigned long, LeidenOptions const*) /home/stomo/WorkSpace/MyLeiden/Leiden.cpp:1138 (test_move_nodes_fast+0xc905)
    #7 RunStage4AAndCheck tests/test_move_nodes_fast.cpp:201 (test_move_nodes_fast+0x2b4c1)
    #8 TestStage4ABasicAndEdgeCases tests/test_move_nodes_fast.cpp:471 (test_move_nodes_fast+0x2b8e7)
    #9 main tests/test_move_nodes_fast.cpp:674 (test_move_nodes_fast+0x2e2c8)

  Location is stack of main thread.

  Location is global '<null>' at 0x000000000000 ([stack]+0x00000001f3f8)

  Thread T1 (tid=4, running) created by main thread at:
    #0 pthread_create ../../../../src/libsanitizer/tsan/tsan_interceptors_posix.cpp:969 (libtsan.so.0+0x605b8)
    #1 <null> <null> (libgomp.so.1+0x1e25f)
    #2 RunStage4AAndCheck tests/test_move_nodes_fast.cpp:201 (test_move_nodes_fast+0x2b4c1)
    #3 TestStage4ABasicAndEdgeCases tests/test_move_nodes_fast.cpp:464 (test_move_nodes_fast+0x2b7d4)
    #4 main tests/test_move_nodes_fast.cpp:674 (test_move_nodes_fast+0x2e2c8)

SUMMARY: ThreadSanitizer: data race /usr/include/c++/11/bits/stl_vector.h:919 in std::vector<double, std::allocator<double> >::size() const
==================
==================
WARNING: ThreadSanitizer: data race (pid=2)
  Read of size 8 at 0x7ffd2222e418 by thread T1:
    #0 std::vector<unsigned char, std::allocator<unsigned char> >::size() const /usr/include/c++/11/bits/stl_vector.h:919 (test_move_nodes_fast+0x43d0)
    #1 ValidatePartitionSize /home/stomo/WorkSpace/MyLeiden/QualityFunction.cpp:40 (test_move_nodes_fast+0x43d0)
    #2 BuildNeighborCommunityWeights(SimpleGraph const&, LeidenPartition const&, int, NeighborCommunityScratch&) /home/stomo/WorkSpace/MyLeiden/QualityFunction.cpp:170 (test_move_nodes_fast+0x63ac)
    #3 MoveNodesFastParallelStage4A(SimpleGraph const&, LeidenGraphStats const&, LeidenPartition, QualityFunction const&, unsigned long, unsigned long, LeidenOptions const*) [clone ._omp_fn.0] /home/stomo/WorkSpace/MyLeiden/Leiden.cpp:1191 (test_move_nodes_fast+0xc5d4)
    #4 <null> <null> (libgomp.so.1+0x1dc0d)

  Previous write of size 8 at 0x7ffd2222e418 by main thread:
    #0 std::_Vector_base<unsigned char, std::allocator<unsigned char> >::_Vector_impl_data::_Vector_impl_data() /usr/include/c++/11/bits/stl_vector.h:98 (test_move_nodes_fast+0xc949)
    #1 std::_Vector_base<unsigned char, std::allocator<unsigned char> >::_Vector_impl::_Vector_impl() /usr/include/c++/11/bits/stl_vector.h:133 (test_move_nodes_fast+0xc949)
    #2 std::_Vector_base<unsigned char, std::allocator<unsigned char> >::_Vector_base() /usr/include/c++/11/bits/stl_vector.h:288 (test_move_nodes_fast+0xc949)
    #3 std::vector<unsigned char, std::allocator<unsigned char> >::vector() /usr/include/c++/11/bits/stl_vector.h:487 (test_move_nodes_fast+0xc949)
    #4 LeidenPartition::LeidenPartition() /home/stomo/WorkSpace/MyLeiden/LeidenTypes.hpp:21 (test_move_nodes_fast+0xc949)
    #5 MoveNodesFastResult::MoveNodesFastResult() /home/stomo/WorkSpace/MyLeiden/Leiden.hpp:11 (test_move_nodes_fast+0xc949)
    #6 MoveNodesFastParallelStage4A(SimpleGraph const&, LeidenGraphStats const&, LeidenPartition, QualityFunction const&, unsigned long, unsigned long, LeidenOptions const*) /home/stomo/WorkSpace/MyLeiden/Leiden.cpp:1138 (test_move_nodes_fast+0xc949)
    #7 RunStage4AAndCheck tests/test_move_nodes_fast.cpp:201 (test_move_nodes_fast+0x2b4c1)
    #8 TestStage4ABasicAndEdgeCases tests/test_move_nodes_fast.cpp:471 (test_move_nodes_fast+0x2b8e7)
    #9 main tests/test_move_nodes_fast.cpp:674 (test_move_nodes_fast+0x2e2c8)

  Location is stack of main thread.

  Location is global '<null>' at 0x000000000000 ([stack]+0x00000001f418)

  Thread T1 (tid=4, running) created by main thread at:
    #0 pthread_create ../../../../src/libsanitizer/tsan/tsan_interceptors_posix.cpp:969 (libtsan.so.0+0x605b8)
    #1 <null> <null> (libgomp.so.1+0x1e25f)
    #2 RunStage4AAndCheck tests/test_move_nodes_fast.cpp:201 (test_move_nodes_fast+0x2b4c1)
    #3 TestStage4ABasicAndEdgeCases tests/test_move_nodes_fast.cpp:464 (test_move_nodes_fast+0x2b7d4)
    #4 main tests/test_move_nodes_fast.cpp:674 (test_move_nodes_fast+0x2e2c8)

SUMMARY: ThreadSanitizer: data race /usr/include/c++/11/bits/stl_vector.h:919 in std::vector<unsigned char, std::allocator<unsigned char> >::size() const
==================
==================
WARNING: ThreadSanitizer: data race (pid=2)
  Read of size 8 at 0x7ffd2222e410 by thread T1:
    #0 std::vector<unsigned char, std::allocator<unsigned char> >::size() const /usr/include/c++/11/bits/stl_vector.h:919 (test_move_nodes_fast+0x43dc)
    #1 ValidatePartitionSize /home/stomo/WorkSpace/MyLeiden/QualityFunction.cpp:40 (test_move_nodes_fast+0x43dc)
    #2 BuildNeighborCommunityWeights(SimpleGraph const&, LeidenPartition const&, int, NeighborCommunityScratch&) /home/stomo/WorkSpace/MyLeiden/QualityFunction.cpp:170 (test_move_nodes_fast+0x63ac)
    #3 MoveNodesFastParallelStage4A(SimpleGraph const&, LeidenGraphStats const&, LeidenPartition, QualityFunction const&, unsigned long, unsigned long, LeidenOptions const*) [clone ._omp_fn.0] /home/stomo/WorkSpace/MyLeiden/Leiden.cpp:1191 (test_move_nodes_fast+0xc5d4)
    #4 <null> <null> (libgomp.so.1+0x1dc0d)

  Previous write of size 8 at 0x7ffd2222e410 by main thread:
    #0 std::_Vector_base<unsigned char, std::allocator<unsigned char> >::_Vector_impl_data::_Vector_impl_data() /usr/include/c++/11/bits/stl_vector.h:98 (test_move_nodes_fast+0xc938)
    #1 std::_Vector_base<unsigned char, std::allocator<unsigned char> >::_Vector_impl::_Vector_impl() /usr/include/c++/11/bits/stl_vector.h:133 (test_move_nodes_fast+0xc938)
    #2 std::_Vector_base<unsigned char, std::allocator<unsigned char> >::_Vector_base() /usr/include/c++/11/bits/stl_vector.h:288 (test_move_nodes_fast+0xc938)
    #3 std::vector<unsigned char, std::allocator<unsigned char> >::vector() /usr/include/c++/11/bits/stl_vector.h:487 (test_move_nodes_fast+0xc938)
    #4 LeidenPartition::LeidenPartition() /home/stomo/WorkSpace/MyLeiden/LeidenTypes.hpp:21 (test_move_nodes_fast+0xc938)
    #5 MoveNodesFastResult::MoveNodesFastResult() /home/stomo/WorkSpace/MyLeiden/Leiden.hpp:11 (test_move_nodes_fast+0xc938)
    #6 MoveNodesFastParallelStage4A(SimpleGraph const&, LeidenGraphStats const&, LeidenPartition, QualityFunction const&, unsigned long, unsigned long, LeidenOptions const*) /home/stomo/WorkSpace/MyLeiden/Leiden.cpp:1138 (test_move_nodes_fast+0xc938)
    #7 RunStage4AAndCheck tests/test_move_nodes_fast.cpp:201 (test_move_nodes_fast+0x2b4c1)
    #8 TestStage4ABasicAndEdgeCases tests/test_move_nodes_fast.cpp:471 (test_move_nodes_fast+0x2b8e7)
    #9 main tests/test_move_nodes_fast.cpp:674 (test_move_nodes_fast+0x2e2c8)

  Location is stack of main thread.

  Location is global '<null>' at 0x000000000000 ([stack]+0x00000001f410)

  Thread T1 (tid=4, running) created by main thread at:
    #0 pthread_create ../../../../src/libsanitizer/tsan/tsan_interceptors_posix.cpp:969 (libtsan.so.0+0x605b8)
    #1 <null> <null> (libgomp.so.1+0x1e25f)
    #2 RunStage4AAndCheck tests/test_move_nodes_fast.cpp:201 (test_move_nodes_fast+0x2b4c1)
    #3 TestStage4ABasicAndEdgeCases tests/test_move_nodes_fast.cpp:464 (test_move_nodes_fast+0x2b7d4)
    #4 main tests/test_move_nodes_fast.cpp:674 (test_move_nodes_fast+0x2e2c8)

SUMMARY: ThreadSanitizer: data race /usr/include/c++/11/bits/stl_vector.h:919 in std::vector<unsigned char, std::allocator<unsigned char> >::size() const
==================
==================
WARNING: ThreadSanitizer: data race (pid=2)
  Read of size 4 at 0x7ffd2222e428 by thread T1:
    #0 ValidatePartitionSize /home/stomo/WorkSpace/MyLeiden/QualityFunction.cpp:43 (test_move_nodes_fast+0x43ee)
    #1 BuildNeighborCommunityWeights(SimpleGraph const&, LeidenPartition const&, int, NeighborCommunityScratch&) /home/stomo/WorkSpace/MyLeiden/QualityFunction.cpp:170 (test_move_nodes_fast+0x63ac)
    #2 MoveNodesFastParallelStage4A(SimpleGraph const&, LeidenGraphStats const&, LeidenPartition, QualityFunction const&, unsigned long, unsigned long, LeidenOptions const*) [clone ._omp_fn.0] /home/stomo/WorkSpace/MyLeiden/Leiden.cpp:1191 (test_move_nodes_fast+0xc5d4)
    #3 <null> <null> (libgomp.so.1+0x1dc0d)

  Previous write of size 4 at 0x7ffd2222e428 by main thread:
    #0 LeidenPartition::LeidenPartition() /home/stomo/WorkSpace/MyLeiden/LeidenTypes.hpp:21 (test_move_nodes_fast+0xc96b)
    #1 MoveNodesFastResult::MoveNodesFastResult() /home/stomo/WorkSpace/MyLeiden/Leiden.hpp:11 (test_move_nodes_fast+0xc96b)
    #2 MoveNodesFastParallelStage4A(SimpleGraph const&, LeidenGraphStats const&, LeidenPartition, QualityFunction const&, unsigned long, unsigned long, LeidenOptions const*) /home/stomo/WorkSpace/MyLeiden/Leiden.cpp:1138 (test_move_nodes_fast+0xc96b)
    #3 RunStage4AAndCheck tests/test_move_nodes_fast.cpp:201 (test_move_nodes_fast+0x2b4c1)
    #4 TestStage4ABasicAndEdgeCases tests/test_move_nodes_fast.cpp:471 (test_move_nodes_fast+0x2b8e7)
    #5 main tests/test_move_nodes_fast.cpp:674 (test_move_nodes_fast+0x2e2c8)

  Location is stack of main thread.

  Location is global '<null>' at 0x000000000000 ([stack]+0x00000001f428)

  Thread T1 (tid=4, running) created by main thread at:
    #0 pthread_create ../../../../src/libsanitizer/tsan/tsan_interceptors_posix.cpp:969 (libtsan.so.0+0x605b8)
    #1 <null> <null> (libgomp.so.1+0x1e25f)
    #2 RunStage4AAndCheck tests/test_move_nodes_fast.cpp:201 (test_move_nodes_fast+0x2b4c1)
    #3 TestStage4ABasicAndEdgeCases tests/test_move_nodes_fast.cpp:464 (test_move_nodes_fast+0x2b7d4)
    #4 main tests/test_move_nodes_fast.cpp:674 (test_move_nodes_fast+0x2e2c8)

SUMMARY: ThreadSanitizer: data race /home/stomo/WorkSpace/MyLeiden/QualityFunction.cpp:43 in ValidatePartitionSize
==================
==================
WARNING: ThreadSanitizer: data race (pid=2)
  Read of size 8 at 0x7ffd2222e278 by thread T1:
    #0 std::vector<std::vector<Edge, std::allocator<Edge> >, std::allocator<std::vector<Edge, std::allocator<Edge> > > >::operator[](unsigned long) const /usr/include/c++/11/bits/stl_vector.h:1064 (test_move_nodes_fast+0x64bc)
    #1 BuildNeighborCommunityWeights(SimpleGraph const&, LeidenPartition const&, int, NeighborCommunityScratch&) /home/stomo/WorkSpace/MyLeiden/QualityFunction.cpp:186 (test_move_nodes_fast+0x64bc)
    #2 MoveNodesFastParallelStage4A(SimpleGraph const&, LeidenGraphStats const&, LeidenPartition, QualityFunction const&, unsigned long, unsigned long, LeidenOptions const*) [clone ._omp_fn.0] /home/stomo/WorkSpace/MyLeiden/Leiden.cpp:1191 (test_move_nodes_fast+0xc5d4)
    #3 <null> <null> (libgomp.so.1+0x1dc0d)

  Previous write of size 8 at 0x7ffd2222e278 by main thread:
    #0 std::_Vector_base<std::vector<Edge, std::allocator<Edge> >, std::allocator<std::vector<Edge, std::allocator<Edge> > > >::_Vector_impl_data::_Vector_impl_data() /usr/include/c++/11/bits/stl_vector.h:98 (test_move_nodes_fast+0x2e3c0)
    #1 std::_Vector_base<std::vector<Edge, std::allocator<Edge> >, std::allocator<std::vector<Edge, std::allocator<Edge> > > >::_Vector_impl::_Vector_impl(std::allocator<std::vector<Edge, std::allocator<Edge> > > const&) /usr/include/c++/11/bits/stl_vector.h:137 (test_move_nodes_fast+0x2e3c0)
    #2 std::_Vector_base<std::vector<Edge, std::allocator<Edge> >, std::allocator<std::vector<Edge, std::allocator<Edge> > > >::_Vector_base(unsigned long, std::allocator<std::vector<Edge, std::allocator<Edge> > > const&) /usr/include/c++/11/bits/stl_vector.h:304 (test_move_nodes_fast+0x2e3c0)
    #3 std::vector<std::vector<Edge, std::allocator<Edge> >, std::allocator<std::vector<Edge, std::allocator<Edge> > > >::vector(unsigned long, std::allocator<std::vector<Edge, std::allocator<Edge> > > const&) /usr/include/c++/11/bits/stl_vector.h:511 (test_move_nodes_fast+0x2e3c0)
    #4 SimpleGraph::SimpleGraph(int) common/Types.hpp:16 (test_move_nodes_fast+0x2e3c0)
    #5 MakeGraph(int) common/Types.hpp:27 (test_move_nodes_fast+0x2b886)
    #6 TestStage4ABasicAndEdgeCases tests/test_move_nodes_fast.cpp:469 (test_move_nodes_fast+0x2b886)
    #7 main tests/test_move_nodes_fast.cpp:674 (test_move_nodes_fast+0x2e2c8)

  Location is stack of main thread.

  Location is global '<null>' at 0x000000000000 ([stack]+0x00000001f278)

  Thread T1 (tid=4, running) created by main thread at:
    #0 pthread_create ../../../../src/libsanitizer/tsan/tsan_interceptors_posix.cpp:969 (libtsan.so.0+0x605b8)
    #1 <null> <null> (libgomp.so.1+0x1e25f)
    #2 RunStage4AAndCheck tests/test_move_nodes_fast.cpp:201 (test_move_nodes_fast+0x2b4c1)
    #3 TestStage4ABasicAndEdgeCases tests/test_move_nodes_fast.cpp:464 (test_move_nodes_fast+0x2b7d4)
    #4 main tests/test_move_nodes_fast.cpp:674 (test_move_nodes_fast+0x2e2c8)

SUMMARY: ThreadSanitizer: data race /usr/include/c++/11/bits/stl_vector.h:1064 in std::vector<std::vector<Edge, std::allocator<Edge> >, std::allocator<std::vector<Edge, std::allocator<Edge> > > >::operator[](unsigned long) const
==================
==================
WARNING: ThreadSanitizer: data race (pid=2)
  Read of size 8 at 0x7b0c00000090 by thread T1:
    #0 __gnu_cxx::__normal_iterator<Edge const*, std::vector<Edge, std::allocator<Edge> > >::__normal_iterator(Edge const* const&) /usr/include/c++/11/bits/stl_iterator.h:1028 (test_move_nodes_fast+0x64d5)
    #1 std::vector<Edge, std::allocator<Edge> >::begin() const /usr/include/c++/11/bits/stl_vector.h:821 (test_move_nodes_fast+0x64d5)
    #2 BuildNeighborCommunityWeights(SimpleGraph const&, LeidenPartition const&, int, NeighborCommunityScratch&) /home/stomo/WorkSpace/MyLeiden/QualityFunction.cpp:186 (test_move_nodes_fast+0x64d5)
    #3 MoveNodesFastParallelStage4A(SimpleGraph const&, LeidenGraphStats const&, LeidenPartition, QualityFunction const&, unsigned long, unsigned long, LeidenOptions const*) [clone ._omp_fn.0] /home/stomo/WorkSpace/MyLeiden/Leiden.cpp:1191 (test_move_nodes_fast+0xc5d4)
    #4 <null> <null> (libgomp.so.1+0x1dc0d)

  Previous write of size 8 at 0x7b0c00000090 by main thread:
    #0 operator new(unsigned long) ../../../../src/libsanitizer/tsan/tsan_new_delete.cpp:64 (libtsan.so.0+0x8f162)
    #1 __gnu_cxx::new_allocator<std::vector<Edge, std::allocator<Edge> > >::allocate(unsigned long, void const*) /usr/include/c++/11/ext/new_allocator.h:127 (test_move_nodes_fast+0x2e408)
    #2 std::allocator_traits<std::allocator<std::vector<Edge, std::allocator<Edge> > > >::allocate(std::allocator<std::vector<Edge, std::allocator<Edge> > >&, unsigned long) /usr/include/c++/11/bits/alloc_traits.h:464 (test_move_nodes_fast+0x2e408)
    #3 std::_Vector_base<std::vector<Edge, std::allocator<Edge> >, std::allocator<std::vector<Edge, std::allocator<Edge> > > >::_M_allocate(unsigned long) /usr/include/c++/11/bits/stl_vector.h:346 (test_move_nodes_fast+0x2e408)
    #4 std::_Vector_base<std::vector<Edge, std::allocator<Edge> >, std::allocator<std::vector<Edge, std::allocator<Edge> > > >::_M_create_storage(unsigned long) /usr/include/c++/11/bits/stl_vector.h:361 (test_move_nodes_fast+0x2e408)
    #5 std::_Vector_base<std::vector<Edge, std::allocator<Edge> >, std::allocator<std::vector<Edge, std::allocator<Edge> > > >::_Vector_base(unsigned long, std::allocator<std::vector<Edge, std::allocator<Edge> > > const&) /usr/include/c++/11/bits/stl_vector.h:305 (test_move_nodes_fast+0x2e408)
    #6 std::vector<std::vector<Edge, std::allocator<Edge> >, std::allocator<std::vector<Edge, std::allocator<Edge> > > >::vector(unsigned long, std::allocator<std::vector<Edge, std::allocator<Edge> > > const&) /usr/include/c++/11/bits/stl_vector.h:511 (test_move_nodes_fast+0x2e408)
    #7 SimpleGraph::SimpleGraph(int) common/Types.hpp:16 (test_move_nodes_fast+0x2e408)
    #8 MakeGraph(int) common/Types.hpp:27 (test_move_nodes_fast+0x2b886)
    #9 TestStage4ABasicAndEdgeCases tests/test_move_nodes_fast.cpp:469 (test_move_nodes_fast+0x2b886)
    #10 main tests/test_move_nodes_fast.cpp:674 (test_move_nodes_fast+0x2e2c8)

  Location is heap block of size 48 at 0x7b0c00000090 allocated by main thread:
    #0 operator new(unsigned long) ../../../../src/libsanitizer/tsan/tsan_new_delete.cpp:64 (libtsan.so.0+0x8f162)
    #1 __gnu_cxx::new_allocator<std::vector<Edge, std::allocator<Edge> > >::allocate(unsigned long, void const*) /usr/include/c++/11/ext/new_allocator.h:127 (test_move_nodes_fast+0x2e408)
    #2 std::allocator_traits<std::allocator<std::vector<Edge, std::allocator<Edge> > > >::allocate(std::allocator<std::vector<Edge, std::allocator<Edge> > >&, unsigned long) /usr/include/c++/11/bits/alloc_traits.h:464 (test_move_nodes_fast+0x2e408)
    #3 std::_Vector_base<std::vector<Edge, std::allocator<Edge> >, std::allocator<std::vector<Edge, std::allocator<Edge> > > >::_M_allocate(unsigned long) /usr/include/c++/11/bits/stl_vector.h:346 (test_move_nodes_fast+0x2e408)
    #4 std::_Vector_base<std::vector<Edge, std::allocator<Edge> >, std::allocator<std::vector<Edge, std::allocator<Edge> > > >::_M_create_storage(unsigned long) /usr/include/c++/11/bits/stl_vector.h:361 (test_move_nodes_fast+0x2e408)
    #5 std::_Vector_base<std::vector<Edge, std::allocator<Edge> >, std::allocator<std::vector<Edge, std::allocator<Edge> > > >::_Vector_base(unsigned long, std::allocator<std::vector<Edge, std::allocator<Edge> > > const&) /usr/include/c++/11/bits/stl_vector.h:305 (test_move_nodes_fast+0x2e408)
    #6 std::vector<std::vector<Edge, std::allocator<Edge> >, std::allocator<std::vector<Edge, std::allocator<Edge> > > >::vector(unsigned long, std::allocator<std::vector<Edge, std::allocator<Edge> > > const&) /usr/include/c++/11/bits/stl_vector.h:511 (test_move_nodes_fast+0x2e408)
    #7 SimpleGraph::SimpleGraph(int) common/Types.hpp:16 (test_move_nodes_fast+0x2e408)
    #8 MakeGraph(int) common/Types.hpp:27 (test_move_nodes_fast+0x2b886)
    #9 TestStage4ABasicAndEdgeCases tests/test_move_nodes_fast.cpp:469 (test_move_nodes_fast+0x2b886)
    #10 main tests/test_move_nodes_fast.cpp:674 (test_move_nodes_fast+0x2e2c8)

  Thread T1 (tid=4, running) created by main thread at:
    #0 pthread_create ../../../../src/libsanitizer/tsan/tsan_interceptors_posix.cpp:969 (libtsan.so.0+0x605b8)
    #1 <null> <null> (libgomp.so.1+0x1e25f)
    #2 RunStage4AAndCheck tests/test_move_nodes_fast.cpp:201 (test_move_nodes_fast+0x2b4c1)
    #3 TestStage4ABasicAndEdgeCases tests/test_move_nodes_fast.cpp:464 (test_move_nodes_fast+0x2b7d4)
    #4 main tests/test_move_nodes_fast.cpp:674 (test_move_nodes_fast+0x2e2c8)

SUMMARY: ThreadSanitizer: data race /usr/include/c++/11/bits/stl_iterator.h:1028 in __gnu_cxx::__normal_iterator<Edge const*, std::vector<Edge, std::allocator<Edge> > >::__normal_iterator(Edge const* const&)
==================
==================
WARNING: ThreadSanitizer: data race (pid=2)
  Read of size 8 at 0x7b0c00000098 by thread T1:
    #0 __gnu_cxx::__normal_iterator<Edge const*, std::vector<Edge, std::allocator<Edge> > >::__normal_iterator(Edge const* const&) /usr/include/c++/11/bits/stl_iterator.h:1028 (test_move_nodes_fast+0x64e1)
    #1 std::vector<Edge, std::allocator<Edge> >::end() const /usr/include/c++/11/bits/stl_vector.h:839 (test_move_nodes_fast+0x64e1)
    #2 BuildNeighborCommunityWeights(SimpleGraph const&, LeidenPartition const&, int, NeighborCommunityScratch&) /home/stomo/WorkSpace/MyLeiden/QualityFunction.cpp:186 (test_move_nodes_fast+0x64e1)
    #3 MoveNodesFastParallelStage4A(SimpleGraph const&, LeidenGraphStats const&, LeidenPartition, QualityFunction const&, unsigned long, unsigned long, LeidenOptions const*) [clone ._omp_fn.0] /home/stomo/WorkSpace/MyLeiden/Leiden.cpp:1191 (test_move_nodes_fast+0xc5d4)
    #4 <null> <null> (libgomp.so.1+0x1dc0d)

  Previous write of size 8 at 0x7b0c00000098 by main thread:
    #0 operator new(unsigned long) ../../../../src/libsanitizer/tsan/tsan_new_delete.cpp:64 (libtsan.so.0+0x8f162)
    #1 __gnu_cxx::new_allocator<std::vector<Edge, std::allocator<Edge> > >::allocate(unsigned long, void const*) /usr/include/c++/11/ext/new_allocator.h:127 (test_move_nodes_fast+0x2e408)
    #2 std::allocator_traits<std::allocator<std::vector<Edge, std::allocator<Edge> > > >::allocate(std::allocator<std::vector<Edge, std::allocator<Edge> > >&, unsigned long) /usr/include/c++/11/bits/alloc_traits.h:464 (test_move_nodes_fast+0x2e408)
    #3 std::_Vector_base<std::vector<Edge, std::allocator<Edge> >, std::allocator<std::vector<Edge, std::allocator<Edge> > > >::_M_allocate(unsigned long) /usr/include/c++/11/bits/stl_vector.h:346 (test_move_nodes_fast+0x2e408)
    #4 std::_Vector_base<std::vector<Edge, std::allocator<Edge> >, std::allocator<std::vector<Edge, std::allocator<Edge> > > >::_M_create_storage(unsigned long) /usr/include/c++/11/bits/stl_vector.h:361 (test_move_nodes_fast+0x2e408)
    #5 std::_Vector_base<std::vector<Edge, std::allocator<Edge> >, std::allocator<std::vector<Edge, std::allocator<Edge> > > >::_Vector_base(unsigned long, std::allocator<std::vector<Edge, std::allocator<Edge> > > const&) /usr/include/c++/11/bits/stl_vector.h:305 (test_move_nodes_fast+0x2e408)
    #6 std::vector<std::vector<Edge, std::allocator<Edge> >, std::allocator<std::vector<Edge, std::allocator<Edge> > > >::vector(unsigned long, std::allocator<std::vector<Edge, std::allocator<Edge> > > const&) /usr/include/c++/11/bits/stl_vector.h:511 (test_move_nodes_fast+0x2e408)
    #7 SimpleGraph::SimpleGraph(int) common/Types.hpp:16 (test_move_nodes_fast+0x2e408)
    #8 MakeGraph(int) common/Types.hpp:27 (test_move_nodes_fast+0x2b886)
    #9 TestStage4ABasicAndEdgeCases tests/test_move_nodes_fast.cpp:469 (test_move_nodes_fast+0x2b886)
    #10 main tests/test_move_nodes_fast.cpp:674 (test_move_nodes_fast+0x2e2c8)

  Location is heap block of size 48 at 0x7b0c00000090 allocated by main thread:
    #0 operator new(unsigned long) ../../../../src/libsanitizer/tsan/tsan_new_delete.cpp:64 (libtsan.so.0+0x8f162)
    #1 __gnu_cxx::new_allocator<std::vector<Edge, std::allocator<Edge> > >::allocate(unsigned long, void const*) /usr/include/c++/11/ext/new_allocator.h:127 (test_move_nodes_fast+0x2e408)
    #2 std::allocator_traits<std::allocator<std::vector<Edge, std::allocator<Edge> > > >::allocate(std::allocator<std::vector<Edge, std::allocator<Edge> > >&, unsigned long) /usr/include/c++/11/bits/alloc_traits.h:464 (test_move_nodes_fast+0x2e408)
    #3 std::_Vector_base<std::vector<Edge, std::allocator<Edge> >, std::allocator<std::vector<Edge, std::allocator<Edge> > > >::_M_allocate(unsigned long) /usr/include/c++/11/bits/stl_vector.h:346 (test_move_nodes_fast+0x2e408)
    #4 std::_Vector_base<std::vector<Edge, std::allocator<Edge> >, std::allocator<std::vector<Edge, std::allocator<Edge> > > >::_M_create_storage(unsigned long) /usr/include/c++/11/bits/stl_vector.h:361 (test_move_nodes_fast+0x2e408)
    #5 std::_Vector_base<std::vector<Edge, std::allocator<Edge> >, std::allocator<std::vector<Edge, std::allocator<Edge> > > >::_Vector_base(unsigned long, std::allocator<std::vector<Edge, std::allocator<Edge> > > const&) /usr/include/c++/11/bits/stl_vector.h:305 (test_move_nodes_fast+0x2e408)
    #6 std::vector<std::vector<Edge, std::allocator<Edge> >, std::allocator<std::vector<Edge, std::allocator<Edge> > > >::vector(unsigned long, std::allocator<std::vector<Edge, std::allocator<Edge> > > const&) /usr/include/c++/11/bits/stl_vector.h:511 (test_move_nodes_fast+0x2e408)
    #7 SimpleGraph::SimpleGraph(int) common/Types.hpp:16 (test_move_nodes_fast+0x2e408)
    #8 MakeGraph(int) common/Types.hpp:27 (test_move_nodes_fast+0x2b886)
    #9 TestStage4ABasicAndEdgeCases tests/test_move_nodes_fast.cpp:469 (test_move_nodes_fast+0x2b886)
    #10 main tests/test_move_nodes_fast.cpp:674 (test_move_nodes_fast+0x2e2c8)

  Thread T1 (tid=4, running) created by main thread at:
    #0 pthread_create ../../../../src/libsanitizer/tsan/tsan_interceptors_posix.cpp:969 (libtsan.so.0+0x605b8)
    #1 <null> <null> (libgomp.so.1+0x1e25f)
    #2 RunStage4AAndCheck tests/test_move_nodes_fast.cpp:201 (test_move_nodes_fast+0x2b4c1)
    #3 TestStage4ABasicAndEdgeCases tests/test_move_nodes_fast.cpp:464 (test_move_nodes_fast+0x2b7d4)
    #4 main tests/test_move_nodes_fast.cpp:674 (test_move_nodes_fast+0x2e2c8)

SUMMARY: ThreadSanitizer: data race /usr/include/c++/11/bits/stl_iterator.h:1028 in __gnu_cxx::__normal_iterator<Edge const*, std::vector<Edge, std::allocator<Edge> > >::__normal_iterator(Edge const* const&)
==================
==================
WARNING: ThreadSanitizer: data race (pid=2)
  Read of size 4 at 0x7b0400000090 by thread T1:
    #0 BuildNeighborCommunityWeights(SimpleGraph const&, LeidenPartition const&, int, NeighborCommunityScratch&) /home/stomo/WorkSpace/MyLeiden/QualityFunction.cpp:187 (test_move_nodes_fast+0x6658)
    #1 MoveNodesFastParallelStage4A(SimpleGraph const&, LeidenGraphStats const&, LeidenPartition, QualityFunction const&, unsigned long, unsigned long, LeidenOptions const*) [clone ._omp_fn.0] /home/stomo/WorkSpace/MyLeiden/Leiden.cpp:1191 (test_move_nodes_fast+0xc5d4)
    #2 <null> <null> (libgomp.so.1+0x1dc0d)

  Previous write of size 8 at 0x7b0400000090 by main thread:
    #0 operator new(unsigned long) ../../../../src/libsanitizer/tsan/tsan_new_delete.cpp:64 (libtsan.so.0+0x8f162)
    #1 __gnu_cxx::new_allocator<Edge>::allocate(unsigned long, void const*) /usr/include/c++/11/ext/new_allocator.h:127 (test_move_nodes_fast+0x23184)
    #2 std::allocator_traits<std::allocator<Edge> >::allocate(std::allocator<Edge>&, unsigned long) /usr/include/c++/11/bits/alloc_traits.h:464 (test_move_nodes_fast+0x23184)
    #3 std::_Vector_base<Edge, std::allocator<Edge> >::_M_allocate(unsigned long) /usr/include/c++/11/bits/stl_vector.h:346 (test_move_nodes_fast+0x23184)
    #4 void std::vector<Edge, std::allocator<Edge> >::_M_realloc_insert<Edge>(__gnu_cxx::__normal_iterator<Edge*, std::vector<Edge, std::allocator<Edge> > >, Edge&&) /usr/include/c++/11/bits/vector.tcc:440 (test_move_nodes_fast+0x23184)
    #5 Edge& std::vector<Edge, std::allocator<Edge> >::emplace_back<Edge>(Edge&&) /usr/include/c++/11/bits/vector.tcc:121 (test_move_nodes_fast+0x2322d)
    #6 std::vector<Edge, std::allocator<Edge> >::push_back(Edge&&) /usr/include/c++/11/bits/stl_vector.h:1204 (test_move_nodes_fast+0x2f4a6)
    #7 add_undirected_edge(SimpleGraph&, int, int, double) common/Types.hpp:42 (test_move_nodes_fast+0x2f4a6)
    #8 TestStage4ABasicAndEdgeCases tests/test_move_nodes_fast.cpp:470 (test_move_nodes_fast+0x2b8a4)
    #9 main tests/test_move_nodes_fast.cpp:674 (test_move_nodes_fast+0x2e2c8)

  Location is heap block of size 16 at 0x7b0400000090 allocated by main thread:
    #0 operator new(unsigned long) ../../../../src/libsanitizer/tsan/tsan_new_delete.cpp:64 (libtsan.so.0+0x8f162)
    #1 __gnu_cxx::new_allocator<Edge>::allocate(unsigned long, void const*) /usr/include/c++/11/ext/new_allocator.h:127 (test_move_nodes_fast+0x23184)
    #2 std::allocator_traits<std::allocator<Edge> >::allocate(std::allocator<Edge>&, unsigned long) /usr/include/c++/11/bits/alloc_traits.h:464 (test_move_nodes_fast+0x23184)
    #3 std::_Vector_base<Edge, std::allocator<Edge> >::_M_allocate(unsigned long) /usr/include/c++/11/bits/stl_vector.h:346 (test_move_nodes_fast+0x23184)
    #4 void std::vector<Edge, std::allocator<Edge> >::_M_realloc_insert<Edge>(__gnu_cxx::__normal_iterator<Edge*, std::vector<Edge, std::allocator<Edge> > >, Edge&&) /usr/include/c++/11/bits/vector.tcc:440 (test_move_nodes_fast+0x23184)
    #5 Edge& std::vector<Edge, std::allocator<Edge> >::emplace_back<Edge>(Edge&&) /usr/include/c++/11/bits/vector.tcc:121 (test_move_nodes_fast+0x2322d)
    #6 std::vector<Edge, std::allocator<Edge> >::push_back(Edge&&) /usr/include/c++/11/bits/stl_vector.h:1204 (test_move_nodes_fast+0x2f4a6)
    #7 add_undirected_edge(SimpleGraph&, int, int, double) common/Types.hpp:42 (test_move_nodes_fast+0x2f4a6)
    #8 TestStage4ABasicAndEdgeCases tests/test_move_nodes_fast.cpp:470 (test_move_nodes_fast+0x2b8a4)
    #9 main tests/test_move_nodes_fast.cpp:674 (test_move_nodes_fast+0x2e2c8)

  Thread T1 (tid=4, running) created by main thread at:
    #0 pthread_create ../../../../src/libsanitizer/tsan/tsan_interceptors_posix.cpp:969 (libtsan.so.0+0x605b8)
    #1 <null> <null> (libgomp.so.1+0x1e25f)
    #2 RunStage4AAndCheck tests/test_move_nodes_fast.cpp:201 (test_move_nodes_fast+0x2b4c1)
    #3 TestStage4ABasicAndEdgeCases tests/test_move_nodes_fast.cpp:464 (test_move_nodes_fast+0x2b7d4)
    #4 main tests/test_move_nodes_fast.cpp:674 (test_move_nodes_fast+0x2e2c8)

SUMMARY: ThreadSanitizer: data race /home/stomo/WorkSpace/MyLeiden/QualityFunction.cpp:187 in BuildNeighborCommunityWeights(SimpleGraph const&, LeidenPartition const&, int, NeighborCommunityScratch&)
==================
==================
WARNING: ThreadSanitizer: data race (pid=2)
  Read of size 8 at 0x7b0400000098 by thread T1:
    #0 BuildNeighborCommunityWeights(SimpleGraph const&, LeidenPartition const&, int, NeighborCommunityScratch&) /home/stomo/WorkSpace/MyLeiden/QualityFunction.cpp:201 (test_move_nodes_fast+0x6620)
    #1 MoveNodesFastParallelStage4A(SimpleGraph const&, LeidenGraphStats const&, LeidenPartition, QualityFunction const&, unsigned long, unsigned long, LeidenOptions const*) [clone ._omp_fn.0] /home/stomo/WorkSpace/MyLeiden/Leiden.cpp:1191 (test_move_nodes_fast+0xc5d4)
    #2 <null> <null> (libgomp.so.1+0x1dc0d)

  Previous write of size 8 at 0x7b0400000098 by main thread:
    #0 operator new(unsigned long) ../../../../src/libsanitizer/tsan/tsan_new_delete.cpp:64 (libtsan.so.0+0x8f162)
    #1 __gnu_cxx::new_allocator<Edge>::allocate(unsigned long, void const*) /usr/include/c++/11/ext/new_allocator.h:127 (test_move_nodes_fast+0x23184)
    #2 std::allocator_traits<std::allocator<Edge> >::allocate(std::allocator<Edge>&, unsigned long) /usr/include/c++/11/bits/alloc_traits.h:464 (test_move_nodes_fast+0x23184)
    #3 std::_Vector_base<Edge, std::allocator<Edge> >::_M_allocate(unsigned long) /usr/include/c++/11/bits/stl_vector.h:346 (test_move_nodes_fast+0x23184)
    #4 void std::vector<Edge, std::allocator<Edge> >::_M_realloc_insert<Edge>(__gnu_cxx::__normal_iterator<Edge*, std::vector<Edge, std::allocator<Edge> > >, Edge&&) /usr/include/c++/11/bits/vector.tcc:440 (test_move_nodes_fast+0x23184)
    #5 Edge& std::vector<Edge, std::allocator<Edge> >::emplace_back<Edge>(Edge&&) /usr/include/c++/11/bits/vector.tcc:121 (test_move_nodes_fast+0x2322d)
    #6 std::vector<Edge, std::allocator<Edge> >::push_back(Edge&&) /usr/include/c++/11/bits/stl_vector.h:1204 (test_move_nodes_fast+0x2f4a6)
    #7 add_undirected_edge(SimpleGraph&, int, int, double) common/Types.hpp:42 (test_move_nodes_fast+0x2f4a6)
    #8 TestStage4ABasicAndEdgeCases tests/test_move_nodes_fast.cpp:470 (test_move_nodes_fast+0x2b8a4)
    #9 main tests/test_move_nodes_fast.cpp:674 (test_move_nodes_fast+0x2e2c8)

  Location is heap block of size 16 at 0x7b0400000090 allocated by main thread:
    #0 operator new(unsigned long) ../../../../src/libsanitizer/tsan/tsan_new_delete.cpp:64 (libtsan.so.0+0x8f162)
    #1 __gnu_cxx::new_allocator<Edge>::allocate(unsigned long, void const*) /usr/include/c++/11/ext/new_allocator.h:127 (test_move_nodes_fast+0x23184)
    #2 std::allocator_traits<std::allocator<Edge> >::allocate(std::allocator<Edge>&, unsigned long) /usr/include/c++/11/bits/alloc_traits.h:464 (test_move_nodes_fast+0x23184)
    #3 std::_Vector_base<Edge, std::allocator<Edge> >::_M_allocate(unsigned long) /usr/include/c++/11/bits/stl_vector.h:346 (test_move_nodes_fast+0x23184)
    #4 void std::vector<Edge, std::allocator<Edge> >::_M_realloc_insert<Edge>(__gnu_cxx::__normal_iterator<Edge*, std::vector<Edge, std::allocator<Edge> > >, Edge&&) /usr/include/c++/11/bits/vector.tcc:440 (test_move_nodes_fast+0x23184)
    #5 Edge& std::vector<Edge, std::allocator<Edge> >::emplace_back<Edge>(Edge&&) /usr/include/c++/11/bits/vector.tcc:121 (test_move_nodes_fast+0x2322d)
    #6 std::vector<Edge, std::allocator<Edge> >::push_back(Edge&&) /usr/include/c++/11/bits/stl_vector.h:1204 (test_move_nodes_fast+0x2f4a6)
    #7 add_undirected_edge(SimpleGraph&, int, int, double) common/Types.hpp:42 (test_move_nodes_fast+0x2f4a6)
    #8 TestStage4ABasicAndEdgeCases tests/test_move_nodes_fast.cpp:470 (test_move_nodes_fast+0x2b8a4)
    #9 main tests/test_move_nodes_fast.cpp:674 (test_move_nodes_fast+0x2e2c8)

  Thread T1 (tid=4, running) created by main thread at:
    #0 pthread_create ../../../../src/libsanitizer/tsan/tsan_interceptors_posix.cpp:969 (libtsan.so.0+0x605b8)
    #1 <null> <null> (libgomp.so.1+0x1e25f)
    #2 RunStage4AAndCheck tests/test_move_nodes_fast.cpp:201 (test_move_nodes_fast+0x2b4c1)
    #3 TestStage4ABasicAndEdgeCases tests/test_move_nodes_fast.cpp:464 (test_move_nodes_fast+0x2b7d4)
    #4 main tests/test_move_nodes_fast.cpp:674 (test_move_nodes_fast+0x2e2c8)

SUMMARY: ThreadSanitizer: data race /home/stomo/WorkSpace/MyLeiden/QualityFunction.cpp:201 in BuildNeighborCommunityWeights(SimpleGraph const&, LeidenPartition const&, int, NeighborCommunityScratch&)
==================
==================
WARNING: ThreadSanitizer: data race (pid=2)
  Read of size 8 at 0x7ffd2222dfd0 by thread T1:
    #0 MoveNodesFastParallelStage4A(SimpleGraph const&, LeidenGraphStats const&, LeidenPartition, QualityFunction const&, unsigned long, unsigned long, LeidenOptions const*) [clone ._omp_fn.0] /home/stomo/WorkSpace/MyLeiden/Leiden.cpp:1206 (test_move_nodes_fast+0xc312)
    #1 <null> <null> (libgomp.so.1+0x1dc0d)

  Previous write of size 8 at 0x7ffd2222dfd0 by main thread:
    #0 std::_Vector_base<double, std::allocator<double> >::_Vector_impl_data::_Vector_impl_data() /usr/include/c++/11/bits/stl_vector.h:98 (test_move_nodes_fast+0xd959)
    #1 std::_Vector_base<double, std::allocator<double> >::_Vector_impl::_Vector_impl() /usr/include/c++/11/bits/stl_vector.h:133 (test_move_nodes_fast+0xd959)
    #2 std::_Vector_base<double, std::allocator<double> >::_Vector_base() /usr/include/c++/11/bits/stl_vector.h:288 (test_move_nodes_fast+0xd959)
    #3 std::vector<double, std::allocator<double> >::vector() /usr/include/c++/11/bits/stl_vector.h:487 (test_move_nodes_fast+0xd959)
    #4 NeighborCommunityScratch::NeighborCommunityScratch() /home/stomo/WorkSpace/MyLeiden/QualityFunction.hpp:123 (test_move_nodes_fast+0xd959)
    #5 MoveNodesFastParallelStage4A(SimpleGraph const&, LeidenGraphStats const&, LeidenPartition, QualityFunction const&, unsigned long, unsigned long, LeidenOptions const*) /home/stomo/WorkSpace/MyLeiden/Leiden.cpp:1258 (test_move_nodes_fast+0xd959)
    #6 RunStage4AAndCheck tests/test_move_nodes_fast.cpp:201 (test_move_nodes_fast+0x2b4c1)
    #7 TestStage4ABasicAndEdgeCases tests/test_move_nodes_fast.cpp:464 (test_move_nodes_fast+0x2b7d4)
    #8 main tests/test_move_nodes_fast.cpp:674 (test_move_nodes_fast+0x2e2c8)

  Location is stack of main thread.

  Location is global '<null>' at 0x000000000000 ([stack]+0x00000001efd0)

  Thread T1 (tid=4, running) created by main thread at:
    #0 pthread_create ../../../../src/libsanitizer/tsan/tsan_interceptors_posix.cpp:969 (libtsan.so.0+0x605b8)
    #1 <null> <null> (libgomp.so.1+0x1e25f)
    #2 RunStage4AAndCheck tests/test_move_nodes_fast.cpp:201 (test_move_nodes_fast+0x2b4c1)
    #3 TestStage4ABasicAndEdgeCases tests/test_move_nodes_fast.cpp:464 (test_move_nodes_fast+0x2b7d4)
    #4 main tests/test_move_nodes_fast.cpp:674 (test_move_nodes_fast+0x2e2c8)

SUMMARY: ThreadSanitizer: data race /home/stomo/WorkSpace/MyLeiden/Leiden.cpp:1206 in MoveNodesFastParallelStage4A(SimpleGraph const&, LeidenGraphStats const&, LeidenPartition, QualityFunction const&, unsigned long, unsigned long, LeidenOptions const*) [clone ._omp_fn.0]
==================
==================
WARNING: ThreadSanitizer: data race (pid=2)
  Read of size 8 at 0x7ffd2222dfc8 by thread T1:
    #0 MoveNodesFastParallelStage4A(SimpleGraph const&, LeidenGraphStats const&, LeidenPartition, QualityFunction const&, unsigned long, unsigned long, LeidenOptions const*) [clone ._omp_fn.0] /home/stomo/WorkSpace/MyLeiden/Leiden.cpp:1206 (test_move_nodes_fast+0xc35e)
    #1 <null> <null> (libgomp.so.1+0x1dc0d)

  Previous write of size 8 at 0x7ffd2222dfc8 by main thread:
    #0 std::_Vector_base<double, std::allocator<double> >::_Vector_impl_data::_Vector_impl_data() /usr/include/c++/11/bits/stl_vector.h:98 (test_move_nodes_fast+0xd946)
    #1 std::_Vector_base<double, std::allocator<double> >::_Vector_impl::_Vector_impl() /usr/include/c++/11/bits/stl_vector.h:133 (test_move_nodes_fast+0xd946)
    #2 std::_Vector_base<double, std::allocator<double> >::_Vector_base() /usr/include/c++/11/bits/stl_vector.h:288 (test_move_nodes_fast+0xd946)
    #3 std::vector<double, std::allocator<double> >::vector() /usr/include/c++/11/bits/stl_vector.h:487 (test_move_nodes_fast+0xd946)
    #4 NeighborCommunityScratch::NeighborCommunityScratch() /home/stomo/WorkSpace/MyLeiden/QualityFunction.hpp:123 (test_move_nodes_fast+0xd946)
    #5 MoveNodesFastParallelStage4A(SimpleGraph const&, LeidenGraphStats const&, LeidenPartition, QualityFunction const&, unsigned long, unsigned long, LeidenOptions const*) /home/stomo/WorkSpace/MyLeiden/Leiden.cpp:1258 (test_move_nodes_fast+0xd946)
    #6 RunStage4AAndCheck tests/test_move_nodes_fast.cpp:201 (test_move_nodes_fast+0x2b4c1)
    #7 TestStage4ABasicAndEdgeCases tests/test_move_nodes_fast.cpp:464 (test_move_nodes_fast+0x2b7d4)
    #8 main tests/test_move_nodes_fast.cpp:674 (test_move_nodes_fast+0x2e2c8)

  Location is stack of main thread.

  Location is global '<null>' at 0x000000000000 ([stack]+0x00000001efc8)

  Thread T1 (tid=4, running) created by main thread at:
    #0 pthread_create ../../../../src/libsanitizer/tsan/tsan_interceptors_posix.cpp:969 (libtsan.so.0+0x605b8)
    #1 <null> <null> (libgomp.so.1+0x1e25f)
    #2 RunStage4AAndCheck tests/test_move_nodes_fast.cpp:201 (test_move_nodes_fast+0x2b4c1)
    #3 TestStage4ABasicAndEdgeCases tests/test_move_nodes_fast.cpp:464 (test_move_nodes_fast+0x2b7d4)
    #4 main tests/test_move_nodes_fast.cpp:674 (test_move_nodes_fast+0x2e2c8)

SUMMARY: ThreadSanitizer: data race /home/stomo/WorkSpace/MyLeiden/Leiden.cpp:1206 in MoveNodesFastParallelStage4A(SimpleGraph const&, LeidenGraphStats const&, LeidenPartition, QualityFunction const&, unsigned long, unsigned long, LeidenOptions const*) [clone ._omp_fn.0]
==================
==================
WARNING: ThreadSanitizer: data race (pid=2)
  Read of size 8 at 0x7ffd2222e098 by thread T1:
    #0 std::vector<double, std::allocator<double> >::size() const /usr/include/c++/11/bits/stl_vector.h:919 (test_move_nodes_fast+0x452d)
    #1 ValidateStatsPartitionVertex /home/stomo/WorkSpace/MyLeiden/QualityFunction.cpp:53 (test_move_nodes_fast+0x452d)
    #2 CPMQualityFunction::deltaMoveFromWeights(LeidenGraphStats const&, LeidenPartition const&, int, int, double, double) const /home/stomo/WorkSpace/MyLeiden/QualityFunction.cpp:585 (test_move_nodes_fast+0x480f)
    #3 MoveNodesFastParallelStage4A(SimpleGraph const&, LeidenGraphStats const&, LeidenPartition, QualityFunction const&, unsigned long, unsigned long, LeidenOptions const*) [clone ._omp_fn.0] /home/stomo/WorkSpace/MyLeiden/Leiden.cpp:1206 (test_move_nodes_fast+0xc39e)
    #4 <null> <null> (libgomp.so.1+0x1dc0d)

  Previous write of size 8 at 0x7ffd2222e098 by main thread:
    #0 std::_Vector_base<double, std::allocator<double> >::_Vector_impl_data::_Vector_impl_data() /usr/include/c++/11/bits/stl_vector.h:98 (test_move_nodes_fast+0x67f3)
    #1 std::_Vector_base<double, std::allocator<double> >::_Vector_impl::_Vector_impl() /usr/include/c++/11/bits/stl_vector.h:133 (test_move_nodes_fast+0x67f3)
    #2 std::_Vector_base<double, std::allocator<double> >::_Vector_base() /usr/include/c++/11/bits/stl_vector.h:288 (test_move_nodes_fast+0x67f3)
    #3 std::vector<double, std::allocator<double> >::vector() /usr/include/c++/11/bits/stl_vector.h:487 (test_move_nodes_fast+0x67f3)
    #4 LeidenGraphStats::LeidenGraphStats() /home/stomo/WorkSpace/MyLeiden/LeidenTypes.hpp:15 (test_move_nodes_fast+0x67f3)
    #5 BuildLeidenGraphStats(SimpleGraph const&, std::vector<double, std::allocator<double> > const&) /home/stomo/WorkSpace/MyLeiden/QualityFunction.cpp:233 (test_move_nodes_fast+0x67f3)
    #6 BuildLeidenGraphStats(SimpleGraph const&) /home/stomo/WorkSpace/MyLeiden/QualityFunction.cpp:222 (test_move_nodes_fast+0x6bd4)
    #7 RunStage4AAndCheck tests/test_move_nodes_fast.cpp:197 (test_move_nodes_fast+0x2b43b)
    #8 TestStage4ABasicAndEdgeCases tests/test_move_nodes_fast.cpp:466 (test_move_nodes_fast+0x2b850)
    #9 main tests/test_move_nodes_fast.cpp:674 (test_move_nodes_fast+0x2e2c8)

  Location is stack of main thread.

  Location is global '<null>' at 0x000000000000 ([stack]+0x00000001f098)

  Thread T1 (tid=4, running) created by main thread at:
    #0 pthread_create ../../../../src/libsanitizer/tsan/tsan_interceptors_posix.cpp:969 (libtsan.so.0+0x605b8)
    #1 <null> <null> (libgomp.so.1+0x1e25f)
    #2 RunStage4AAndCheck tests/test_move_nodes_fast.cpp:201 (test_move_nodes_fast+0x2b4c1)
    #3 TestStage4ABasicAndEdgeCases tests/test_move_nodes_fast.cpp:464 (test_move_nodes_fast+0x2b7d4)
    #4 main tests/test_move_nodes_fast.cpp:674 (test_move_nodes_fast+0x2e2c8)

SUMMARY: ThreadSanitizer: data race /usr/include/c++/11/bits/stl_vector.h:919 in std::vector<double, std::allocator<double> >::size() const
==================
==================
WARNING: ThreadSanitizer: data race (pid=2)
  Read of size 8 at 0x7ffd2222e090 by thread T1:
    #0 std::vector<double, std::allocator<double> >::size() const /usr/include/c++/11/bits/stl_vector.h:919 (test_move_nodes_fast+0x4539)
    #1 ValidateStatsPartitionVertex /home/stomo/WorkSpace/MyLeiden/QualityFunction.cpp:53 (test_move_nodes_fast+0x4539)
    #2 CPMQualityFunction::deltaMoveFromWeights(LeidenGraphStats const&, LeidenPartition const&, int, int, double, double) const /home/stomo/WorkSpace/MyLeiden/QualityFunction.cpp:585 (test_move_nodes_fast+0x480f)
    #3 MoveNodesFastParallelStage4A(SimpleGraph const&, LeidenGraphStats const&, LeidenPartition, QualityFunction const&, unsigned long, unsigned long, LeidenOptions const*) [clone ._omp_fn.0] /home/stomo/WorkSpace/MyLeiden/Leiden.cpp:1206 (test_move_nodes_fast+0xc39e)
    #4 <null> <null> (libgomp.so.1+0x1dc0d)

  Previous write of size 8 at 0x7ffd2222e090 by main thread:
    #0 std::_Vector_base<double, std::allocator<double> >::_Vector_impl_data::_Vector_impl_data() /usr/include/c++/11/bits/stl_vector.h:98 (test_move_nodes_fast+0x67e3)
    #1 std::_Vector_base<double, std::allocator<double> >::_Vector_impl::_Vector_impl() /usr/include/c++/11/bits/stl_vector.h:133 (test_move_nodes_fast+0x67e3)
    #2 std::_Vector_base<double, std::allocator<double> >::_Vector_base() /usr/include/c++/11/bits/stl_vector.h:288 (test_move_nodes_fast+0x67e3)
    #3 std::vector<double, std::allocator<double> >::vector() /usr/include/c++/11/bits/stl_vector.h:487 (test_move_nodes_fast+0x67e3)
    #4 LeidenGraphStats::LeidenGraphStats() /home/stomo/WorkSpace/MyLeiden/LeidenTypes.hpp:15 (test_move_nodes_fast+0x67e3)
    #5 BuildLeidenGraphStats(SimpleGraph const&, std::vector<double, std::allocator<double> > const&) /home/stomo/WorkSpace/MyLeiden/QualityFunction.cpp:233 (test_move_nodes_fast+0x67e3)
    #6 BuildLeidenGraphStats(SimpleGraph const&) /home/stomo/WorkSpace/MyLeiden/QualityFunction.cpp:222 (test_move_nodes_fast+0x6bd4)
    #7 RunStage4AAndCheck tests/test_move_nodes_fast.cpp:197 (test_move_nodes_fast+0x2b43b)
    #8 TestStage4ABasicAndEdgeCases tests/test_move_nodes_fast.cpp:466 (test_move_nodes_fast+0x2b850)
    #9 main tests/test_move_nodes_fast.cpp:674 (test_move_nodes_fast+0x2e2c8)

  Location is stack of main thread.

  Location is global '<null>' at 0x000000000000 ([stack]+0x00000001f090)

  Thread T1 (tid=4, running) created by main thread at:
    #0 pthread_create ../../../../src/libsanitizer/tsan/tsan_interceptors_posix.cpp:969 (libtsan.so.0+0x605b8)
    #1 <null> <null> (libgomp.so.1+0x1e25f)
    #2 RunStage4AAndCheck tests/test_move_nodes_fast.cpp:201 (test_move_nodes_fast+0x2b4c1)
    #3 TestStage4ABasicAndEdgeCases tests/test_move_nodes_fast.cpp:464 (test_move_nodes_fast+0x2b7d4)
    #4 main tests/test_move_nodes_fast.cpp:674 (test_move_nodes_fast+0x2e2c8)

SUMMARY: ThreadSanitizer: data race /usr/include/c++/11/bits/stl_vector.h:919 in std::vector<double, std::allocator<double> >::size() const
==================
==================
WARNING: ThreadSanitizer: data race (pid=2)
  Read of size 8 at 0x7ffd2222e0b0 by thread T1:
    #0 std::vector<double, std::allocator<double> >::size() const /usr/include/c++/11/bits/stl_vector.h:919 (test_move_nodes_fast+0x4557)
    #1 ValidateStatsPartitionVertex /home/stomo/WorkSpace/MyLeiden/QualityFunction.cpp:54 (test_move_nodes_fast+0x4557)
    #2 CPMQualityFunction::deltaMoveFromWeights(LeidenGraphStats const&, LeidenPartition const&, int, int, double, double) const /home/stomo/WorkSpace/MyLeiden/QualityFunction.cpp:585 (test_move_nodes_fast+0x480f)
    #3 MoveNodesFastParallelStage4A(SimpleGraph const&, LeidenGraphStats const&, LeidenPartition, QualityFunction const&, unsigned long, unsigned long, LeidenOptions const*) [clone ._omp_fn.0] /home/stomo/WorkSpace/MyLeiden/Leiden.cpp:1206 (test_move_nodes_fast+0xc39e)
    #4 <null> <null> (libgomp.so.1+0x1dc0d)

  Previous write of size 8 at 0x7ffd2222e0b0 by main thread:
    #0 std::_Vector_base<double, std::allocator<double> >::_Vector_impl_data::_Vector_impl_data() /usr/include/c++/11/bits/stl_vector.h:98 (test_move_nodes_fast+0x6829)
    #1 std::_Vector_base<double, std::allocator<double> >::_Vector_impl::_Vector_impl() /usr/include/c++/11/bits/stl_vector.h:133 (test_move_nodes_fast+0x6829)
    #2 std::_Vector_base<double, std::allocator<double> >::_Vector_base() /usr/include/c++/11/bits/stl_vector.h:288 (test_move_nodes_fast+0x6829)
    #3 std::vector<double, std::allocator<double> >::vector() /usr/include/c++/11/bits/stl_vector.h:487 (test_move_nodes_fast+0x6829)
    #4 LeidenGraphStats::LeidenGraphStats() /home/stomo/WorkSpace/MyLeiden/LeidenTypes.hpp:15 (test_move_nodes_fast+0x6829)
    #5 BuildLeidenGraphStats(SimpleGraph const&, std::vector<double, std::allocator<double> > const&) /home/stomo/WorkSpace/MyLeiden/QualityFunction.cpp:233 (test_move_nodes_fast+0x6829)
    #6 BuildLeidenGraphStats(SimpleGraph const&) /home/stomo/WorkSpace/MyLeiden/QualityFunction.cpp:222 (test_move_nodes_fast+0x6bd4)
    #7 RunStage4AAndCheck tests/test_move_nodes_fast.cpp:197 (test_move_nodes_fast+0x2b43b)
    #8 TestStage4ABasicAndEdgeCases tests/test_move_nodes_fast.cpp:466 (test_move_nodes_fast+0x2b850)
    #9 main tests/test_move_nodes_fast.cpp:674 (test_move_nodes_fast+0x2e2c8)

  Location is stack of main thread.

  Location is global '<null>' at 0x000000000000 ([stack]+0x00000001f0b0)

  Thread T1 (tid=4, running) created by main thread at:
    #0 pthread_create ../../../../src/libsanitizer/tsan/tsan_interceptors_posix.cpp:969 (libtsan.so.0+0x605b8)
    #1 <null> <null> (libgomp.so.1+0x1e25f)
    #2 RunStage4AAndCheck tests/test_move_nodes_fast.cpp:201 (test_move_nodes_fast+0x2b4c1)
    #3 TestStage4ABasicAndEdgeCases tests/test_move_nodes_fast.cpp:464 (test_move_nodes_fast+0x2b7d4)
    #4 main tests/test_move_nodes_fast.cpp:674 (test_move_nodes_fast+0x2e2c8)

SUMMARY: ThreadSanitizer: data race /usr/include/c++/11/bits/stl_vector.h:919 in std::vector<double, std::allocator<double> >::size() const
==================
==================
WARNING: ThreadSanitizer: data race (pid=2)
  Read of size 8 at 0x7ffd2222e0a8 by thread T1:
    #0 std::vector<double, std::allocator<double> >::size() const /usr/include/c++/11/bits/stl_vector.h:919 (test_move_nodes_fast+0x4563)
    #1 ValidateStatsPartitionVertex /home/stomo/WorkSpace/MyLeiden/QualityFunction.cpp:54 (test_move_nodes_fast+0x4563)
    #2 CPMQualityFunction::deltaMoveFromWeights(LeidenGraphStats const&, LeidenPartition const&, int, int, double, double) const /home/stomo/WorkSpace/MyLeiden/QualityFunction.cpp:585 (test_move_nodes_fast+0x480f)
    #3 MoveNodesFastParallelStage4A(SimpleGraph const&, LeidenGraphStats const&, LeidenPartition, QualityFunction const&, unsigned long, unsigned long, LeidenOptions const*) [clone ._omp_fn.0] /home/stomo/WorkSpace/MyLeiden/Leiden.cpp:1206 (test_move_nodes_fast+0xc39e)
    #4 <null> <null> (libgomp.so.1+0x1dc0d)

  Previous write of size 8 at 0x7ffd2222e0a8 by main thread:
    #0 std::_Vector_base<double, std::allocator<double> >::_Vector_impl_data::_Vector_impl_data() /usr/include/c++/11/bits/stl_vector.h:98 (test_move_nodes_fast+0x6818)
    #1 std::_Vector_base<double, std::allocator<double> >::_Vector_impl::_Vector_impl() /usr/include/c++/11/bits/stl_vector.h:133 (test_move_nodes_fast+0x6818)
    #2 std::_Vector_base<double, std::allocator<double> >::_Vector_base() /usr/include/c++/11/bits/stl_vector.h:288 (test_move_nodes_fast+0x6818)
    #3 std::vector<double, std::allocator<double> >::vector() /usr/include/c++/11/bits/stl_vector.h:487 (test_move_nodes_fast+0x6818)
    #4 LeidenGraphStats::LeidenGraphStats() /home/stomo/WorkSpace/MyLeiden/LeidenTypes.hpp:15 (test_move_nodes_fast+0x6818)
    #5 BuildLeidenGraphStats(SimpleGraph const&, std::vector<double, std::allocator<double> > const&) /home/stomo/WorkSpace/MyLeiden/QualityFunction.cpp:233 (test_move_nodes_fast+0x6818)
    #6 BuildLeidenGraphStats(SimpleGraph const&) /home/stomo/WorkSpace/MyLeiden/QualityFunction.cpp:222 (test_move_nodes_fast+0x6bd4)
    #7 RunStage4AAndCheck tests/test_move_nodes_fast.cpp:197 (test_move_nodes_fast+0x2b43b)
    #8 TestStage4ABasicAndEdgeCases tests/test_move_nodes_fast.cpp:466 (test_move_nodes_fast+0x2b850)
    #9 main tests/test_move_nodes_fast.cpp:674 (test_move_nodes_fast+0x2e2c8)

  Location is stack of main thread.

  Location is global '<null>' at 0x000000000000 ([stack]+0x00000001f0a8)

  Thread T1 (tid=4, running) created by main thread at:
    #0 pthread_create ../../../../src/libsanitizer/tsan/tsan_interceptors_posix.cpp:969 (libtsan.so.0+0x605b8)
    #1 <null> <null> (libgomp.so.1+0x1e25f)
    #2 RunStage4AAndCheck tests/test_move_nodes_fast.cpp:201 (test_move_nodes_fast+0x2b4c1)
    #3 TestStage4ABasicAndEdgeCases tests/test_move_nodes_fast.cpp:464 (test_move_nodes_fast+0x2b7d4)
    #4 main tests/test_move_nodes_fast.cpp:674 (test_move_nodes_fast+0x2e2c8)

SUMMARY: ThreadSanitizer: data race /usr/include/c++/11/bits/stl_vector.h:919 in std::vector<double, std::allocator<double> >::size() const
==================
==================
WARNING: ThreadSanitizer: data race (pid=2)
  Read of size 8 at 0x7b0400000070 by thread T1:
    #0 CPMQualityFunction::deltaMoveFromWeights(LeidenGraphStats const&, LeidenPartition const&, int, int, double, double) const /home/stomo/WorkSpace/MyLeiden/QualityFunction.cpp:596 (test_move_nodes_fast+0x485e)
    #1 MoveNodesFastParallelStage4A(SimpleGraph const&, LeidenGraphStats const&, LeidenPartition, QualityFunction const&, unsigned long, unsigned long, LeidenOptions const*) [clone ._omp_fn.0] /home/stomo/WorkSpace/MyLeiden/Leiden.cpp:1206 (test_move_nodes_fast+0xc39e)
    #2 <null> <null> (libgomp.so.1+0x1dc0d)

  Previous write of size 8 at 0x7b0400000070 by main thread:
    #0 operator new(unsigned long) ../../../../src/libsanitizer/tsan/tsan_new_delete.cpp:64 (libtsan.so.0+0x8f162)
    #1 __gnu_cxx::new_allocator<double>::allocate(unsigned long, void const*) /usr/include/c++/11/ext/new_allocator.h:127 (test_move_nodes_fast+0x2e80a)
    #2 std::allocator_traits<std::allocator<double> >::allocate(std::allocator<double>&, unsigned long) /usr/include/c++/11/bits/alloc_traits.h:464 (test_move_nodes_fast+0x2e80a)
    #3 std::_Vector_base<double, std::allocator<double> >::_M_allocate(unsigned long) /usr/include/c++/11/bits/stl_vector.h:346 (test_move_nodes_fast+0x2e80a)
    #4 std::_Vector_base<double, std::allocator<double> >::_M_create_storage(unsigned long) /usr/include/c++/11/bits/stl_vector.h:361 (test_move_nodes_fast+0x2e80a)
    #5 std::_Vector_base<double, std::allocator<double> >::_Vector_base(unsigned long, std::allocator<double> const&) /usr/include/c++/11/bits/stl_vector.h:305 (test_move_nodes_fast+0x2e80a)
    #6 std::vector<double, std::allocator<double> >::vector(std::vector<double, std::allocator<double> > const&) /usr/include/c++/11/bits/stl_vector.h:555 (test_move_nodes_fast+0x2e80a)
    #7 LeidenPartition::LeidenPartition(LeidenPartition const&) LeidenTypes.hpp:21 (test_move_nodes_fast+0x2e80a)
    #8 RunStage4AAndCheck tests/test_move_nodes_fast.cpp:201 (test_move_nodes_fast+0x2b499)
    #9 TestStage4ABasicAndEdgeCases tests/test_move_nodes_fast.cpp:471 (test_move_nodes_fast+0x2b8e7)
    #10 main tests/test_move_nodes_fast.cpp:674 (test_move_nodes_fast+0x2e2c8)

  Location is heap block of size 16 at 0x7b0400000070 allocated by main thread:
    #0 operator new(unsigned long) ../../../../src/libsanitizer/tsan/tsan_new_delete.cpp:64 (libtsan.so.0+0x8f162)
    #1 __gnu_cxx::new_allocator<double>::allocate(unsigned long, void const*) /usr/include/c++/11/ext/new_allocator.h:127 (test_move_nodes_fast+0x2e80a)
    #2 std::allocator_traits<std::allocator<double> >::allocate(std::allocator<double>&, unsigned long) /usr/include/c++/11/bits/alloc_traits.h:464 (test_move_nodes_fast+0x2e80a)
    #3 std::_Vector_base<double, std::allocator<double> >::_M_allocate(unsigned long) /usr/include/c++/11/bits/stl_vector.h:346 (test_move_nodes_fast+0x2e80a)
    #4 std::_Vector_base<double, std::allocator<double> >::_M_create_storage(unsigned long) /usr/include/c++/11/bits/stl_vector.h:361 (test_move_nodes_fast+0x2e80a)
    #5 std::_Vector_base<double, std::allocator<double> >::_Vector_base(unsigned long, std::allocator<double> const&) /usr/include/c++/11/bits/stl_vector.h:305 (test_move_nodes_fast+0x2e80a)
    #6 std::vector<double, std::allocator<double> >::vector(std::vector<double, std::allocator<double> > const&) /usr/include/c++/11/bits/stl_vector.h:555 (test_move_nodes_fast+0x2e80a)
    #7 LeidenPartition::LeidenPartition(LeidenPartition const&) LeidenTypes.hpp:21 (test_move_nodes_fast+0x2e80a)
    #8 RunStage4AAndCheck tests/test_move_nodes_fast.cpp:201 (test_move_nodes_fast+0x2b499)
    #9 TestStage4ABasicAndEdgeCases tests/test_move_nodes_fast.cpp:471 (test_move_nodes_fast+0x2b8e7)
    #10 main tests/test_move_nodes_fast.cpp:674 (test_move_nodes_fast+0x2e2c8)

  Thread T1 (tid=4, running) created by main thread at:
    #0 pthread_create ../../../../src/libsanitizer/tsan/tsan_interceptors_posix.cpp:969 (libtsan.so.0+0x605b8)
    #1 <null> <null> (libgomp.so.1+0x1e25f)
    #2 RunStage4AAndCheck tests/test_move_nodes_fast.cpp:201 (test_move_nodes_fast+0x2b4c1)
    #3 TestStage4ABasicAndEdgeCases tests/test_move_nodes_fast.cpp:464 (test_move_nodes_fast+0x2b7d4)
    #4 main tests/test_move_nodes_fast.cpp:674 (test_move_nodes_fast+0x2e2c8)

SUMMARY: ThreadSanitizer: data race /home/stomo/WorkSpace/MyLeiden/QualityFunction.cpp:596 in CPMQualityFunction::deltaMoveFromWeights(LeidenGraphStats const&, LeidenPartition const&, int, int, double, double) const
==================
==================
WARNING: ThreadSanitizer: data race (pid=2)
  Read of size 8 at 0x7b04000000b0 by thread T1:
    #0 CPMQualityFunction::deltaMoveFromWeights(LeidenGraphStats const&, LeidenPartition const&, int, int, double, double) const /home/stomo/WorkSpace/MyLeiden/QualityFunction.cpp:596 (test_move_nodes_fast+0x4878)
    #1 MoveNodesFastParallelStage4A(SimpleGraph const&, LeidenGraphStats const&, LeidenPartition, QualityFunction const&, unsigned long, unsigned long, LeidenOptions const*) [clone ._omp_fn.0] /home/stomo/WorkSpace/MyLeiden/Leiden.cpp:1206 (test_move_nodes_fast+0xc39e)
    #2 <null> <null> (libgomp.so.1+0x1dc0d)

  Previous write of size 8 at 0x7b04000000b0 by main thread:
    #0 operator new(unsigned long) ../../../../src/libsanitizer/tsan/tsan_new_delete.cpp:64 (libtsan.so.0+0x8f162)
    #1 __gnu_cxx::new_allocator<double>::allocate(unsigned long, void const*) /usr/include/c++/11/ext/new_allocator.h:127 (test_move_nodes_fast+0x7c58)
    #2 std::allocator_traits<std::allocator<double> >::allocate(std::allocator<double>&, unsigned long) /usr/include/c++/11/bits/alloc_traits.h:464 (test_move_nodes_fast+0x7c58)
    #3 std::_Vector_base<double, std::allocator<double> >::_M_allocate(unsigned long) /usr/include/c++/11/bits/stl_vector.h:346 (test_move_nodes_fast+0x7c58)
    #4 double* std::vector<double, std::allocator<double> >::_M_allocate_and_copy<__gnu_cxx::__normal_iterator<double const*, std::vector<double, std::allocator<double> > > >(unsigned long, __gnu_cxx::__normal_iterator<double const*, std::vector<double, std::allocator<double> > >, __gnu_cxx::__normal_iterator<double const*, std::vector<double, std::allocator<double> > >) /usr/include/c++/11/bits/stl_vector.h:1511 (test_move_nodes_fast+0x7c58)
    #5 std::vector<double, std::allocator<double> >::operator=(std::vector<double, std::allocator<double> > const&) /usr/include/c++/11/bits/vector.tcc:226 (test_move_nodes_fast+0x7c58)
    #6 BuildLeidenGraphStats(SimpleGraph const&, std::vector<double, std::allocator<double> > const&) /home/stomo/WorkSpace/MyLeiden/QualityFunction.cpp:234 (test_move_nodes_fast+0x6865)
    #7 BuildLeidenGraphStats(SimpleGraph const&) /home/stomo/WorkSpace/MyLeiden/QualityFunction.cpp:222 (test_move_nodes_fast+0x6bd4)
    #8 RunStage4AAndCheck tests/test_move_nodes_fast.cpp:197 (test_move_nodes_fast+0x2b43b)
    #9 TestStage4ABasicAndEdgeCases tests/test_move_nodes_fast.cpp:471 (test_move_nodes_fast+0x2b8e7)
    #10 main tests/test_move_nodes_fast.cpp:674 (test_move_nodes_fast+0x2e2c8)

  Location is heap block of size 16 at 0x7b04000000b0 allocated by main thread:
    #0 operator new(unsigned long) ../../../../src/libsanitizer/tsan/tsan_new_delete.cpp:64 (libtsan.so.0+0x8f162)
    #1 __gnu_cxx::new_allocator<double>::allocate(unsigned long, void const*) /usr/include/c++/11/ext/new_allocator.h:127 (test_move_nodes_fast+0x7c58)
    #2 std::allocator_traits<std::allocator<double> >::allocate(std::allocator<double>&, unsigned long) /usr/include/c++/11/bits/alloc_traits.h:464 (test_move_nodes_fast+0x7c58)
    #3 std::_Vector_base<double, std::allocator<double> >::_M_allocate(unsigned long) /usr/include/c++/11/bits/stl_vector.h:346 (test_move_nodes_fast+0x7c58)
    #4 double* std::vector<double, std::allocator<double> >::_M_allocate_and_copy<__gnu_cxx::__normal_iterator<double const*, std::vector<double, std::allocator<double> > > >(unsigned long, __gnu_cxx::__normal_iterator<double const*, std::vector<double, std::allocator<double> > >, __gnu_cxx::__normal_iterator<double const*, std::vector<double, std::allocator<double> > >) /usr/include/c++/11/bits/stl_vector.h:1511 (test_move_nodes_fast+0x7c58)
    #5 std::vector<double, std::allocator<double> >::operator=(std::vector<double, std::allocator<double> > const&) /usr/include/c++/11/bits/vector.tcc:226 (test_move_nodes_fast+0x7c58)
    #6 BuildLeidenGraphStats(SimpleGraph const&, std::vector<double, std::allocator<double> > const&) /home/stomo/WorkSpace/MyLeiden/QualityFunction.cpp:234 (test_move_nodes_fast+0x6865)
    #7 BuildLeidenGraphStats(SimpleGraph const&) /home/stomo/WorkSpace/MyLeiden/QualityFunction.cpp:222 (test_move_nodes_fast+0x6bd4)
    #8 RunStage4AAndCheck tests/test_move_nodes_fast.cpp:197 (test_move_nodes_fast+0x2b43b)
    #9 TestStage4ABasicAndEdgeCases tests/test_move_nodes_fast.cpp:471 (test_move_nodes_fast+0x2b8e7)
    #10 main tests/test_move_nodes_fast.cpp:674 (test_move_nodes_fast+0x2e2c8)

  Thread T1 (tid=4, running) created by main thread at:
    #0 pthread_create ../../../../src/libsanitizer/tsan/tsan_interceptors_posix.cpp:969 (libtsan.so.0+0x605b8)
    #1 <null> <null> (libgomp.so.1+0x1e25f)
    #2 RunStage4AAndCheck tests/test_move_nodes_fast.cpp:201 (test_move_nodes_fast+0x2b4c1)
    #3 TestStage4ABasicAndEdgeCases tests/test_move_nodes_fast.cpp:464 (test_move_nodes_fast+0x2b7d4)
    #4 main tests/test_move_nodes_fast.cpp:674 (test_move_nodes_fast+0x2e2c8)

SUMMARY: ThreadSanitizer: data race /home/stomo/WorkSpace/MyLeiden/QualityFunction.cpp:596 in CPMQualityFunction::deltaMoveFromWeights(LeidenGraphStats const&, LeidenPartition const&, int, int, double, double) const
==================
==================
WARNING: ThreadSanitizer: data race (pid=2)
  Read of size 8 at 0x7b0400000078 by thread T1:
    #0 CPMQualityFunction::deltaMoveFromWeights(LeidenGraphStats const&, LeidenPartition const&, int, int, double, double) const /home/stomo/WorkSpace/MyLeiden/QualityFunction.cpp:599 (test_move_nodes_fast+0x48c2)
    #1 MoveNodesFastParallelStage4A(SimpleGraph const&, LeidenGraphStats const&, LeidenPartition, QualityFunction const&, unsigned long, unsigned long, LeidenOptions const*) [clone ._omp_fn.0] /home/stomo/WorkSpace/MyLeiden/Leiden.cpp:1206 (test_move_nodes_fast+0xc39e)
    #2 <null> <null> (libgomp.so.1+0x1dc0d)

  Previous write of size 8 at 0x7b0400000078 by main thread:
    #0 operator new(unsigned long) ../../../../src/libsanitizer/tsan/tsan_new_delete.cpp:64 (libtsan.so.0+0x8f162)
    #1 __gnu_cxx::new_allocator<double>::allocate(unsigned long, void const*) /usr/include/c++/11/ext/new_allocator.h:127 (test_move_nodes_fast+0x2e80a)
    #2 std::allocator_traits<std::allocator<double> >::allocate(std::allocator<double>&, unsigned long) /usr/include/c++/11/bits/alloc_traits.h:464 (test_move_nodes_fast+0x2e80a)
    #3 std::_Vector_base<double, std::allocator<double> >::_M_allocate(unsigned long) /usr/include/c++/11/bits/stl_vector.h:346 (test_move_nodes_fast+0x2e80a)
    #4 std::_Vector_base<double, std::allocator<double> >::_M_create_storage(unsigned long) /usr/include/c++/11/bits/stl_vector.h:361 (test_move_nodes_fast+0x2e80a)
    #5 std::_Vector_base<double, std::allocator<double> >::_Vector_base(unsigned long, std::allocator<double> const&) /usr/include/c++/11/bits/stl_vector.h:305 (test_move_nodes_fast+0x2e80a)
    #6 std::vector<double, std::allocator<double> >::vector(std::vector<double, std::allocator<double> > const&) /usr/include/c++/11/bits/stl_vector.h:555 (test_move_nodes_fast+0x2e80a)
    #7 LeidenPartition::LeidenPartition(LeidenPartition const&) LeidenTypes.hpp:21 (test_move_nodes_fast+0x2e80a)
    #8 RunStage4AAndCheck tests/test_move_nodes_fast.cpp:201 (test_move_nodes_fast+0x2b499)
    #9 TestStage4ABasicAndEdgeCases tests/test_move_nodes_fast.cpp:471 (test_move_nodes_fast+0x2b8e7)
    #10 main tests/test_move_nodes_fast.cpp:674 (test_move_nodes_fast+0x2e2c8)

  Location is heap block of size 16 at 0x7b0400000070 allocated by main thread:
    #0 operator new(unsigned long) ../../../../src/libsanitizer/tsan/tsan_new_delete.cpp:64 (libtsan.so.0+0x8f162)
    #1 __gnu_cxx::new_allocator<double>::allocate(unsigned long, void const*) /usr/include/c++/11/ext/new_allocator.h:127 (test_move_nodes_fast+0x2e80a)
    #2 std::allocator_traits<std::allocator<double> >::allocate(std::allocator<double>&, unsigned long) /usr/include/c++/11/bits/alloc_traits.h:464 (test_move_nodes_fast+0x2e80a)
    #3 std::_Vector_base<double, std::allocator<double> >::_M_allocate(unsigned long) /usr/include/c++/11/bits/stl_vector.h:346 (test_move_nodes_fast+0x2e80a)
    #4 std::_Vector_base<double, std::allocator<double> >::_M_create_storage(unsigned long) /usr/include/c++/11/bits/stl_vector.h:361 (test_move_nodes_fast+0x2e80a)
    #5 std::_Vector_base<double, std::allocator<double> >::_Vector_base(unsigned long, std::allocator<double> const&) /usr/include/c++/11/bits/stl_vector.h:305 (test_move_nodes_fast+0x2e80a)
    #6 std::vector<double, std::allocator<double> >::vector(std::vector<double, std::allocator<double> > const&) /usr/include/c++/11/bits/stl_vector.h:555 (test_move_nodes_fast+0x2e80a)
    #7 LeidenPartition::LeidenPartition(LeidenPartition const&) LeidenTypes.hpp:21 (test_move_nodes_fast+0x2e80a)
    #8 RunStage4AAndCheck tests/test_move_nodes_fast.cpp:201 (test_move_nodes_fast+0x2b499)
    #9 TestStage4ABasicAndEdgeCases tests/test_move_nodes_fast.cpp:471 (test_move_nodes_fast+0x2b8e7)
    #10 main tests/test_move_nodes_fast.cpp:674 (test_move_nodes_fast+0x2e2c8)

  Thread T1 (tid=4, running) created by main thread at:
    #0 pthread_create ../../../../src/libsanitizer/tsan/tsan_interceptors_posix.cpp:969 (libtsan.so.0+0x605b8)
    #1 <null> <null> (libgomp.so.1+0x1e25f)
    #2 RunStage4AAndCheck tests/test_move_nodes_fast.cpp:201 (test_move_nodes_fast+0x2b4c1)
    #3 TestStage4ABasicAndEdgeCases tests/test_move_nodes_fast.cpp:464 (test_move_nodes_fast+0x2b7d4)
    #4 main tests/test_move_nodes_fast.cpp:674 (test_move_nodes_fast+0x2e2c8)

SUMMARY: ThreadSanitizer: data race /home/stomo/WorkSpace/MyLeiden/QualityFunction.cpp:599 in CPMQualityFunction::deltaMoveFromWeights(LeidenGraphStats const&, LeidenPartition const&, int, int, double, double) const
==================
==================
WARNING: ThreadSanitizer: data race (pid=2)
  Read of size 8 at 0x7ffd2222dfe8 by thread T1:
    #0 MoveNodesFastParallelStage4A(SimpleGraph const&, LeidenGraphStats const&, LeidenPartition, QualityFunction const&, unsigned long, unsigned long, LeidenOptions const*) [clone ._omp_fn.0] /home/stomo/WorkSpace/MyLeiden/Leiden.cpp:1245 (test_move_nodes_fast+0xc460)
    #1 <null> <null> (libgomp.so.1+0x1dc0d)

  Previous write of size 8 at 0x7ffd2222dfe8 by main thread:
    #0 std::_Vector_base<unsigned long, std::allocator<unsigned long> >::_Vector_impl_data::_Vector_impl_data() /usr/include/c++/11/bits/stl_vector.h:98 (test_move_nodes_fast+0xd995)
    #1 std::_Vector_base<unsigned long, std::allocator<unsigned long> >::_Vector_impl::_Vector_impl() /usr/include/c++/11/bits/stl_vector.h:133 (test_move_nodes_fast+0xd995)
    #2 std::_Vector_base<unsigned long, std::allocator<unsigned long> >::_Vector_base() /usr/include/c++/11/bits/stl_vector.h:288 (test_move_nodes_fast+0xd995)
    #3 std::vector<unsigned long, std::allocator<unsigned long> >::vector() /usr/include/c++/11/bits/stl_vector.h:487 (test_move_nodes_fast+0xd995)
    #4 NeighborCommunityScratch::NeighborCommunityScratch() /home/stomo/WorkSpace/MyLeiden/QualityFunction.hpp:123 (test_move_nodes_fast+0xd995)
    #5 MoveNodesFastParallelStage4A(SimpleGraph const&, LeidenGraphStats const&, LeidenPartition, QualityFunction const&, unsigned long, unsigned long, LeidenOptions const*) /home/stomo/WorkSpace/MyLeiden/Leiden.cpp:1258 (test_move_nodes_fast+0xd995)
    #6 RunStage4AAndCheck tests/test_move_nodes_fast.cpp:201 (test_move_nodes_fast+0x2b4c1)
    #7 TestStage4ABasicAndEdgeCases tests/test_move_nodes_fast.cpp:464 (test_move_nodes_fast+0x2b7d4)
    #8 main tests/test_move_nodes_fast.cpp:674 (test_move_nodes_fast+0x2e2c8)

  Location is stack of main thread.

  Location is global '<null>' at 0x000000000000 ([stack]+0x00000001efe8)

  Thread T1 (tid=4, running) created by main thread at:
    #0 pthread_create ../../../../src/libsanitizer/tsan/tsan_interceptors_posix.cpp:969 (libtsan.so.0+0x605b8)
    #1 <null> <null> (libgomp.so.1+0x1e25f)
    #2 RunStage4AAndCheck tests/test_move_nodes_fast.cpp:201 (test_move_nodes_fast+0x2b4c1)
    #3 TestStage4ABasicAndEdgeCases tests/test_move_nodes_fast.cpp:464 (test_move_nodes_fast+0x2b7d4)
    #4 main tests/test_move_nodes_fast.cpp:674 (test_move_nodes_fast+0x2e2c8)

SUMMARY: ThreadSanitizer: data race /home/stomo/WorkSpace/MyLeiden/Leiden.cpp:1245 in MoveNodesFastParallelStage4A(SimpleGraph const&, LeidenGraphStats const&, LeidenPartition, QualityFunction const&, unsigned long, unsigned long, LeidenOptions const*) [clone ._omp_fn.0]
==================
==================
WARNING: ThreadSanitizer: data race (pid=2)
  Read of size 8 at 0x7ffd2222df60 by thread T1:
    #0 operator[] /usr/include/c++/11/bits/stl_vector.h:1046 (test_move_nodes_fast+0xc46c)
    #1 MoveNodesFastParallelStage4A(SimpleGraph const&, LeidenGraphStats const&, LeidenPartition, QualityFunction const&, unsigned long, unsigned long, LeidenOptions const*) [clone ._omp_fn.0] /home/stomo/WorkSpace/MyLeiden/Leiden.cpp:1245 (test_move_nodes_fast+0xc46c)
    #2 <null> <null> (libgomp.so.1+0x1dc0d)

  Previous write of size 8 at 0x7ffd2222df60 by main thread:
    #0 _Vector_impl_data /usr/include/c++/11/bits/stl_vector.h:98 (test_move_nodes_fast+0xcb91)
    #1 _Vector_impl /usr/include/c++/11/bits/stl_vector.h:137 (test_move_nodes_fast+0xcb91)
    #2 _Vector_base /usr/include/c++/11/bits/stl_vector.h:304 (test_move_nodes_fast+0xcb91)
    #3 vector /usr/include/c++/11/bits/stl_vector.h:511 (test_move_nodes_fast+0xcb91)
    #4 MoveNodesFastParallelStage4A(SimpleGraph const&, LeidenGraphStats const&, LeidenPartition, QualityFunction const&, unsigned long, unsigned long, LeidenOptions const*) /home/stomo/WorkSpace/MyLeiden/Leiden.cpp:1145 (test_move_nodes_fast+0xcb91)
    #5 RunStage4AAndCheck tests/test_move_nodes_fast.cpp:201 (test_move_nodes_fast+0x2b4c1)
    #6 TestStage4ABasicAndEdgeCases tests/test_move_nodes_fast.cpp:466 (test_move_nodes_fast+0x2b850)
    #7 main tests/test_move_nodes_fast.cpp:674 (test_move_nodes_fast+0x2e2c8)

  Location is stack of main thread.

  Location is global '<null>' at 0x000000000000 ([stack]+0x00000001ef60)

  Thread T1 (tid=4, running) created by main thread at:
    #0 pthread_create ../../../../src/libsanitizer/tsan/tsan_interceptors_posix.cpp:969 (libtsan.so.0+0x605b8)
    #1 <null> <null> (libgomp.so.1+0x1e25f)
    #2 RunStage4AAndCheck tests/test_move_nodes_fast.cpp:201 (test_move_nodes_fast+0x2b4c1)
    #3 TestStage4ABasicAndEdgeCases tests/test_move_nodes_fast.cpp:464 (test_move_nodes_fast+0x2b7d4)
    #4 main tests/test_move_nodes_fast.cpp:674 (test_move_nodes_fast+0x2e2c8)

SUMMARY: ThreadSanitizer: data race /usr/include/c++/11/bits/stl_vector.h:1046 in operator[]
==================
==================
WARNING: ThreadSanitizer: data race (pid=2)
  Write of size 1 at 0x7b0c00000030 by thread T1:
    #0 MoveNodesFastParallelStage4A(SimpleGraph const&, LeidenGraphStats const&, LeidenPartition, QualityFunction const&, unsigned long, unsigned long, LeidenOptions const*) [clone ._omp_fn.0] /home/stomo/WorkSpace/MyLeiden/Leiden.cpp:1245 (test_move_nodes_fast+0xc486)
    #1 <null> <null> (libgomp.so.1+0x1dc0d)

  Previous write of size 8 at 0x7b0c00000030 by main thread:
    #0 operator new(unsigned long) ../../../../src/libsanitizer/tsan/tsan_new_delete.cpp:64 (libtsan.so.0+0x8f162)
    #1 allocate /usr/include/c++/11/ext/new_allocator.h:127 (test_move_nodes_fast+0xcbe1)
    #2 allocate /usr/include/c++/11/bits/alloc_traits.h:464 (test_move_nodes_fast+0xcbe1)
    #3 _M_allocate /usr/include/c++/11/bits/stl_vector.h:346 (test_move_nodes_fast+0xcbe1)
    #4 _M_create_storage /usr/include/c++/11/bits/stl_vector.h:361 (test_move_nodes_fast+0xcbe1)
    #5 _Vector_base /usr/include/c++/11/bits/stl_vector.h:305 (test_move_nodes_fast+0xcbe1)
    #6 vector /usr/include/c++/11/bits/stl_vector.h:511 (test_move_nodes_fast+0xcbe1)
    #7 MoveNodesFastParallelStage4A(SimpleGraph const&, LeidenGraphStats const&, LeidenPartition, QualityFunction const&, unsigned long, unsigned long, LeidenOptions const*) /home/stomo/WorkSpace/MyLeiden/Leiden.cpp:1145 (test_move_nodes_fast+0xcbe1)
    #8 RunStage4AAndCheck tests/test_move_nodes_fast.cpp:201 (test_move_nodes_fast+0x2b4c1)
    #9 TestStage4ABasicAndEdgeCases tests/test_move_nodes_fast.cpp:471 (test_move_nodes_fast+0x2b8e7)
    #10 main tests/test_move_nodes_fast.cpp:674 (test_move_nodes_fast+0x2e2c8)

  Location is heap block of size 48 at 0x7b0c00000030 allocated by main thread:
    #0 operator new(unsigned long) ../../../../src/libsanitizer/tsan/tsan_new_delete.cpp:64 (libtsan.so.0+0x8f162)
    #1 allocate /usr/include/c++/11/ext/new_allocator.h:127 (test_move_nodes_fast+0xcbe1)
    #2 allocate /usr/include/c++/11/bits/alloc_traits.h:464 (test_move_nodes_fast+0xcbe1)
    #3 _M_allocate /usr/include/c++/11/bits/stl_vector.h:346 (test_move_nodes_fast+0xcbe1)
    #4 _M_create_storage /usr/include/c++/11/bits/stl_vector.h:361 (test_move_nodes_fast+0xcbe1)
    #5 _Vector_base /usr/include/c++/11/bits/stl_vector.h:305 (test_move_nodes_fast+0xcbe1)
    #6 vector /usr/include/c++/11/bits/stl_vector.h:511 (test_move_nodes_fast+0xcbe1)
    #7 MoveNodesFastParallelStage4A(SimpleGraph const&, LeidenGraphStats const&, LeidenPartition, QualityFunction const&, unsigned long, unsigned long, LeidenOptions const*) /home/stomo/WorkSpace/MyLeiden/Leiden.cpp:1145 (test_move_nodes_fast+0xcbe1)
    #8 RunStage4AAndCheck tests/test_move_nodes_fast.cpp:201 (test_move_nodes_fast+0x2b4c1)
    #9 TestStage4ABasicAndEdgeCases tests/test_move_nodes_fast.cpp:471 (test_move_nodes_fast+0x2b8e7)
    #10 main tests/test_move_nodes_fast.cpp:674 (test_move_nodes_fast+0x2e2c8)

  Thread T1 (tid=4, running) created by main thread at:
    #0 pthread_create ../../../../src/libsanitizer/tsan/tsan_interceptors_posix.cpp:969 (libtsan.so.0+0x605b8)
    #1 <null> <null> (libgomp.so.1+0x1e25f)
    #2 RunStage4AAndCheck tests/test_move_nodes_fast.cpp:201 (test_move_nodes_fast+0x2b4c1)
    #3 TestStage4ABasicAndEdgeCases tests/test_move_nodes_fast.cpp:464 (test_move_nodes_fast+0x2b7d4)
    #4 main tests/test_move_nodes_fast.cpp:674 (test_move_nodes_fast+0x2e2c8)

SUMMARY: ThreadSanitizer: data race /home/stomo/WorkSpace/MyLeiden/Leiden.cpp:1245 in MoveNodesFastParallelStage4A(SimpleGraph const&, LeidenGraphStats const&, LeidenPartition, QualityFunction const&, unsigned long, unsigned long, LeidenOptions const*) [clone ._omp_fn.0]
==================
==================
WARNING: ThreadSanitizer: data race (pid=2)
  Write of size 4 at 0x7b0c00000038 by thread T1:
    #0 MoveNodesFastParallelStage4A(SimpleGraph const&, LeidenGraphStats const&, LeidenPartition, QualityFunction const&, unsigned long, unsigned long, LeidenOptions const*) [clone ._omp_fn.0] /home/stomo/WorkSpace/MyLeiden/Leiden.cpp:1245 (test_move_nodes_fast+0xc4b9)
    #1 <null> <null> (libgomp.so.1+0x1dc0d)

  Previous write of size 8 at 0x7b0c00000038 by main thread:
    #0 operator new(unsigned long) ../../../../src/libsanitizer/tsan/tsan_new_delete.cpp:64 (libtsan.so.0+0x8f162)
    #1 allocate /usr/include/c++/11/ext/new_allocator.h:127 (test_move_nodes_fast+0xcbe1)
    #2 allocate /usr/include/c++/11/bits/alloc_traits.h:464 (test_move_nodes_fast+0xcbe1)
    #3 _M_allocate /usr/include/c++/11/bits/stl_vector.h:346 (test_move_nodes_fast+0xcbe1)
    #4 _M_create_storage /usr/include/c++/11/bits/stl_vector.h:361 (test_move_nodes_fast+0xcbe1)
    #5 _Vector_base /usr/include/c++/11/bits/stl_vector.h:305 (test_move_nodes_fast+0xcbe1)
    #6 vector /usr/include/c++/11/bits/stl_vector.h:511 (test_move_nodes_fast+0xcbe1)
    #7 MoveNodesFastParallelStage4A(SimpleGraph const&, LeidenGraphStats const&, LeidenPartition, QualityFunction const&, unsigned long, unsigned long, LeidenOptions const*) /home/stomo/WorkSpace/MyLeiden/Leiden.cpp:1145 (test_move_nodes_fast+0xcbe1)
    #8 RunStage4AAndCheck tests/test_move_nodes_fast.cpp:201 (test_move_nodes_fast+0x2b4c1)
    #9 TestStage4ABasicAndEdgeCases tests/test_move_nodes_fast.cpp:471 (test_move_nodes_fast+0x2b8e7)
    #10 main tests/test_move_nodes_fast.cpp:674 (test_move_nodes_fast+0x2e2c8)

  Location is heap block of size 48 at 0x7b0c00000030 allocated by main thread:
    #0 operator new(unsigned long) ../../../../src/libsanitizer/tsan/tsan_new_delete.cpp:64 (libtsan.so.0+0x8f162)
    #1 allocate /usr/include/c++/11/ext/new_allocator.h:127 (test_move_nodes_fast+0xcbe1)
    #2 allocate /usr/include/c++/11/bits/alloc_traits.h:464 (test_move_nodes_fast+0xcbe1)
    #3 _M_allocate /usr/include/c++/11/bits/stl_vector.h:346 (test_move_nodes_fast+0xcbe1)
    #4 _M_create_storage /usr/include/c++/11/bits/stl_vector.h:361 (test_move_nodes_fast+0xcbe1)
    #5 _Vector_base /usr/include/c++/11/bits/stl_vector.h:305 (test_move_nodes_fast+0xcbe1)
    #6 vector /usr/include/c++/11/bits/stl_vector.h:511 (test_move_nodes_fast+0xcbe1)
    #7 MoveNodesFastParallelStage4A(SimpleGraph const&, LeidenGraphStats const&, LeidenPartition, QualityFunction const&, unsigned long, unsigned long, LeidenOptions const*) /home/stomo/WorkSpace/MyLeiden/Leiden.cpp:1145 (test_move_nodes_fast+0xcbe1)
    #8 RunStage4AAndCheck tests/test_move_nodes_fast.cpp:201 (test_move_nodes_fast+0x2b4c1)
    #9 TestStage4ABasicAndEdgeCases tests/test_move_nodes_fast.cpp:471 (test_move_nodes_fast+0x2b8e7)
    #10 main tests/test_move_nodes_fast.cpp:674 (test_move_nodes_fast+0x2e2c8)

  Thread T1 (tid=4, running) created by main thread at:
    #0 pthread_create ../../../../src/libsanitizer/tsan/tsan_interceptors_posix.cpp:969 (libtsan.so.0+0x605b8)
    #1 <null> <null> (libgomp.so.1+0x1e25f)
    #2 RunStage4AAndCheck tests/test_move_nodes_fast.cpp:201 (test_move_nodes_fast+0x2b4c1)
    #3 TestStage4ABasicAndEdgeCases tests/test_move_nodes_fast.cpp:464 (test_move_nodes_fast+0x2b7d4)
    #4 main tests/test_move_nodes_fast.cpp:674 (test_move_nodes_fast+0x2e2c8)

SUMMARY: ThreadSanitizer: data race /home/stomo/WorkSpace/MyLeiden/Leiden.cpp:1245 in MoveNodesFastParallelStage4A(SimpleGraph const&, LeidenGraphStats const&, LeidenPartition, QualityFunction const&, unsigned long, unsigned long, LeidenOptions const*) [clone ._omp_fn.0]
==================
==================
WARNING: ThreadSanitizer: data race (pid=2)
  Write of size 8 at 0x7b0c00000040 by thread T1:
    #0 MoveNodesFastParallelStage4A(SimpleGraph const&, LeidenGraphStats const&, LeidenPartition, QualityFunction const&, unsigned long, unsigned long, LeidenOptions const*) [clone ._omp_fn.0] /home/stomo/WorkSpace/MyLeiden/Leiden.cpp:1245 (test_move_nodes_fast+0xc4dd)
    #1 <null> <null> (libgomp.so.1+0x1dc0d)

  Previous write of size 8 at 0x7b0c00000040 by main thread:
    #0 operator new(unsigned long) ../../../../src/libsanitizer/tsan/tsan_new_delete.cpp:64 (libtsan.so.0+0x8f162)
    #1 allocate /usr/include/c++/11/ext/new_allocator.h:127 (test_move_nodes_fast+0xcbe1)
    #2 allocate /usr/include/c++/11/bits/alloc_traits.h:464 (test_move_nodes_fast+0xcbe1)
    #3 _M_allocate /usr/include/c++/11/bits/stl_vector.h:346 (test_move_nodes_fast+0xcbe1)
    #4 _M_create_storage /usr/include/c++/11/bits/stl_vector.h:361 (test_move_nodes_fast+0xcbe1)
    #5 _Vector_base /usr/include/c++/11/bits/stl_vector.h:305 (test_move_nodes_fast+0xcbe1)
    #6 vector /usr/include/c++/11/bits/stl_vector.h:511 (test_move_nodes_fast+0xcbe1)
    #7 MoveNodesFastParallelStage4A(SimpleGraph const&, LeidenGraphStats const&, LeidenPartition, QualityFunction const&, unsigned long, unsigned long, LeidenOptions const*) /home/stomo/WorkSpace/MyLeiden/Leiden.cpp:1145 (test_move_nodes_fast+0xcbe1)
    #8 RunStage4AAndCheck tests/test_move_nodes_fast.cpp:201 (test_move_nodes_fast+0x2b4c1)
    #9 TestStage4ABasicAndEdgeCases tests/test_move_nodes_fast.cpp:471 (test_move_nodes_fast+0x2b8e7)
    #10 main tests/test_move_nodes_fast.cpp:674 (test_move_nodes_fast+0x2e2c8)

  Location is heap block of size 48 at 0x7b0c00000030 allocated by main thread:
    #0 operator new(unsigned long) ../../../../src/libsanitizer/tsan/tsan_new_delete.cpp:64 (libtsan.so.0+0x8f162)
    #1 allocate /usr/include/c++/11/ext/new_allocator.h:127 (test_move_nodes_fast+0xcbe1)
    #2 allocate /usr/include/c++/11/bits/alloc_traits.h:464 (test_move_nodes_fast+0xcbe1)
    #3 _M_allocate /usr/include/c++/11/bits/stl_vector.h:346 (test_move_nodes_fast+0xcbe1)
    #4 _M_create_storage /usr/include/c++/11/bits/stl_vector.h:361 (test_move_nodes_fast+0xcbe1)
    #5 _Vector_base /usr/include/c++/11/bits/stl_vector.h:305 (test_move_nodes_fast+0xcbe1)
    #6 vector /usr/include/c++/11/bits/stl_vector.h:511 (test_move_nodes_fast+0xcbe1)
    #7 MoveNodesFastParallelStage4A(SimpleGraph const&, LeidenGraphStats const&, LeidenPartition, QualityFunction const&, unsigned long, unsigned long, LeidenOptions const*) /home/stomo/WorkSpace/MyLeiden/Leiden.cpp:1145 (test_move_nodes_fast+0xcbe1)
    #8 RunStage4AAndCheck tests/test_move_nodes_fast.cpp:201 (test_move_nodes_fast+0x2b4c1)
    #9 TestStage4ABasicAndEdgeCases tests/test_move_nodes_fast.cpp:471 (test_move_nodes_fast+0x2b8e7)
    #10 main tests/test_move_nodes_fast.cpp:674 (test_move_nodes_fast+0x2e2c8)

  Thread T1 (tid=4, running) created by main thread at:
    #0 pthread_create ../../../../src/libsanitizer/tsan/tsan_interceptors_posix.cpp:969 (libtsan.so.0+0x605b8)
    #1 <null> <null> (libgomp.so.1+0x1e25f)
    #2 RunStage4AAndCheck tests/test_move_nodes_fast.cpp:201 (test_move_nodes_fast+0x2b4c1)
    #3 TestStage4ABasicAndEdgeCases tests/test_move_nodes_fast.cpp:464 (test_move_nodes_fast+0x2b7d4)
    #4 main tests/test_move_nodes_fast.cpp:674 (test_move_nodes_fast+0x2e2c8)

SUMMARY: ThreadSanitizer: data race /home/stomo/WorkSpace/MyLeiden/Leiden.cpp:1245 in MoveNodesFastParallelStage4A(SimpleGraph const&, LeidenGraphStats const&, LeidenPartition, QualityFunction const&, unsigned long, unsigned long, LeidenOptions const*) [clone ._omp_fn.0]
==================
==================
WARNING: ThreadSanitizer: data race (pid=2)
  Read of size 4 at 0x7b0400000010 by thread T1:
    #0 BuildNeighborCommunityWeights(SimpleGraph const&, LeidenPartition const&, int, NeighborCommunityScratch&) /home/stomo/WorkSpace/MyLeiden/QualityFunction.cpp:187 (test_move_nodes_fast+0x6658)
    #1 MoveNodesFastParallelStage4A(SimpleGraph const&, LeidenGraphStats const&, LeidenPartition, QualityFunction const&, unsigned long, unsigned long, LeidenOptions const*) [clone ._omp_fn.0] /home/stomo/WorkSpace/MyLeiden/Leiden.cpp:1191 (test_move_nodes_fast+0xc5d4)
    #2 <null> <null> (libgomp.so.1+0x1dc0d)

  Previous write of size 8 at 0x7b0400000010 by main thread:
    #0 operator new(unsigned long) ../../../../src/libsanitizer/tsan/tsan_new_delete.cpp:64 (libtsan.so.0+0x8f162)
    #1 __gnu_cxx::new_allocator<Edge>::allocate(unsigned long, void const*) /usr/include/c++/11/ext/new_allocator.h:127 (test_move_nodes_fast+0x23184)
    #2 std::allocator_traits<std::allocator<Edge> >::allocate(std::allocator<Edge>&, unsigned long) /usr/include/c++/11/bits/alloc_traits.h:464 (test_move_nodes_fast+0x23184)
    #3 std::_Vector_base<Edge, std::allocator<Edge> >::_M_allocate(unsigned long) /usr/include/c++/11/bits/stl_vector.h:346 (test_move_nodes_fast+0x23184)
    #4 void std::vector<Edge, std::allocator<Edge> >::_M_realloc_insert<Edge>(__gnu_cxx::__normal_iterator<Edge*, std::vector<Edge, std::allocator<Edge> > >, Edge&&) /usr/include/c++/11/bits/vector.tcc:440 (test_move_nodes_fast+0x23184)
    #5 Edge& std::vector<Edge, std::allocator<Edge> >::emplace_back<Edge>(Edge&&) /usr/include/c++/11/bits/vector.tcc:121 (test_move_nodes_fast+0x2322d)
    #6 std::vector<Edge, std::allocator<Edge> >::push_back(Edge&&) /usr/include/c++/11/bits/stl_vector.h:1204 (test_move_nodes_fast+0x2f50f)
    #7 add_undirected_edge(SimpleGraph&, int, int, double) common/Types.hpp:44 (test_move_nodes_fast+0x2f50f)
    #8 TestStage4ABasicAndEdgeCases tests/test_move_nodes_fast.cpp:470 (test_move_nodes_fast+0x2b8a4)
    #9 main tests/test_move_nodes_fast.cpp:674 (test_move_nodes_fast+0x2e2c8)

  Location is heap block of size 16 at 0x7b0400000010 allocated by main thread:
    #0 operator new(unsigned long) ../../../../src/libsanitizer/tsan/tsan_new_delete.cpp:64 (libtsan.so.0+0x8f162)
    #1 __gnu_cxx::new_allocator<Edge>::allocate(unsigned long, void const*) /usr/include/c++/11/ext/new_allocator.h:127 (test_move_nodes_fast+0x23184)
    #2 std::allocator_traits<std::allocator<Edge> >::allocate(std::allocator<Edge>&, unsigned long) /usr/include/c++/11/bits/alloc_traits.h:464 (test_move_nodes_fast+0x23184)
    #3 std::_Vector_base<Edge, std::allocator<Edge> >::_M_allocate(unsigned long) /usr/include/c++/11/bits/stl_vector.h:346 (test_move_nodes_fast+0x23184)
    #4 void std::vector<Edge, std::allocator<Edge> >::_M_realloc_insert<Edge>(__gnu_cxx::__normal_iterator<Edge*, std::vector<Edge, std::allocator<Edge> > >, Edge&&) /usr/include/c++/11/bits/vector.tcc:440 (test_move_nodes_fast+0x23184)
    #5 Edge& std::vector<Edge, std::allocator<Edge> >::emplace_back<Edge>(Edge&&) /usr/include/c++/11/bits/vector.tcc:121 (test_move_nodes_fast+0x2322d)
    #6 std::vector<Edge, std::allocator<Edge> >::push_back(Edge&&) /usr/include/c++/11/bits/stl_vector.h:1204 (test_move_nodes_fast+0x2f50f)
    #7 add_undirected_edge(SimpleGraph&, int, int, double) common/Types.hpp:44 (test_move_nodes_fast+0x2f50f)
    #8 TestStage4ABasicAndEdgeCases tests/test_move_nodes_fast.cpp:470 (test_move_nodes_fast+0x2b8a4)
    #9 main tests/test_move_nodes_fast.cpp:674 (test_move_nodes_fast+0x2e2c8)

  Thread T1 (tid=4, running) created by main thread at:
    #0 pthread_create ../../../../src/libsanitizer/tsan/tsan_interceptors_posix.cpp:969 (libtsan.so.0+0x605b8)
    #1 <null> <null> (libgomp.so.1+0x1e25f)
    #2 RunStage4AAndCheck tests/test_move_nodes_fast.cpp:201 (test_move_nodes_fast+0x2b4c1)
    #3 TestStage4ABasicAndEdgeCases tests/test_move_nodes_fast.cpp:464 (test_move_nodes_fast+0x2b7d4)
    #4 main tests/test_move_nodes_fast.cpp:674 (test_move_nodes_fast+0x2e2c8)

SUMMARY: ThreadSanitizer: data race /home/stomo/WorkSpace/MyLeiden/QualityFunction.cpp:187 in BuildNeighborCommunityWeights(SimpleGraph const&, LeidenPartition const&, int, NeighborCommunityScratch&)
==================
==================
WARNING: ThreadSanitizer: data race (pid=2)
  Read of size 8 at 0x7b0400000018 by thread T1:
    #0 BuildNeighborCommunityWeights(SimpleGraph const&, LeidenPartition const&, int, NeighborCommunityScratch&) /home/stomo/WorkSpace/MyLeiden/QualityFunction.cpp:201 (test_move_nodes_fast+0x6620)
    #1 MoveNodesFastParallelStage4A(SimpleGraph const&, LeidenGraphStats const&, LeidenPartition, QualityFunction const&, unsigned long, unsigned long, LeidenOptions const*) [clone ._omp_fn.0] /home/stomo/WorkSpace/MyLeiden/Leiden.cpp:1191 (test_move_nodes_fast+0xc5d4)
    #2 <null> <null> (libgomp.so.1+0x1dc0d)

  Previous write of size 8 at 0x7b0400000018 by main thread:
    #0 operator new(unsigned long) ../../../../src/libsanitizer/tsan/tsan_new_delete.cpp:64 (libtsan.so.0+0x8f162)
    #1 __gnu_cxx::new_allocator<Edge>::allocate(unsigned long, void const*) /usr/include/c++/11/ext/new_allocator.h:127 (test_move_nodes_fast+0x23184)
    #2 std::allocator_traits<std::allocator<Edge> >::allocate(std::allocator<Edge>&, unsigned long) /usr/include/c++/11/bits/alloc_traits.h:464 (test_move_nodes_fast+0x23184)
    #3 std::_Vector_base<Edge, std::allocator<Edge> >::_M_allocate(unsigned long) /usr/include/c++/11/bits/stl_vector.h:346 (test_move_nodes_fast+0x23184)
    #4 void std::vector<Edge, std::allocator<Edge> >::_M_realloc_insert<Edge>(__gnu_cxx::__normal_iterator<Edge*, std::vector<Edge, std::allocator<Edge> > >, Edge&&) /usr/include/c++/11/bits/vector.tcc:440 (test_move_nodes_fast+0x23184)
    #5 Edge& std::vector<Edge, std::allocator<Edge> >::emplace_back<Edge>(Edge&&) /usr/include/c++/11/bits/vector.tcc:121 (test_move_nodes_fast+0x2322d)
    #6 std::vector<Edge, std::allocator<Edge> >::push_back(Edge&&) /usr/include/c++/11/bits/stl_vector.h:1204 (test_move_nodes_fast+0x2f50f)
    #7 add_undirected_edge(SimpleGraph&, int, int, double) common/Types.hpp:44 (test_move_nodes_fast+0x2f50f)
    #8 TestStage4ABasicAndEdgeCases tests/test_move_nodes_fast.cpp:470 (test_move_nodes_fast+0x2b8a4)
    #9 main tests/test_move_nodes_fast.cpp:674 (test_move_nodes_fast+0x2e2c8)

  Location is heap block of size 16 at 0x7b0400000010 allocated by main thread:
    #0 operator new(unsigned long) ../../../../src/libsanitizer/tsan/tsan_new_delete.cpp:64 (libtsan.so.0+0x8f162)
    #1 __gnu_cxx::new_allocator<Edge>::allocate(unsigned long, void const*) /usr/include/c++/11/ext/new_allocator.h:127 (test_move_nodes_fast+0x23184)
    #2 std::allocator_traits<std::allocator<Edge> >::allocate(std::allocator<Edge>&, unsigned long) /usr/include/c++/11/bits/alloc_traits.h:464 (test_move_nodes_fast+0x23184)
    #3 std::_Vector_base<Edge, std::allocator<Edge> >::_M_allocate(unsigned long) /usr/include/c++/11/bits/stl_vector.h:346 (test_move_nodes_fast+0x23184)
    #4 void std::vector<Edge, std::allocator<Edge> >::_M_realloc_insert<Edge>(__gnu_cxx::__normal_iterator<Edge*, std::vector<Edge, std::allocator<Edge> > >, Edge&&) /usr/include/c++/11/bits/vector.tcc:440 (test_move_nodes_fast+0x23184)
    #5 Edge& std::vector<Edge, std::allocator<Edge> >::emplace_back<Edge>(Edge&&) /usr/include/c++/11/bits/vector.tcc:121 (test_move_nodes_fast+0x2322d)
    #6 std::vector<Edge, std::allocator<Edge> >::push_back(Edge&&) /usr/include/c++/11/bits/stl_vector.h:1204 (test_move_nodes_fast+0x2f50f)
    #7 add_undirected_edge(SimpleGraph&, int, int, double) common/Types.hpp:44 (test_move_nodes_fast+0x2f50f)
    #8 TestStage4ABasicAndEdgeCases tests/test_move_nodes_fast.cpp:470 (test_move_nodes_fast+0x2b8a4)
    #9 main tests/test_move_nodes_fast.cpp:674 (test_move_nodes_fast+0x2e2c8)

  Thread T1 (tid=4, running) created by main thread at:
    #0 pthread_create ../../../../src/libsanitizer/tsan/tsan_interceptors_posix.cpp:969 (libtsan.so.0+0x605b8)
    #1 <null> <null> (libgomp.so.1+0x1e25f)
    #2 RunStage4AAndCheck tests/test_move_nodes_fast.cpp:201 (test_move_nodes_fast+0x2b4c1)
    #3 TestStage4ABasicAndEdgeCases tests/test_move_nodes_fast.cpp:464 (test_move_nodes_fast+0x2b7d4)
    #4 main tests/test_move_nodes_fast.cpp:674 (test_move_nodes_fast+0x2e2c8)

SUMMARY: ThreadSanitizer: data race /home/stomo/WorkSpace/MyLeiden/QualityFunction.cpp:201 in BuildNeighborCommunityWeights(SimpleGraph const&, LeidenPartition const&, int, NeighborCommunityScratch&)
==================
==================
WARNING: ThreadSanitizer: data race (pid=2)
  Read of size 1 at 0x7b0400000100 by thread T1:
    #0 MoveNodesFastParallelStage4A(SimpleGraph const&, LeidenGraphStats const&, LeidenPartition, QualityFunction const&, unsigned long, unsigned long, LeidenOptions const*) [clone ._omp_fn.0] /home/stomo/WorkSpace/MyLeiden/Leiden.cpp:1180 (test_move_nodes_fast+0xc55a)
    #1 <null> <null> (libgomp.so.1+0x1dc0d)

  Previous write of size 8 at 0x7b0400000100 by main thread:
    #0 operator new(unsigned long) ../../../../src/libsanitizer/tsan/tsan_new_delete.cpp:64 (libtsan.so.0+0x8f162)
    #1 __gnu_cxx::new_allocator<unsigned char>::allocate(unsigned long, void const*) /usr/include/c++/11/ext/new_allocator.h:127 (test_move_nodes_fast+0xcb06)
    #2 std::allocator_traits<std::allocator<unsigned char> >::allocate(std::allocator<unsigned char>&, unsigned long) /usr/include/c++/11/bits/alloc_traits.h:464 (test_move_nodes_fast+0xcb06)
    #3 std::_Vector_base<unsigned char, std::allocator<unsigned char> >::_M_allocate(unsigned long) /usr/include/c++/11/bits/stl_vector.h:346 (test_move_nodes_fast+0xcb06)
    #4 std::_Vector_base<unsigned char, std::allocator<unsigned char> >::_M_create_storage(unsigned long) /usr/include/c++/11/bits/stl_vector.h:361 (test_move_nodes_fast+0xcb06)
    #5 std::_Vector_base<unsigned char, std::allocator<unsigned char> >::_Vector_base(unsigned long, std::allocator<unsigned char> const&) /usr/include/c++/11/bits/stl_vector.h:305 (test_move_nodes_fast+0xcb06)
    #6 std::vector<unsigned char, std::allocator<unsigned char> >::vector(unsigned long, unsigned char const&, std::allocator<unsigned char> const&) /usr/include/c++/11/bits/stl_vector.h:524 (test_move_nodes_fast+0xcb06)
    #7 MoveNodesFastParallelStage4A(SimpleGraph const&, LeidenGraphStats const&, LeidenPartition, QualityFunction const&, unsigned long, unsigned long, LeidenOptions const*) /home/stomo/WorkSpace/MyLeiden/Leiden.cpp:1144 (test_move_nodes_fast+0xcb06)
    #8 RunStage4AAndCheck tests/test_move_nodes_fast.cpp:201 (test_move_nodes_fast+0x2b4c1)
    #9 TestStage4ABasicAndEdgeCases tests/test_move_nodes_fast.cpp:471 (test_move_nodes_fast+0x2b8e7)
    #10 main tests/test_move_nodes_fast.cpp:674 (test_move_nodes_fast+0x2e2c8)

  Location is heap block of size 2 at 0x7b0400000100 allocated by main thread:
    #0 operator new(unsigned long) ../../../../src/libsanitizer/tsan/tsan_new_delete.cpp:64 (libtsan.so.0+0x8f162)
    #1 __gnu_cxx::new_allocator<unsigned char>::allocate(unsigned long, void const*) /usr/include/c++/11/ext/new_allocator.h:127 (test_move_nodes_fast+0xcb06)
    #2 std::allocator_traits<std::allocator<unsigned char> >::allocate(std::allocator<unsigned char>&, unsigned long) /usr/include/c++/11/bits/alloc_traits.h:464 (test_move_nodes_fast+0xcb06)
    #3 std::_Vector_base<unsigned char, std::allocator<unsigned char> >::_M_allocate(unsigned long) /usr/include/c++/11/bits/stl_vector.h:346 (test_move_nodes_fast+0xcb06)
    #4 std::_Vector_base<unsigned char, std::allocator<unsigned char> >::_M_create_storage(unsigned long) /usr/include/c++/11/bits/stl_vector.h:361 (test_move_nodes_fast+0xcb06)
    #5 std::_Vector_base<unsigned char, std::allocator<unsigned char> >::_Vector_base(unsigned long, std::allocator<unsigned char> const&) /usr/include/c++/11/bits/stl_vector.h:305 (test_move_nodes_fast+0xcb06)
    #6 std::vector<unsigned char, std::allocator<unsigned char> >::vector(unsigned long, unsigned char const&, std::allocator<unsigned char> const&) /usr/include/c++/11/bits/stl_vector.h:524 (test_move_nodes_fast+0xcb06)
    #7 MoveNodesFastParallelStage4A(SimpleGraph const&, LeidenGraphStats const&, LeidenPartition, QualityFunction const&, unsigned long, unsigned long, LeidenOptions const*) /home/stomo/WorkSpace/MyLeiden/Leiden.cpp:1144 (test_move_nodes_fast+0xcb06)
    #8 RunStage4AAndCheck tests/test_move_nodes_fast.cpp:201 (test_move_nodes_fast+0x2b4c1)
    #9 TestStage4ABasicAndEdgeCases tests/test_move_nodes_fast.cpp:471 (test_move_nodes_fast+0x2b8e7)
    #10 main tests/test_move_nodes_fast.cpp:674 (test_move_nodes_fast+0x2e2c8)

  Thread T1 (tid=4, running) created by main thread at:
    #0 pthread_create ../../../../src/libsanitizer/tsan/tsan_interceptors_posix.cpp:969 (libtsan.so.0+0x605b8)
    #1 <null> <null> (libgomp.so.1+0x1e25f)
    #2 RunStage4AAndCheck tests/test_move_nodes_fast.cpp:201 (test_move_nodes_fast+0x2b4c1)
    #3 TestStage4ABasicAndEdgeCases tests/test_move_nodes_fast.cpp:464 (test_move_nodes_fast+0x2b7d4)
    #4 main tests/test_move_nodes_fast.cpp:674 (test_move_nodes_fast+0x2e2c8)

SUMMARY: ThreadSanitizer: data race /home/stomo/WorkSpace/MyLeiden/Leiden.cpp:1180 in MoveNodesFastParallelStage4A(SimpleGraph const&, LeidenGraphStats const&, LeidenPartition, QualityFunction const&, unsigned long, unsigned long, LeidenOptions const*) [clone ._omp_fn.0]
==================
==================
WARNING: ThreadSanitizer: data race (pid=2)
  Read of size 1 at 0x7b0400000080 by thread T1:
    #0 MoveNodesFastParallelStage4A(SimpleGraph const&, LeidenGraphStats const&, LeidenPartition, QualityFunction const&, unsigned long, unsigned long, LeidenOptions const*) [clone ._omp_fn.0] /home/stomo/WorkSpace/MyLeiden/Leiden.cpp:1180 (test_move_nodes_fast+0xc55a)
    #1 <null> <null> (libgomp.so.1+0x1dc0d)

  Previous write of size 1 at 0x7b0400000080 by main thread:
    #0 memset ../../../../src/libsanitizer/sanitizer_common/sanitizer_common_interceptors.inc:799 (libtsan.so.0+0x614cb)
    #1 memset ../../../../src/libsanitizer/sanitizer_common/sanitizer_common_interceptors.inc:797 (libtsan.so.0+0x614cb)
    #2 __gnu_cxx::__enable_if<std::__is_byte<unsigned char>::__value, void>::__type std::__fill_a1<unsigned char>(unsigned char*, unsigned char*, unsigned char const&) /usr/include/c++/11/bits/stl_algobase.h:944 (test_move_nodes_fast+0xcaa3)
    #3 void std::__fill_a<unsigned char*, unsigned char>(unsigned char*, unsigned char*, unsigned char const&) /usr/include/c++/11/bits/stl_algobase.h:969 (test_move_nodes_fast+0xcaa3)
    #4 unsigned char* std::__fill_n_a<unsigned char*, unsigned long, unsigned char>(unsigned char*, unsigned long, unsigned char const&, std::random_access_iterator_tag) /usr/include/c++/11/bits/stl_algobase.h:1120 (test_move_nodes_fast+0xcaa3)
    #5 unsigned char* std::fill_n<unsigned char*, unsigned long, unsigned char>(unsigned char*, unsigned long, unsigned char const&) /usr/include/c++/11/bits/stl_algobase.h:1149 (test_move_nodes_fast+0xcaa3)
    #6 unsigned char* std::__uninitialized_fill_n<true>::__uninit_fill_n<unsigned char*, unsigned long, unsigned char>(unsigned char*, unsigned long, unsigned char const&) /usr/include/c++/11/bits/stl_uninitialized.h:255 (test_move_nodes_fast+0xcaa3)
    #7 unsigned char* std::uninitialized_fill_n<unsigned char*, unsigned long, unsigned char>(unsigned char*, unsigned long, unsigned char const&) /usr/include/c++/11/bits/stl_uninitialized.h:297 (test_move_nodes_fast+0xcaa3)
    #8 unsigned char* std::__uninitialized_fill_n_a<unsigned char*, unsigned long, unsigned char, unsigned char>(unsigned char*, unsigned long, unsigned char const&, std::allocator<unsigned char>&) /usr/include/c++/11/bits/stl_uninitialized.h:410 (test_move_nodes_fast+0xcaa3)
    #9 std::vector<unsigned char, std::allocator<unsigned char> >::_M_fill_initialize(unsigned long, unsigned char const&) /usr/include/c++/11/bits/stl_vector.h:1596 (test_move_nodes_fast+0xcaa3)
    #10 std::vector<unsigned char, std::allocator<unsigned char> >::vector(unsigned long, unsigned char const&, std::allocator<unsigned char> const&) /usr/include/c++/11/bits/stl_vector.h:525 (test_move_nodes_fast+0xcaa3)
    #11 MoveNodesFastParallelStage4A(SimpleGraph const&, LeidenGraphStats const&, LeidenPartition, QualityFunction const&, unsigned long, unsigned long, LeidenOptions const*) /home/stomo/WorkSpace/MyLeiden/Leiden.cpp:1142 (test_move_nodes_fast+0xcaa3)
    #12 RunStage4AAndCheck tests/test_move_nodes_fast.cpp:201 (test_move_nodes_fast+0x2b4c1)
    #13 TestStage4ABasicAndEdgeCases tests/test_move_nodes_fast.cpp:472 (test_move_nodes_fast+0x2b94b)
    #14 main tests/test_move_nodes_fast.cpp:674 (test_move_nodes_fast+0x2e2c8)

  Location is heap block of size 6 at 0x7b0400000080 allocated by main thread:
    #0 operator new(unsigned long) ../../../../src/libsanitizer/tsan/tsan_new_delete.cpp:64 (libtsan.so.0+0x8f162)
    #1 __gnu_cxx::new_allocator<unsigned char>::allocate(unsigned long, void const*) /usr/include/c++/11/ext/new_allocator.h:127 (test_move_nodes_fast+0xca2c)
    #2 std::allocator_traits<std::allocator<unsigned char> >::allocate(std::allocator<unsigned char>&, unsigned long) /usr/include/c++/11/bits/alloc_traits.h:464 (test_move_nodes_fast+0xca2c)
    #3 std::_Vector_base<unsigned char, std::allocator<unsigned char> >::_M_allocate(unsigned long) /usr/include/c++/11/bits/stl_vector.h:346 (test_move_nodes_fast+0xca2c)
    #4 std::_Vector_base<unsigned char, std::allocator<unsigned char> >::_M_create_storage(unsigned long) /usr/include/c++/11/bits/stl_vector.h:361 (test_move_nodes_fast+0xca2c)
    #5 std::_Vector_base<unsigned char, std::allocator<unsigned char> >::_Vector_base(unsigned long, std::allocator<unsigned char> const&) /usr/include/c++/11/bits/stl_vector.h:305 (test_move_nodes_fast+0xca2c)
    #6 std::vector<unsigned char, std::allocator<unsigned char> >::vector(unsigned long, unsigned char const&, std::allocator<unsigned char> const&) /usr/include/c++/11/bits/stl_vector.h:524 (test_move_nodes_fast+0xca2c)
    #7 MoveNodesFastParallelStage4A(SimpleGraph const&, LeidenGraphStats const&, LeidenPartition, QualityFunction const&, unsigned long, unsigned long, LeidenOptions const*) /home/stomo/WorkSpace/MyLeiden/Leiden.cpp:1142 (test_move_nodes_fast+0xca2c)
    #8 RunStage4AAndCheck tests/test_move_nodes_fast.cpp:201 (test_move_nodes_fast+0x2b4c1)
    #9 TestStage4ABasicAndEdgeCases tests/test_move_nodes_fast.cpp:472 (test_move_nodes_fast+0x2b94b)
    #10 main tests/test_move_nodes_fast.cpp:674 (test_move_nodes_fast+0x2e2c8)

  Thread T1 (tid=4, running) created by main thread at:
    #0 pthread_create ../../../../src/libsanitizer/tsan/tsan_interceptors_posix.cpp:969 (libtsan.so.0+0x605b8)
    #1 <null> <null> (libgomp.so.1+0x1e25f)
    #2 RunStage4AAndCheck tests/test_move_nodes_fast.cpp:201 (test_move_nodes_fast+0x2b4c1)
    #3 TestStage4ABasicAndEdgeCases tests/test_move_nodes_fast.cpp:464 (test_move_nodes_fast+0x2b7d4)
    #4 main tests/test_move_nodes_fast.cpp:674 (test_move_nodes_fast+0x2e2c8)

SUMMARY: ThreadSanitizer: data race /home/stomo/WorkSpace/MyLeiden/Leiden.cpp:1180 in MoveNodesFastParallelStage4A(SimpleGraph const&, LeidenGraphStats const&, LeidenPartition, QualityFunction const&, unsigned long, unsigned long, LeidenOptions const*) [clone ._omp_fn.0]
==================
==================
WARNING: ThreadSanitizer: data race (pid=2)
  Read of size 8 at 0x7ffd2222e458 by thread T3:
    #0 std::vector<double, std::allocator<double> >::size() const /usr/include/c++/11/bits/stl_vector.h:919 (test_move_nodes_fast+0xc08a)
    #1 MoveNodesFastParallelStage4A(SimpleGraph const&, LeidenGraphStats const&, LeidenPartition, QualityFunction const&, unsigned long, unsigned long, LeidenOptions const*) [clone ._omp_fn.0] /home/stomo/WorkSpace/MyLeiden/Leiden.cpp:1172 (test_move_nodes_fast+0xc08a)
    #2 <null> <null> (libgomp.so.1+0x1dc0d)

  Previous write of size 8 at 0x7ffd2222e458 by main thread:
    #0 std::_Vector_base<double, std::allocator<double> >::_Vector_impl_data::_Vector_impl_data() /usr/include/c++/11/bits/stl_vector.h:98 (test_move_nodes_fast+0xc89f)
    #1 std::_Vector_base<double, std::allocator<double> >::_Vector_impl::_Vector_impl() /usr/include/c++/11/bits/stl_vector.h:133 (test_move_nodes_fast+0xc89f)
    #2 std::_Vector_base<double, std::allocator<double> >::_Vector_base() /usr/include/c++/11/bits/stl_vector.h:288 (test_move_nodes_fast+0xc89f)
    #3 std::vector<double, std::allocator<double> >::vector() /usr/include/c++/11/bits/stl_vector.h:487 (test_move_nodes_fast+0xc89f)
    #4 LeidenPartition::LeidenPartition() /home/stomo/WorkSpace/MyLeiden/LeidenTypes.hpp:21 (test_move_nodes_fast+0xc89f)
    #5 MoveNodesFastResult::MoveNodesFastResult() /home/stomo/WorkSpace/MyLeiden/Leiden.hpp:11 (test_move_nodes_fast+0xc89f)
    #6 MoveNodesFastParallelStage4A(SimpleGraph const&, LeidenGraphStats const&, LeidenPartition, QualityFunction const&, unsigned long, unsigned long, LeidenOptions const*) /home/stomo/WorkSpace/MyLeiden/Leiden.cpp:1138 (test_move_nodes_fast+0xc89f)
    #7 RunStage4AAndCheck tests/test_move_nodes_fast.cpp:201 (test_move_nodes_fast+0x2b4c1)
    #8 TestStage4ABasicAndEdgeCases tests/test_move_nodes_fast.cpp:472 (test_move_nodes_fast+0x2b94b)
    #9 main tests/test_move_nodes_fast.cpp:674 (test_move_nodes_fast+0x2e2c8)

  Location is stack of main thread.

  Location is global '<null>' at 0x000000000000 ([stack]+0x00000001f458)

  Thread T3 (tid=6, running) created by main thread at:
    #0 pthread_create ../../../../src/libsanitizer/tsan/tsan_interceptors_posix.cpp:969 (libtsan.so.0+0x605b8)
    #1 <null> <null> (libgomp.so.1+0x1e25f)
    #2 RunStage4AAndCheck tests/test_move_nodes_fast.cpp:201 (test_move_nodes_fast+0x2b4c1)
    #3 TestStage4ABasicAndEdgeCases tests/test_move_nodes_fast.cpp:464 (test_move_nodes_fast+0x2b7d4)
    #4 main tests/test_move_nodes_fast.cpp:674 (test_move_nodes_fast+0x2e2c8)

SUMMARY: ThreadSanitizer: data race /usr/include/c++/11/bits/stl_vector.h:919 in std::vector<double, std::allocator<double> >::size() const
==================
==================
WARNING: ThreadSanitizer: data race (pid=2)
  Read of size 8 at 0x7ffd2222e460 by thread T2:
    #0 std::vector<double, std::allocator<double> >::size() const /usr/include/c++/11/bits/stl_vector.h:919 (test_move_nodes_fast+0xc072)
    #1 MoveNodesFastParallelStage4A(SimpleGraph const&, LeidenGraphStats const&, LeidenPartition, QualityFunction const&, unsigned long, unsigned long, LeidenOptions const*) [clone ._omp_fn.0] /home/stomo/WorkSpace/MyLeiden/Leiden.cpp:1172 (test_move_nodes_fast+0xc072)
    #2 <null> <null> (libgomp.so.1+0x1dc0d)

  Previous write of size 8 at 0x7ffd2222e460 by main thread:
    #0 std::_Vector_base<double, std::allocator<double> >::_Vector_impl_data::_Vector_impl_data() /usr/include/c++/11/bits/stl_vector.h:98 (test_move_nodes_fast+0xc8b0)
    #1 std::_Vector_base<double, std::allocator<double> >::_Vector_impl::_Vector_impl() /usr/include/c++/11/bits/stl_vector.h:133 (test_move_nodes_fast+0xc8b0)
    #2 std::_Vector_base<double, std::allocator<double> >::_Vector_base() /usr/include/c++/11/bits/stl_vector.h:288 (test_move_nodes_fast+0xc8b0)
    #3 std::vector<double, std::allocator<double> >::vector() /usr/include/c++/11/bits/stl_vector.h:487 (test_move_nodes_fast+0xc8b0)
    #4 LeidenPartition::LeidenPartition() /home/stomo/WorkSpace/MyLeiden/LeidenTypes.hpp:21 (test_move_nodes_fast+0xc8b0)
    #5 MoveNodesFastResult::MoveNodesFastResult() /home/stomo/WorkSpace/MyLeiden/Leiden.hpp:11 (test_move_nodes_fast+0xc8b0)
    #6 MoveNodesFastParallelStage4A(SimpleGraph const&, LeidenGraphStats const&, LeidenPartition, QualityFunction const&, unsigned long, unsigned long, LeidenOptions const*) /home/stomo/WorkSpace/MyLeiden/Leiden.cpp:1138 (test_move_nodes_fast+0xc8b0)
    #7 RunStage4AAndCheck tests/test_move_nodes_fast.cpp:201 (test_move_nodes_fast+0x2b4c1)
    #8 TestStage4ABasicAndEdgeCases tests/test_move_nodes_fast.cpp:472 (test_move_nodes_fast+0x2b94b)
    #9 main tests/test_move_nodes_fast.cpp:674 (test_move_nodes_fast+0x2e2c8)

  Location is stack of main thread.

  Location is global '<null>' at 0x000000000000 ([stack]+0x00000001f460)

  Thread T2 (tid=5, running) created by main thread at:
    #0 pthread_create ../../../../src/libsanitizer/tsan/tsan_interceptors_posix.cpp:969 (libtsan.so.0+0x605b8)
    #1 <null> <null> (libgomp.so.1+0x1e25f)
    #2 RunStage4AAndCheck tests/test_move_nodes_fast.cpp:201 (test_move_nodes_fast+0x2b4c1)
    #3 TestStage4ABasicAndEdgeCases tests/test_move_nodes_fast.cpp:464 (test_move_nodes_fast+0x2b7d4)
    #4 main tests/test_move_nodes_fast.cpp:674 (test_move_nodes_fast+0x2e2c8)

SUMMARY: ThreadSanitizer: data race /usr/include/c++/11/bits/stl_vector.h:919 in std::vector<double, std::allocator<double> >::size() const
==================
==================
WARNING: ThreadSanitizer: data race (pid=2)
  Read of size 8 at 0x7ffd2222e440 by thread T1:
    #0 std::vector<int, std::allocator<int> >::operator[](unsigned long) /usr/include/c++/11/bits/stl_vector.h:1046 (test_move_nodes_fast+0xc582)
    #1 MoveNodesFastParallelStage4A(SimpleGraph const&, LeidenGraphStats const&, LeidenPartition, QualityFunction const&, unsigned long, unsigned long, LeidenOptions const*) [clone ._omp_fn.0] /home/stomo/WorkSpace/MyLeiden/Leiden.cpp:1187 (test_move_nodes_fast+0xc582)
    #2 <null> <null> (libgomp.so.1+0x1dc0d)

  Previous write of size 8 at 0x7ffd2222e440 by main thread:
    #0 std::_Vector_base<int, std::allocator<int> >::_Vector_impl_data::_Vector_impl_data() /usr/include/c++/11/bits/stl_vector.h:98 (test_move_nodes_fast+0xc86d)
    #1 std::_Vector_base<int, std::allocator<int> >::_Vector_impl::_Vector_impl() /usr/include/c++/11/bits/stl_vector.h:133 (test_move_nodes_fast+0xc86d)
    #2 std::_Vector_base<int, std::allocator<int> >::_Vector_base() /usr/include/c++/11/bits/stl_vector.h:288 (test_move_nodes_fast+0xc86d)
    #3 std::vector<int, std::allocator<int> >::vector() /usr/include/c++/11/bits/stl_vector.h:487 (test_move_nodes_fast+0xc86d)
    #4 LeidenPartition::LeidenPartition() /home/stomo/WorkSpace/MyLeiden/LeidenTypes.hpp:21 (test_move_nodes_fast+0xc86d)
    #5 MoveNodesFastResult::MoveNodesFastResult() /home/stomo/WorkSpace/MyLeiden/Leiden.hpp:11 (test_move_nodes_fast+0xc86d)
    #6 MoveNodesFastParallelStage4A(SimpleGraph const&, LeidenGraphStats const&, LeidenPartition, QualityFunction const&, unsigned long, unsigned long, LeidenOptions const*) /home/stomo/WorkSpace/MyLeiden/Leiden.cpp:1138 (test_move_nodes_fast+0xc86d)
    #7 RunStage4AAndCheck tests/test_move_nodes_fast.cpp:201 (test_move_nodes_fast+0x2b4c1)
    #8 TestStage4ABasicAndEdgeCases tests/test_move_nodes_fast.cpp:472 (test_move_nodes_fast+0x2b94b)
    #9 main tests/test_move_nodes_fast.cpp:674 (test_move_nodes_fast+0x2e2c8)

  Location is stack of main thread.

  Location is global '<null>' at 0x000000000000 ([stack]+0x00000001f440)

  Thread T1 (tid=4, running) created by main thread at:
    #0 pthread_create ../../../../src/libsanitizer/tsan/tsan_interceptors_posix.cpp:969 (libtsan.so.0+0x605b8)
    #1 <null> <null> (libgomp.so.1+0x1e25f)
    #2 RunStage4AAndCheck tests/test_move_nodes_fast.cpp:201 (test_move_nodes_fast+0x2b4c1)
    #3 TestStage4ABasicAndEdgeCases tests/test_move_nodes_fast.cpp:464 (test_move_nodes_fast+0x2b7d4)
    #4 main tests/test_move_nodes_fast.cpp:674 (test_move_nodes_fast+0x2e2c8)

SUMMARY: ThreadSanitizer: data race /usr/include/c++/11/bits/stl_vector.h:1046 in std::vector<int, std::allocator<int> >::operator[](unsigned long)
==================
==================
WARNING: ThreadSanitizer: data race (pid=2)
  Read of size 4 at 0x7b0800000100 by thread T1:
    #0 MoveNodesFastParallelStage4A(SimpleGraph const&, LeidenGraphStats const&, LeidenPartition, QualityFunction const&, unsigned long, unsigned long, LeidenOptions const*) [clone ._omp_fn.0] /home/stomo/WorkSpace/MyLeiden/Leiden.cpp:1187 (test_move_nodes_fast+0xc598)
    #1 <null> <null> (libgomp.so.1+0x1dc0d)

  Previous write of size 8 at 0x7b0800000100 by main thread:
    #0 operator new(unsigned long) ../../../../src/libsanitizer/tsan/tsan_new_delete.cpp:64 (libtsan.so.0+0x8f162)
    #1 __gnu_cxx::new_allocator<int>::allocate(unsigned long, void const*) /usr/include/c++/11/ext/new_allocator.h:127 (test_move_nodes_fast+0x2e705)
    #2 std::allocator_traits<std::allocator<int> >::allocate(std::allocator<int>&, unsigned long) /usr/include/c++/11/bits/alloc_traits.h:464 (test_move_nodes_fast+0x2e705)
    #3 std::_Vector_base<int, std::allocator<int> >::_M_allocate(unsigned long) /usr/include/c++/11/bits/stl_vector.h:346 (test_move_nodes_fast+0x2e705)
    #4 std::_Vector_base<int, std::allocator<int> >::_M_create_storage(unsigned long) /usr/include/c++/11/bits/stl_vector.h:361 (test_move_nodes_fast+0x2e705)
    #5 std::_Vector_base<int, std::allocator<int> >::_Vector_base(unsigned long, std::allocator<int> const&) /usr/include/c++/11/bits/stl_vector.h:305 (test_move_nodes_fast+0x2e705)
    #6 std::vector<int, std::allocator<int> >::vector(std::vector<int, std::allocator<int> > const&) /usr/include/c++/11/bits/stl_vector.h:555 (test_move_nodes_fast+0x2e705)
    #7 LeidenPartition::LeidenPartition(LeidenPartition const&) LeidenTypes.hpp:21 (test_move_nodes_fast+0x2e705)
    #8 RunStage4AAndCheck tests/test_move_nodes_fast.cpp:201 (test_move_nodes_fast+0x2b499)
    #9 TestStage4ABasicAndEdgeCases tests/test_move_nodes_fast.cpp:472 (test_move_nodes_fast+0x2b94b)
    #10 main tests/test_move_nodes_fast.cpp:674 (test_move_nodes_fast+0x2e2c8)

  Location is heap block of size 24 at 0x7b0800000100 allocated by main thread:
    #0 operator new(unsigned long) ../../../../src/libsanitizer/tsan/tsan_new_delete.cpp:64 (libtsan.so.0+0x8f162)
    #1 __gnu_cxx::new_allocator<int>::allocate(unsigned long, void const*) /usr/include/c++/11/ext/new_allocator.h:127 (test_move_nodes_fast+0x2e705)
    #2 std::allocator_traits<std::allocator<int> >::allocate(std::allocator<int>&, unsigned long) /usr/include/c++/11/bits/alloc_traits.h:464 (test_move_nodes_fast+0x2e705)
    #3 std::_Vector_base<int, std::allocator<int> >::_M_allocate(unsigned long) /usr/include/c++/11/bits/stl_vector.h:346 (test_move_nodes_fast+0x2e705)
    #4 std::_Vector_base<int, std::allocator<int> >::_M_create_storage(unsigned long) /usr/include/c++/11/bits/stl_vector.h:361 (test_move_nodes_fast+0x2e705)
    #5 std::_Vector_base<int, std::allocator<int> >::_Vector_base(unsigned long, std::allocator<int> const&) /usr/include/c++/11/bits/stl_vector.h:305 (test_move_nodes_fast+0x2e705)
    #6 std::vector<int, std::allocator<int> >::vector(std::vector<int, std::allocator<int> > const&) /usr/include/c++/11/bits/stl_vector.h:555 (test_move_nodes_fast+0x2e705)
    #7 LeidenPartition::LeidenPartition(LeidenPartition const&) LeidenTypes.hpp:21 (test_move_nodes_fast+0x2e705)
    #8 RunStage4AAndCheck tests/test_move_nodes_fast.cpp:201 (test_move_nodes_fast+0x2b499)
    #9 TestStage4ABasicAndEdgeCases tests/test_move_nodes_fast.cpp:472 (test_move_nodes_fast+0x2b94b)
    #10 main tests/test_move_nodes_fast.cpp:674 (test_move_nodes_fast+0x2e2c8)

  Thread T1 (tid=4, running) created by main thread at:
    #0 pthread_create ../../../../src/libsanitizer/tsan/tsan_interceptors_posix.cpp:969 (libtsan.so.0+0x605b8)
    #1 <null> <null> (libgomp.so.1+0x1e25f)
    #2 RunStage4AAndCheck tests/test_move_nodes_fast.cpp:201 (test_move_nodes_fast+0x2b4c1)
    #3 TestStage4ABasicAndEdgeCases tests/test_move_nodes_fast.cpp:464 (test_move_nodes_fast+0x2b7d4)
    #4 main tests/test_move_nodes_fast.cpp:674 (test_move_nodes_fast+0x2e2c8)

SUMMARY: ThreadSanitizer: data race /home/stomo/WorkSpace/MyLeiden/Leiden.cpp:1187 in MoveNodesFastParallelStage4A(SimpleGraph const&, LeidenGraphStats const&, LeidenPartition, QualityFunction const&, unsigned long, unsigned long, LeidenOptions const*) [clone ._omp_fn.0]
==================
==================
WARNING: ThreadSanitizer: data race (pid=2)
  Read of size 4 at 0x7ffd2222e7a0 by thread T1:
    #0 num_vertices(SimpleGraph const&) common/Types.hpp:32 (test_move_nodes_fast+0x639b)
    #1 ValidateVertex(int, SimpleGraph const&) /home/stomo/WorkSpace/MyLeiden/LeidenTypes.hpp:39 (test_move_nodes_fast+0x639b)
    #2 BuildNeighborCommunityWeights(SimpleGraph const&, LeidenPartition const&, int, NeighborCommunityScratch&) /home/stomo/WorkSpace/MyLeiden/QualityFunction.cpp:169 (test_move_nodes_fast+0x639b)
    #3 MoveNodesFastParallelStage4A(SimpleGraph const&, LeidenGraphStats const&, LeidenPartition, QualityFunction const&, unsigned long, unsigned long, LeidenOptions const*) [clone ._omp_fn.0] /home/stomo/WorkSpace/MyLeiden/Leiden.cpp:1191 (test_move_nodes_fast+0xc5d4)
    #4 <null> <null> (libgomp.so.1+0x1dc0d)

  Previous write of size 4 at 0x7ffd2222e7a0 by main thread:
    #0 SimpleGraph::SimpleGraph(int) common/Types.hpp:16 (test_move_nodes_fast+0x2e3a0)
    #1 MakeGraph(int) common/Types.hpp:27 (test_move_nodes_fast+0x2b80d)
    #2 TestStage4ABasicAndEdgeCases tests/test_move_nodes_fast.cpp:467 (test_move_nodes_fast+0x2b80d)
    #3 main tests/test_move_nodes_fast.cpp:674 (test_move_nodes_fast+0x2e2c8)

  Location is stack of main thread.

  Location is global '<null>' at 0x000000000000 ([stack]+0x00000001f7a0)

  Thread T1 (tid=4, running) created by main thread at:
    #0 pthread_create ../../../../src/libsanitizer/tsan/tsan_interceptors_posix.cpp:969 (libtsan.so.0+0x605b8)
    #1 <null> <null> (libgomp.so.1+0x1e25f)
    #2 RunStage4AAndCheck tests/test_move_nodes_fast.cpp:201 (test_move_nodes_fast+0x2b4c1)
    #3 TestStage4ABasicAndEdgeCases tests/test_move_nodes_fast.cpp:464 (test_move_nodes_fast+0x2b7d4)
    #4 main tests/test_move_nodes_fast.cpp:674 (test_move_nodes_fast+0x2e2c8)

SUMMARY: ThreadSanitizer: data race common/Types.hpp:32 in num_vertices(SimpleGraph const&)
==================
==================
WARNING: ThreadSanitizer: data race (pid=2)
  Read of size 8 at 0x7ffd2222e448 by thread T1:
    #0 std::vector<int, std::allocator<int> >::size() const /usr/include/c++/11/bits/stl_vector.h:919 (test_move_nodes_fast+0x432e)
    #1 ValidatePartitionSize /home/stomo/WorkSpace/MyLeiden/QualityFunction.cpp:34 (test_move_nodes_fast+0x432e)
    #2 BuildNeighborCommunityWeights(SimpleGraph const&, LeidenPartition const&, int, NeighborCommunityScratch&) /home/stomo/WorkSpace/MyLeiden/QualityFunction.cpp:170 (test_move_nodes_fast+0x63ac)
    #3 MoveNodesFastParallelStage4A(SimpleGraph const&, LeidenGraphStats const&, LeidenPartition, QualityFunction const&, unsigned long, unsigned long, LeidenOptions const*) [clone ._omp_fn.0] /home/stomo/WorkSpace/MyLeiden/Leiden.cpp:1191 (test_move_nodes_fast+0xc5d4)
    #4 <null> <null> (libgomp.so.1+0x1dc0d)

  Previous write of size 8 at 0x7ffd2222e448 by main thread:
    #0 std::_Vector_base<int, std::allocator<int> >::_Vector_impl_data::_Vector_impl_data() /usr/include/c++/11/bits/stl_vector.h:98 (test_move_nodes_fast+0xc87d)
    #1 std::_Vector_base<int, std::allocator<int> >::_Vector_impl::_Vector_impl() /usr/include/c++/11/bits/stl_vector.h:133 (test_move_nodes_fast+0xc87d)
    #2 std::_Vector_base<int, std::allocator<int> >::_Vector_base() /usr/include/c++/11/bits/stl_vector.h:288 (test_move_nodes_fast+0xc87d)
    #3 std::vector<int, std::allocator<int> >::vector() /usr/include/c++/11/bits/stl_vector.h:487 (test_move_nodes_fast+0xc87d)
    #4 LeidenPartition::LeidenPartition() /home/stomo/WorkSpace/MyLeiden/LeidenTypes.hpp:21 (test_move_nodes_fast+0xc87d)
    #5 MoveNodesFastResult::MoveNodesFastResult() /home/stomo/WorkSpace/MyLeiden/Leiden.hpp:11 (test_move_nodes_fast+0xc87d)
    #6 MoveNodesFastParallelStage4A(SimpleGraph const&, LeidenGraphStats const&, LeidenPartition, QualityFunction const&, unsigned long, unsigned long, LeidenOptions const*) /home/stomo/WorkSpace/MyLeiden/Leiden.cpp:1138 (test_move_nodes_fast+0xc87d)
    #7 RunStage4AAndCheck tests/test_move_nodes_fast.cpp:201 (test_move_nodes_fast+0x2b4c1)
    #8 TestStage4ABasicAndEdgeCases tests/test_move_nodes_fast.cpp:472 (test_move_nodes_fast+0x2b94b)
    #9 main tests/test_move_nodes_fast.cpp:674 (test_move_nodes_fast+0x2e2c8)

  Location is stack of main thread.

  Location is global '<null>' at 0x000000000000 ([stack]+0x00000001f448)

  Thread T1 (tid=4, running) created by main thread at:
    #0 pthread_create ../../../../src/libsanitizer/tsan/tsan_interceptors_posix.cpp:969 (libtsan.so.0+0x605b8)
    #1 <null> <null> (libgomp.so.1+0x1e25f)
    #2 RunStage4AAndCheck tests/test_move_nodes_fast.cpp:201 (test_move_nodes_fast+0x2b4c1)
    #3 TestStage4ABasicAndEdgeCases tests/test_move_nodes_fast.cpp:464 (test_move_nodes_fast+0x2b7d4)
    #4 main tests/test_move_nodes_fast.cpp:674 (test_move_nodes_fast+0x2e2c8)

SUMMARY: ThreadSanitizer: data race /usr/include/c++/11/bits/stl_vector.h:919 in std::vector<int, std::allocator<int> >::size() const
==================
==================
WARNING: ThreadSanitizer: data race (pid=2)
  Read of size 8 at 0x7ffd2222e478 by thread T1:
    #0 std::vector<double, std::allocator<double> >::size() const /usr/include/c++/11/bits/stl_vector.h:919 (test_move_nodes_fast+0x4384)
    #1 ValidatePartitionSize /home/stomo/WorkSpace/MyLeiden/QualityFunction.cpp:38 (test_move_nodes_fast+0x4384)
    #2 BuildNeighborCommunityWeights(SimpleGraph const&, LeidenPartition const&, int, NeighborCommunityScratch&) /home/stomo/WorkSpace/MyLeiden/QualityFunction.cpp:170 (test_move_nodes_fast+0x63ac)
    #3 MoveNodesFastParallelStage4A(SimpleGraph const&, LeidenGraphStats const&, LeidenPartition, QualityFunction const&, unsigned long, unsigned long, LeidenOptions const*) [clone ._omp_fn.0] /home/stomo/WorkSpace/MyLeiden/Leiden.cpp:1191 (test_move_nodes_fast+0xc5d4)
    #4 <null> <null> (libgomp.so.1+0x1dc0d)

  Previous write of size 8 at 0x7ffd2222e478 by main thread:
    #0 std::_Vector_base<double, std::allocator<double> >::_Vector_impl_data::_Vector_impl_data() /usr/include/c++/11/bits/stl_vector.h:98 (test_move_nodes_fast+0xc8e3)
    #1 std::_Vector_base<double, std::allocator<double> >::_Vector_impl::_Vector_impl() /usr/include/c++/11/bits/stl_vector.h:133 (test_move_nodes_fast+0xc8e3)
    #2 std::_Vector_base<double, std::allocator<double> >::_Vector_base() /usr/include/c++/11/bits/stl_vector.h:288 (test_move_nodes_fast+0xc8e3)
    #3 std::vector<double, std::allocator<double> >::vector() /usr/include/c++/11/bits/stl_vector.h:487 (test_move_nodes_fast+0xc8e3)
    #4 LeidenPartition::LeidenPartition() /home/stomo/WorkSpace/MyLeiden/LeidenTypes.hpp:21 (test_move_nodes_fast+0xc8e3)
    #5 MoveNodesFastResult::MoveNodesFastResult() /home/stomo/WorkSpace/MyLeiden/Leiden.hpp:11 (test_move_nodes_fast+0xc8e3)
    #6 MoveNodesFastParallelStage4A(SimpleGraph const&, LeidenGraphStats const&, LeidenPartition, QualityFunction const&, unsigned long, unsigned long, LeidenOptions const*) /home/stomo/WorkSpace/MyLeiden/Leiden.cpp:1138 (test_move_nodes_fast+0xc8e3)
    #7 RunStage4AAndCheck tests/test_move_nodes_fast.cpp:201 (test_move_nodes_fast+0x2b4c1)
    #8 TestStage4ABasicAndEdgeCases tests/test_move_nodes_fast.cpp:472 (test_move_nodes_fast+0x2b94b)
    #9 main tests/test_move_nodes_fast.cpp:674 (test_move_nodes_fast+0x2e2c8)

  Location is stack of main thread.

  Location is global '<null>' at 0x000000000000 ([stack]+0x00000001f478)

  Thread T1 (tid=4, running) created by main thread at:
    #0 pthread_create ../../../../src/libsanitizer/tsan/tsan_interceptors_posix.cpp:969 (libtsan.so.0+0x605b8)
    #1 <null> <null> (libgomp.so.1+0x1e25f)
    #2 RunStage4AAndCheck tests/test_move_nodes_fast.cpp:201 (test_move_nodes_fast+0x2b4c1)
    #3 TestStage4ABasicAndEdgeCases tests/test_move_nodes_fast.cpp:464 (test_move_nodes_fast+0x2b7d4)
    #4 main tests/test_move_nodes_fast.cpp:674 (test_move_nodes_fast+0x2e2c8)

SUMMARY: ThreadSanitizer: data race /usr/include/c++/11/bits/stl_vector.h:919 in std::vector<double, std::allocator<double> >::size() const
==================
==================
WARNING: ThreadSanitizer: data race (pid=2)
  Read of size 8 at 0x7ffd2222e470 by thread T1:
    #0 std::vector<double, std::allocator<double> >::size() const /usr/include/c++/11/bits/stl_vector.h:919 (test_move_nodes_fast+0x4390)
    #1 ValidatePartitionSize /home/stomo/WorkSpace/MyLeiden/QualityFunction.cpp:38 (test_move_nodes_fast+0x4390)
    #2 BuildNeighborCommunityWeights(SimpleGraph const&, LeidenPartition const&, int, NeighborCommunityScratch&) /home/stomo/WorkSpace/MyLeiden/QualityFunction.cpp:170 (test_move_nodes_fast+0x63ac)
    #3 MoveNodesFastParallelStage4A(SimpleGraph const&, LeidenGraphStats const&, LeidenPartition, QualityFunction const&, unsigned long, unsigned long, LeidenOptions const*) [clone ._omp_fn.0] /home/stomo/WorkSpace/MyLeiden/Leiden.cpp:1191 (test_move_nodes_fast+0xc5d4)
    #4 <null> <null> (libgomp.so.1+0x1dc0d)

  Previous write of size 8 at 0x7ffd2222e470 by main thread:
    #0 std::_Vector_base<double, std::allocator<double> >::_Vector_impl_data::_Vector_impl_data() /usr/include/c++/11/bits/stl_vector.h:98 (test_move_nodes_fast+0xc8d2)
    #1 std::_Vector_base<double, std::allocator<double> >::_Vector_impl::_Vector_impl() /usr/include/c++/11/bits/stl_vector.h:133 (test_move_nodes_fast+0xc8d2)
    #2 std::_Vector_base<double, std::allocator<double> >::_Vector_base() /usr/include/c++/11/bits/stl_vector.h:288 (test_move_nodes_fast+0xc8d2)
    #3 std::vector<double, std::allocator<double> >::vector() /usr/include/c++/11/bits/stl_vector.h:487 (test_move_nodes_fast+0xc8d2)
    #4 LeidenPartition::LeidenPartition() /home/stomo/WorkSpace/MyLeiden/LeidenTypes.hpp:21 (test_move_nodes_fast+0xc8d2)
    #5 MoveNodesFastResult::MoveNodesFastResult() /home/stomo/WorkSpace/MyLeiden/Leiden.hpp:11 (test_move_nodes_fast+0xc8d2)
    #6 MoveNodesFastParallelStage4A(SimpleGraph const&, LeidenGraphStats const&, LeidenPartition, QualityFunction const&, unsigned long, unsigned long, LeidenOptions const*) /home/stomo/WorkSpace/MyLeiden/Leiden.cpp:1138 (test_move_nodes_fast+0xc8d2)
    #7 RunStage4AAndCheck tests/test_move_nodes_fast.cpp:201 (test_move_nodes_fast+0x2b4c1)
    #8 TestStage4ABasicAndEdgeCases tests/test_move_nodes_fast.cpp:472 (test_move_nodes_fast+0x2b94b)
    #9 main tests/test_move_nodes_fast.cpp:674 (test_move_nodes_fast+0x2e2c8)

  Location is stack of main thread.

  Location is global '<null>' at 0x000000000000 ([stack]+0x00000001f470)

  Thread T1 (tid=4, running) created by main thread at:
    #0 pthread_create ../../../../src/libsanitizer/tsan/tsan_interceptors_posix.cpp:969 (libtsan.so.0+0x605b8)
    #1 <null> <null> (libgomp.so.1+0x1e25f)
    #2 RunStage4AAndCheck tests/test_move_nodes_fast.cpp:201 (test_move_nodes_fast+0x2b4c1)
    #3 TestStage4ABasicAndEdgeCases tests/test_move_nodes_fast.cpp:464 (test_move_nodes_fast+0x2b7d4)
    #4 main tests/test_move_nodes_fast.cpp:674 (test_move_nodes_fast+0x2e2c8)

SUMMARY: ThreadSanitizer: data race /usr/include/c++/11/bits/stl_vector.h:919 in std::vector<double, std::allocator<double> >::size() const
==================
==================
WARNING: ThreadSanitizer: data race (pid=2)
  Read of size 8 at 0x7ffd2222e490 by thread T1:
    #0 std::vector<double, std::allocator<double> >::size() const /usr/include/c++/11/bits/stl_vector.h:919 (test_move_nodes_fast+0x43aa)
    #1 ValidatePartitionSize /home/stomo/WorkSpace/MyLeiden/QualityFunction.cpp:39 (test_move_nodes_fast+0x43aa)
    #2 BuildNeighborCommunityWeights(SimpleGraph const&, LeidenPartition const&, int, NeighborCommunityScratch&) /home/stomo/WorkSpace/MyLeiden/QualityFunction.cpp:170 (test_move_nodes_fast+0x63ac)
    #3 MoveNodesFastParallelStage4A(SimpleGraph const&, LeidenGraphStats const&, LeidenPartition, QualityFunction const&, unsigned long, unsigned long, LeidenOptions const*) [clone ._omp_fn.0] /home/stomo/WorkSpace/MyLeiden/Leiden.cpp:1191 (test_move_nodes_fast+0xc5d4)
    #4 <null> <null> (libgomp.so.1+0x1dc0d)

  Previous write of size 8 at 0x7ffd2222e490 by main thread:
    #0 std::_Vector_base<double, std::allocator<double> >::_Vector_impl_data::_Vector_impl_data() /usr/include/c++/11/bits/stl_vector.h:98 (test_move_nodes_fast+0xc916)
    #1 std::_Vector_base<double, std::allocator<double> >::_Vector_impl::_Vector_impl() /usr/include/c++/11/bits/stl_vector.h:133 (test_move_nodes_fast+0xc916)
    #2 std::_Vector_base<double, std::allocator<double> >::_Vector_base() /usr/include/c++/11/bits/stl_vector.h:288 (test_move_nodes_fast+0xc916)
    #3 std::vector<double, std::allocator<double> >::vector() /usr/include/c++/11/bits/stl_vector.h:487 (test_move_nodes_fast+0xc916)
    #4 LeidenPartition::LeidenPartition() /home/stomo/WorkSpace/MyLeiden/LeidenTypes.hpp:21 (test_move_nodes_fast+0xc916)
    #5 MoveNodesFastResult::MoveNodesFastResult() /home/stomo/WorkSpace/MyLeiden/Leiden.hpp:11 (test_move_nodes_fast+0xc916)
    #6 MoveNodesFastParallelStage4A(SimpleGraph const&, LeidenGraphStats const&, LeidenPartition, QualityFunction const&, unsigned long, unsigned long, LeidenOptions const*) /home/stomo/WorkSpace/MyLeiden/Leiden.cpp:1138 (test_move_nodes_fast+0xc916)
    #7 RunStage4AAndCheck tests/test_move_nodes_fast.cpp:201 (test_move_nodes_fast+0x2b4c1)
    #8 TestStage4ABasicAndEdgeCases tests/test_move_nodes_fast.cpp:472 (test_move_nodes_fast+0x2b94b)
    #9 main tests/test_move_nodes_fast.cpp:674 (test_move_nodes_fast+0x2e2c8)

  Location is stack of main thread.

  Location is global '<null>' at 0x000000000000 ([stack]+0x00000001f490)

  Thread T1 (tid=4, running) created by main thread at:
    #0 pthread_create ../../../../src/libsanitizer/tsan/tsan_interceptors_posix.cpp:969 (libtsan.so.0+0x605b8)
    #1 <null> <null> (libgomp.so.1+0x1e25f)
    #2 RunStage4AAndCheck tests/test_move_nodes_fast.cpp:201 (test_move_nodes_fast+0x2b4c1)
    #3 TestStage4ABasicAndEdgeCases tests/test_move_nodes_fast.cpp:464 (test_move_nodes_fast+0x2b7d4)
    #4 main tests/test_move_nodes_fast.cpp:674 (test_move_nodes_fast+0x2e2c8)

SUMMARY: ThreadSanitizer: data race /usr/include/c++/11/bits/stl_vector.h:919 in std::vector<double, std::allocator<double> >::size() const
==================
==================
WARNING: ThreadSanitizer: data race (pid=2)
  Read of size 8 at 0x7ffd2222e488 by thread T1:
    #0 std::vector<double, std::allocator<double> >::size() const /usr/include/c++/11/bits/stl_vector.h:919 (test_move_nodes_fast+0x43b6)
    #1 ValidatePartitionSize /home/stomo/WorkSpace/MyLeiden/QualityFunction.cpp:39 (test_move_nodes_fast+0x43b6)
    #2 BuildNeighborCommunityWeights(SimpleGraph const&, LeidenPartition const&, int, NeighborCommunityScratch&) /home/stomo/WorkSpace/MyLeiden/QualityFunction.cpp:170 (test_move_nodes_fast+0x63ac)
    #3 MoveNodesFastParallelStage4A(SimpleGraph const&, LeidenGraphStats const&, LeidenPartition, QualityFunction const&, unsigned long, unsigned long, LeidenOptions const*) [clone ._omp_fn.0] /home/stomo/WorkSpace/MyLeiden/Leiden.cpp:1191 (test_move_nodes_fast+0xc5d4)
    #4 <null> <null> (libgomp.so.1+0x1dc0d)

  Previous write of size 8 at 0x7ffd2222e488 by main thread:
    #0 std::_Vector_base<double, std::allocator<double> >::_Vector_impl_data::_Vector_impl_data() /usr/include/c++/11/bits/stl_vector.h:98 (test_move_nodes_fast+0xc905)
    #1 std::_Vector_base<double, std::allocator<double> >::_Vector_impl::_Vector_impl() /usr/include/c++/11/bits/stl_vector.h:133 (test_move_nodes_fast+0xc905)
    #2 std::_Vector_base<double, std::allocator<double> >::_Vector_base() /usr/include/c++/11/bits/stl_vector.h:288 (test_move_nodes_fast+0xc905)
    #3 std::vector<double, std::allocator<double> >::vector() /usr/include/c++/11/bits/stl_vector.h:487 (test_move_nodes_fast+0xc905)
    #4 LeidenPartition::LeidenPartition() /home/stomo/WorkSpace/MyLeiden/LeidenTypes.hpp:21 (test_move_nodes_fast+0xc905)
    #5 MoveNodesFastResult::MoveNodesFastResult() /home/stomo/WorkSpace/MyLeiden/Leiden.hpp:11 (test_move_nodes_fast+0xc905)
    #6 MoveNodesFastParallelStage4A(SimpleGraph const&, LeidenGraphStats const&, LeidenPartition, QualityFunction const&, unsigned long, unsigned long, LeidenOptions const*) /home/stomo/WorkSpace/MyLeiden/Leiden.cpp:1138 (test_move_nodes_fast+0xc905)
    #7 RunStage4AAndCheck tests/test_move_nodes_fast.cpp:201 (test_move_nodes_fast+0x2b4c1)
    #8 TestStage4ABasicAndEdgeCases tests/test_move_nodes_fast.cpp:472 (test_move_nodes_fast+0x2b94b)
    #9 main tests/test_move_nodes_fast.cpp:674 (test_move_nodes_fast+0x2e2c8)

  Location is stack of main thread.

  Location is global '<null>' at 0x000000000000 ([stack]+0x00000001f488)

  Thread T1 (tid=4, running) created by main thread at:
    #0 pthread_create ../../../../src/libsanitizer/tsan/tsan_interceptors_posix.cpp:969 (libtsan.so.0+0x605b8)
    #1 <null> <null> (libgomp.so.1+0x1e25f)
    #2 RunStage4AAndCheck tests/test_move_nodes_fast.cpp:201 (test_move_nodes_fast+0x2b4c1)
    #3 TestStage4ABasicAndEdgeCases tests/test_move_nodes_fast.cpp:464 (test_move_nodes_fast+0x2b7d4)
    #4 main tests/test_move_nodes_fast.cpp:674 (test_move_nodes_fast+0x2e2c8)

SUMMARY: ThreadSanitizer: data race /usr/include/c++/11/bits/stl_vector.h:919 in std::vector<double, std::allocator<double> >::size() const
==================
==================
WARNING: ThreadSanitizer: data race (pid=2)
  Read of size 8 at 0x7ffd2222e4a8 by thread T1:
    #0 std::vector<unsigned char, std::allocator<unsigned char> >::size() const /usr/include/c++/11/bits/stl_vector.h:919 (test_move_nodes_fast+0x43d0)
    #1 ValidatePartitionSize /home/stomo/WorkSpace/MyLeiden/QualityFunction.cpp:40 (test_move_nodes_fast+0x43d0)
    #2 BuildNeighborCommunityWeights(SimpleGraph const&, LeidenPartition const&, int, NeighborCommunityScratch&) /home/stomo/WorkSpace/MyLeiden/QualityFunction.cpp:170 (test_move_nodes_fast+0x63ac)
    #3 MoveNodesFastParallelStage4A(SimpleGraph const&, LeidenGraphStats const&, LeidenPartition, QualityFunction const&, unsigned long, unsigned long, LeidenOptions const*) [clone ._omp_fn.0] /home/stomo/WorkSpace/MyLeiden/Leiden.cpp:1191 (test_move_nodes_fast+0xc5d4)
    #4 <null> <null> (libgomp.so.1+0x1dc0d)

  Previous write of size 8 at 0x7ffd2222e4a8 by main thread:
    #0 std::_Vector_base<unsigned char, std::allocator<unsigned char> >::_Vector_impl_data::_Vector_impl_data() /usr/include/c++/11/bits/stl_vector.h:98 (test_move_nodes_fast+0xc949)
    #1 std::_Vector_base<unsigned char, std::allocator<unsigned char> >::_Vector_impl::_Vector_impl() /usr/include/c++/11/bits/stl_vector.h:133 (test_move_nodes_fast+0xc949)
    #2 std::_Vector_base<unsigned char, std::allocator<unsigned char> >::_Vector_base() /usr/include/c++/11/bits/stl_vector.h:288 (test_move_nodes_fast+0xc949)
    #3 std::vector<unsigned char, std::allocator<unsigned char> >::vector() /usr/include/c++/11/bits/stl_vector.h:487 (test_move_nodes_fast+0xc949)
    #4 LeidenPartition::LeidenPartition() /home/stomo/WorkSpace/MyLeiden/LeidenTypes.hpp:21 (test_move_nodes_fast+0xc949)
    #5 MoveNodesFastResult::MoveNodesFastResult() /home/stomo/WorkSpace/MyLeiden/Leiden.hpp:11 (test_move_nodes_fast+0xc949)
    #6 MoveNodesFastParallelStage4A(SimpleGraph const&, LeidenGraphStats const&, LeidenPartition, QualityFunction const&, unsigned long, unsigned long, LeidenOptions const*) /home/stomo/WorkSpace/MyLeiden/Leiden.cpp:1138 (test_move_nodes_fast+0xc949)
    #7 RunStage4AAndCheck tests/test_move_nodes_fast.cpp:201 (test_move_nodes_fast+0x2b4c1)
    #8 TestStage4ABasicAndEdgeCases tests/test_move_nodes_fast.cpp:472 (test_move_nodes_fast+0x2b94b)
    #9 main tests/test_move_nodes_fast.cpp:674 (test_move_nodes_fast+0x2e2c8)

  Location is stack of main thread.

  Location is global '<null>' at 0x000000000000 ([stack]+0x00000001f4a8)

  Thread T1 (tid=4, running) created by main thread at:
    #0 pthread_create ../../../../src/libsanitizer/tsan/tsan_interceptors_posix.cpp:969 (libtsan.so.0+0x605b8)
    #1 <null> <null> (libgomp.so.1+0x1e25f)
    #2 RunStage4AAndCheck tests/test_move_nodes_fast.cpp:201 (test_move_nodes_fast+0x2b4c1)
    #3 TestStage4ABasicAndEdgeCases tests/test_move_nodes_fast.cpp:464 (test_move_nodes_fast+0x2b7d4)
    #4 main tests/test_move_nodes_fast.cpp:674 (test_move_nodes_fast+0x2e2c8)

SUMMARY: ThreadSanitizer: data race /usr/include/c++/11/bits/stl_vector.h:919 in std::vector<unsigned char, std::allocator<unsigned char> >::size() const
==================
==================
WARNING: ThreadSanitizer: data race (pid=2)
  Read of size 8 at 0x7ffd2222e4a0 by thread T1:
    #0 std::vector<unsigned char, std::allocator<unsigned char> >::size() const /usr/include/c++/11/bits/stl_vector.h:919 (test_move_nodes_fast+0x43dc)
    #1 ValidatePartitionSize /home/stomo/WorkSpace/MyLeiden/QualityFunction.cpp:40 (test_move_nodes_fast+0x43dc)
    #2 BuildNeighborCommunityWeights(SimpleGraph const&, LeidenPartition const&, int, NeighborCommunityScratch&) /home/stomo/WorkSpace/MyLeiden/QualityFunction.cpp:170 (test_move_nodes_fast+0x63ac)
    #3 MoveNodesFastParallelStage4A(SimpleGraph const&, LeidenGraphStats const&, LeidenPartition, QualityFunction const&, unsigned long, unsigned long, LeidenOptions const*) [clone ._omp_fn.0] /home/stomo/WorkSpace/MyLeiden/Leiden.cpp:1191 (test_move_nodes_fast+0xc5d4)
    #4 <null> <null> (libgomp.so.1+0x1dc0d)

  Previous write of size 8 at 0x7ffd2222e4a0 by main thread:
    #0 std::_Vector_base<unsigned char, std::allocator<unsigned char> >::_Vector_impl_data::_Vector_impl_data() /usr/include/c++/11/bits/stl_vector.h:98 (test_move_nodes_fast+0xc938)
    #1 std::_Vector_base<unsigned char, std::allocator<unsigned char> >::_Vector_impl::_Vector_impl() /usr/include/c++/11/bits/stl_vector.h:133 (test_move_nodes_fast+0xc938)
    #2 std::_Vector_base<unsigned char, std::allocator<unsigned char> >::_Vector_base() /usr/include/c++/11/bits/stl_vector.h:288 (test_move_nodes_fast+0xc938)
    #3 std::vector<unsigned char, std::allocator<unsigned char> >::vector() /usr/include/c++/11/bits/stl_vector.h:487 (test_move_nodes_fast+0xc938)
    #4 LeidenPartition::LeidenPartition() /home/stomo/WorkSpace/MyLeiden/LeidenTypes.hpp:21 (test_move_nodes_fast+0xc938)
    #5 MoveNodesFastResult::MoveNodesFastResult() /home/stomo/WorkSpace/MyLeiden/Leiden.hpp:11 (test_move_nodes_fast+0xc938)
    #6 MoveNodesFastParallelStage4A(SimpleGraph const&, LeidenGraphStats const&, LeidenPartition, QualityFunction const&, unsigned long, unsigned long, LeidenOptions const*) /home/stomo/WorkSpace/MyLeiden/Leiden.cpp:1138 (test_move_nodes_fast+0xc938)
    #7 RunStage4AAndCheck tests/test_move_nodes_fast.cpp:201 (test_move_nodes_fast+0x2b4c1)
    #8 TestStage4ABasicAndEdgeCases tests/test_move_nodes_fast.cpp:472 (test_move_nodes_fast+0x2b94b)
    #9 main tests/test_move_nodes_fast.cpp:674 (test_move_nodes_fast+0x2e2c8)

  Location is stack of main thread.

  Location is global '<null>' at 0x000000000000 ([stack]+0x00000001f4a0)

  Thread T1 (tid=4, running) created by main thread at:
    #0 pthread_create ../../../../src/libsanitizer/tsan/tsan_interceptors_posix.cpp:969 (libtsan.so.0+0x605b8)
    #1 <null> <null> (libgomp.so.1+0x1e25f)
    #2 RunStage4AAndCheck tests/test_move_nodes_fast.cpp:201 (test_move_nodes_fast+0x2b4c1)
    #3 TestStage4ABasicAndEdgeCases tests/test_move_nodes_fast.cpp:464 (test_move_nodes_fast+0x2b7d4)
    #4 main tests/test_move_nodes_fast.cpp:674 (test_move_nodes_fast+0x2e2c8)

SUMMARY: ThreadSanitizer: data race /usr/include/c++/11/bits/stl_vector.h:919 in std::vector<unsigned char, std::allocator<unsigned char> >::size() const
==================
==================
WARNING: ThreadSanitizer: data race (pid=2)
  Read of size 4 at 0x7ffd2222e4b8 by thread T1:
    #0 ValidatePartitionSize /home/stomo/WorkSpace/MyLeiden/QualityFunction.cpp:43 (test_move_nodes_fast+0x43ee)
    #1 BuildNeighborCommunityWeights(SimpleGraph const&, LeidenPartition const&, int, NeighborCommunityScratch&) /home/stomo/WorkSpace/MyLeiden/QualityFunction.cpp:170 (test_move_nodes_fast+0x63ac)
    #2 MoveNodesFastParallelStage4A(SimpleGraph const&, LeidenGraphStats const&, LeidenPartition, QualityFunction const&, unsigned long, unsigned long, LeidenOptions const*) [clone ._omp_fn.0] /home/stomo/WorkSpace/MyLeiden/Leiden.cpp:1191 (test_move_nodes_fast+0xc5d4)
    #3 <null> <null> (libgomp.so.1+0x1dc0d)

  Previous write of size 4 at 0x7ffd2222e4b8 by main thread:
    #0 LeidenPartition::LeidenPartition() /home/stomo/WorkSpace/MyLeiden/LeidenTypes.hpp:21 (test_move_nodes_fast+0xc96b)
    #1 MoveNodesFastResult::MoveNodesFastResult() /home/stomo/WorkSpace/MyLeiden/Leiden.hpp:11 (test_move_nodes_fast+0xc96b)
    #2 MoveNodesFastParallelStage4A(SimpleGraph const&, LeidenGraphStats const&, LeidenPartition, QualityFunction const&, unsigned long, unsigned long, LeidenOptions const*) /home/stomo/WorkSpace/MyLeiden/Leiden.cpp:1138 (test_move_nodes_fast+0xc96b)
    #3 RunStage4AAndCheck tests/test_move_nodes_fast.cpp:201 (test_move_nodes_fast+0x2b4c1)
    #4 TestStage4ABasicAndEdgeCases tests/test_move_nodes_fast.cpp:472 (test_move_nodes_fast+0x2b94b)
    #5 main tests/test_move_nodes_fast.cpp:674 (test_move_nodes_fast+0x2e2c8)

  Location is stack of main thread.

  Location is global '<null>' at 0x000000000000 ([stack]+0x00000001f4b8)

  Thread T1 (tid=4, running) created by main thread at:
    #0 pthread_create ../../../../src/libsanitizer/tsan/tsan_interceptors_posix.cpp:969 (libtsan.so.0+0x605b8)
    #1 <null> <null> (libgomp.so.1+0x1e25f)
    #2 RunStage4AAndCheck tests/test_move_nodes_fast.cpp:201 (test_move_nodes_fast+0x2b4c1)
    #3 TestStage4ABasicAndEdgeCases tests/test_move_nodes_fast.cpp:464 (test_move_nodes_fast+0x2b7d4)
    #4 main tests/test_move_nodes_fast.cpp:674 (test_move_nodes_fast+0x2e2c8)

SUMMARY: ThreadSanitizer: data race /home/stomo/WorkSpace/MyLeiden/QualityFunction.cpp:43 in ValidatePartitionSize
==================
==================
WARNING: ThreadSanitizer: data race (pid=2)
  Read of size 8 at 0x7ffd2222e7a8 by thread T1:
    #0 std::vector<std::vector<Edge, std::allocator<Edge> >, std::allocator<std::vector<Edge, std::allocator<Edge> > > >::operator[](unsigned long) const /usr/include/c++/11/bits/stl_vector.h:1064 (test_move_nodes_fast+0x64bc)
    #1 BuildNeighborCommunityWeights(SimpleGraph const&, LeidenPartition const&, int, NeighborCommunityScratch&) /home/stomo/WorkSpace/MyLeiden/QualityFunction.cpp:186 (test_move_nodes_fast+0x64bc)
    #2 MoveNodesFastParallelStage4A(SimpleGraph const&, LeidenGraphStats const&, LeidenPartition, QualityFunction const&, unsigned long, unsigned long, LeidenOptions const*) [clone ._omp_fn.0] /home/stomo/WorkSpace/MyLeiden/Leiden.cpp:1191 (test_move_nodes_fast+0xc5d4)
    #3 <null> <null> (libgomp.so.1+0x1dc0d)

  Previous write of size 8 at 0x7ffd2222e7a8 by main thread:
    #0 std::_Vector_base<std::vector<Edge, std::allocator<Edge> >, std::allocator<std::vector<Edge, std::allocator<Edge> > > >::_Vector_impl_data::_Vector_impl_data() /usr/include/c++/11/bits/stl_vector.h:98 (test_move_nodes_fast+0x2e3c0)
    #1 std::_Vector_base<std::vector<Edge, std::allocator<Edge> >, std::allocator<std::vector<Edge, std::allocator<Edge> > > >::_Vector_impl::_Vector_impl(std::allocator<std::vector<Edge, std::allocator<Edge> > > const&) /usr/include/c++/11/bits/stl_vector.h:137 (test_move_nodes_fast+0x2e3c0)
    #2 std::_Vector_base<std::vector<Edge, std::allocator<Edge> >, std::allocator<std::vector<Edge, std::allocator<Edge> > > >::_Vector_base(unsigned long, std::allocator<std::vector<Edge, std::allocator<Edge> > > const&) /usr/include/c++/11/bits/stl_vector.h:304 (test_move_nodes_fast+0x2e3c0)
    #3 std::vector<std::vector<Edge, std::allocator<Edge> >, std::allocator<std::vector<Edge, std::allocator<Edge> > > >::vector(unsigned long, std::allocator<std::vector<Edge, std::allocator<Edge> > > const&) /usr/include/c++/11/bits/stl_vector.h:511 (test_move_nodes_fast+0x2e3c0)
    #4 SimpleGraph::SimpleGraph(int) common/Types.hpp:16 (test_move_nodes_fast+0x2e3c0)
    #5 MakeGraph(int) common/Types.hpp:27 (test_move_nodes_fast+0x2b80d)
    #6 TestStage4ABasicAndEdgeCases tests/test_move_nodes_fast.cpp:467 (test_move_nodes_fast+0x2b80d)
    #7 main tests/test_move_nodes_fast.cpp:674 (test_move_nodes_fast+0x2e2c8)

  Location is stack of main thread.

  Location is global '<null>' at 0x000000000000 ([stack]+0x00000001f7a8)

  Thread T1 (tid=4, running) created by main thread at:
    #0 pthread_create ../../../../src/libsanitizer/tsan/tsan_interceptors_posix.cpp:969 (libtsan.so.0+0x605b8)
    #1 <null> <null> (libgomp.so.1+0x1e25f)
    #2 RunStage4AAndCheck tests/test_move_nodes_fast.cpp:201 (test_move_nodes_fast+0x2b4c1)
    #3 TestStage4ABasicAndEdgeCases tests/test_move_nodes_fast.cpp:464 (test_move_nodes_fast+0x2b7d4)
    #4 main tests/test_move_nodes_fast.cpp:674 (test_move_nodes_fast+0x2e2c8)

SUMMARY: ThreadSanitizer: data race /usr/include/c++/11/bits/stl_vector.h:1064 in std::vector<std::vector<Edge, std::allocator<Edge> >, std::allocator<std::vector<Edge, std::allocator<Edge> > > >::operator[](unsigned long) const
==================
==================
WARNING: ThreadSanitizer: data race (pid=2)
  Read of size 8 at 0x7b2400000000 by thread T1:
    #0 __gnu_cxx::__normal_iterator<Edge const*, std::vector<Edge, std::allocator<Edge> > >::__normal_iterator(Edge const* const&) /usr/include/c++/11/bits/stl_iterator.h:1028 (test_move_nodes_fast+0x64d5)
    #1 std::vector<Edge, std::allocator<Edge> >::begin() const /usr/include/c++/11/bits/stl_vector.h:821 (test_move_nodes_fast+0x64d5)
    #2 BuildNeighborCommunityWeights(SimpleGraph const&, LeidenPartition const&, int, NeighborCommunityScratch&) /home/stomo/WorkSpace/MyLeiden/QualityFunction.cpp:186 (test_move_nodes_fast+0x64d5)
    #3 MoveNodesFastParallelStage4A(SimpleGraph const&, LeidenGraphStats const&, LeidenPartition, QualityFunction const&, unsigned long, unsigned long, LeidenOptions const*) [clone ._omp_fn.0] /home/stomo/WorkSpace/MyLeiden/Leiden.cpp:1191 (test_move_nodes_fast+0xc5d4)
    #4 <null> <null> (libgomp.so.1+0x1dc0d)

  Previous write of size 8 at 0x7b2400000000 by main thread:
    #0 operator new(unsigned long) ../../../../src/libsanitizer/tsan/tsan_new_delete.cpp:64 (libtsan.so.0+0x8f162)
    #1 __gnu_cxx::new_allocator<std::vector<Edge, std::allocator<Edge> > >::allocate(unsigned long, void const*) /usr/include/c++/11/ext/new_allocator.h:127 (test_move_nodes_fast+0x2e408)
    #2 std::allocator_traits<std::allocator<std::vector<Edge, std::allocator<Edge> > > >::allocate(std::allocator<std::vector<Edge, std::allocator<Edge> > >&, unsigned long) /usr/include/c++/11/bits/alloc_traits.h:464 (test_move_nodes_fast+0x2e408)
    #3 std::_Vector_base<std::vector<Edge, std::allocator<Edge> >, std::allocator<std::vector<Edge, std::allocator<Edge> > > >::_M_allocate(unsigned long) /usr/include/c++/11/bits/stl_vector.h:346 (test_move_nodes_fast+0x2e408)
    #4 std::_Vector_base<std::vector<Edge, std::allocator<Edge> >, std::allocator<std::vector<Edge, std::allocator<Edge> > > >::_M_create_storage(unsigned long) /usr/include/c++/11/bits/stl_vector.h:361 (test_move_nodes_fast+0x2e408)
    #5 std::_Vector_base<std::vector<Edge, std::allocator<Edge> >, std::allocator<std::vector<Edge, std::allocator<Edge> > > >::_Vector_base(unsigned long, std::allocator<std::vector<Edge, std::allocator<Edge> > > const&) /usr/include/c++/11/bits/stl_vector.h:305 (test_move_nodes_fast+0x2e408)
    #6 std::vector<std::vector<Edge, std::allocator<Edge> >, std::allocator<std::vector<Edge, std::allocator<Edge> > > >::vector(unsigned long, std::allocator<std::vector<Edge, std::allocator<Edge> > > const&) /usr/include/c++/11/bits/stl_vector.h:511 (test_move_nodes_fast+0x2e408)
    #7 SimpleGraph::SimpleGraph(int) common/Types.hpp:16 (test_move_nodes_fast+0x2e408)
    #8 MakeGraph(int) common/Types.hpp:27 (test_move_nodes_fast+0x26132)
    #9 MakeUnweightedGraph tests/test_move_nodes_fast.cpp:217 (test_move_nodes_fast+0x26132)
    #10 TestStage4ABasicAndEdgeCases tests/test_move_nodes_fast.cpp:473 (test_move_nodes_fast+0x2b908)
    #11 main tests/test_move_nodes_fast.cpp:674 (test_move_nodes_fast+0x2e2c8)

  Location is heap block of size 144 at 0x7b2400000000 allocated by main thread:
    #0 operator new(unsigned long) ../../../../src/libsanitizer/tsan/tsan_new_delete.cpp:64 (libtsan.so.0+0x8f162)
    #1 __gnu_cxx::new_allocator<std::vector<Edge, std::allocator<Edge> > >::allocate(unsigned long, void const*) /usr/include/c++/11/ext/new_allocator.h:127 (test_move_nodes_fast+0x2e408)
    #2 std::allocator_traits<std::allocator<std::vector<Edge, std::allocator<Edge> > > >::allocate(std::allocator<std::vector<Edge, std::allocator<Edge> > >&, unsigned long) /usr/include/c++/11/bits/alloc_traits.h:464 (test_move_nodes_fast+0x2e408)
    #3 std::_Vector_base<std::vector<Edge, std::allocator<Edge> >, std::allocator<std::vector<Edge, std::allocator<Edge> > > >::_M_allocate(unsigned long) /usr/include/c++/11/bits/stl_vector.h:346 (test_move_nodes_fast+0x2e408)
    #4 std::_Vector_base<std::vector<Edge, std::allocator<Edge> >, std::allocator<std::vector<Edge, std::allocator<Edge> > > >::_M_create_storage(unsigned long) /usr/include/c++/11/bits/stl_vector.h:361 (test_move_nodes_fast+0x2e408)
    #5 std::_Vector_base<std::vector<Edge, std::allocator<Edge> >, std::allocator<std::vector<Edge, std::allocator<Edge> > > >::_Vector_base(unsigned long, std::allocator<std::vector<Edge, std::allocator<Edge> > > const&) /usr/include/c++/11/bits/stl_vector.h:305 (test_move_nodes_fast+0x2e408)
    #6 std::vector<std::vector<Edge, std::allocator<Edge> >, std::allocator<std::vector<Edge, std::allocator<Edge> > > >::vector(unsigned long, std::allocator<std::vector<Edge, std::allocator<Edge> > > const&) /usr/include/c++/11/bits/stl_vector.h:511 (test_move_nodes_fast+0x2e408)
    #7 SimpleGraph::SimpleGraph(int) common/Types.hpp:16 (test_move_nodes_fast+0x2e408)
    #8 MakeGraph(int) common/Types.hpp:27 (test_move_nodes_fast+0x26132)
    #9 MakeUnweightedGraph tests/test_move_nodes_fast.cpp:217 (test_move_nodes_fast+0x26132)
    #10 TestStage4ABasicAndEdgeCases tests/test_move_nodes_fast.cpp:473 (test_move_nodes_fast+0x2b908)
    #11 main tests/test_move_nodes_fast.cpp:674 (test_move_nodes_fast+0x2e2c8)

  Thread T1 (tid=4, running) created by main thread at:
    #0 pthread_create ../../../../src/libsanitizer/tsan/tsan_interceptors_posix.cpp:969 (libtsan.so.0+0x605b8)
    #1 <null> <null> (libgomp.so.1+0x1e25f)
    #2 RunStage4AAndCheck tests/test_move_nodes_fast.cpp:201 (test_move_nodes_fast+0x2b4c1)
    #3 TestStage4ABasicAndEdgeCases tests/test_move_nodes_fast.cpp:464 (test_move_nodes_fast+0x2b7d4)
    #4 main tests/test_move_nodes_fast.cpp:674 (test_move_nodes_fast+0x2e2c8)

SUMMARY: ThreadSanitizer: data race /usr/include/c++/11/bits/stl_iterator.h:1028 in __gnu_cxx::__normal_iterator<Edge const*, std::vector<Edge, std::allocator<Edge> > >::__normal_iterator(Edge const* const&)
==================
==================
WARNING: ThreadSanitizer: data race (pid=2)
  Read of size 8 at 0x7b2400000008 by thread T1:
    #0 __gnu_cxx::__normal_iterator<Edge const*, std::vector<Edge, std::allocator<Edge> > >::__normal_iterator(Edge const* const&) /usr/include/c++/11/bits/stl_iterator.h:1028 (test_move_nodes_fast+0x64e1)
    #1 std::vector<Edge, std::allocator<Edge> >::end() const /usr/include/c++/11/bits/stl_vector.h:839 (test_move_nodes_fast+0x64e1)
    #2 BuildNeighborCommunityWeights(SimpleGraph const&, LeidenPartition const&, int, NeighborCommunityScratch&) /home/stomo/WorkSpace/MyLeiden/QualityFunction.cpp:186 (test_move_nodes_fast+0x64e1)
    #3 MoveNodesFastParallelStage4A(SimpleGraph const&, LeidenGraphStats const&, LeidenPartition, QualityFunction const&, unsigned long, unsigned long, LeidenOptions const*) [clone ._omp_fn.0] /home/stomo/WorkSpace/MyLeiden/Leiden.cpp:1191 (test_move_nodes_fast+0xc5d4)
    #4 <null> <null> (libgomp.so.1+0x1dc0d)

  Previous write of size 8 at 0x7b2400000008 by main thread:
    #0 operator new(unsigned long) ../../../../src/libsanitizer/tsan/tsan_new_delete.cpp:64 (libtsan.so.0+0x8f162)
    #1 __gnu_cxx::new_allocator<std::vector<Edge, std::allocator<Edge> > >::allocate(unsigned long, void const*) /usr/include/c++/11/ext/new_allocator.h:127 (test_move_nodes_fast+0x2e408)
    #2 std::allocator_traits<std::allocator<std::vector<Edge, std::allocator<Edge> > > >::allocate(std::allocator<std::vector<Edge, std::allocator<Edge> > >&, unsigned long) /usr/include/c++/11/bits/alloc_traits.h:464 (test_move_nodes_fast+0x2e408)
    #3 std::_Vector_base<std::vector<Edge, std::allocator<Edge> >, std::allocator<std::vector<Edge, std::allocator<Edge> > > >::_M_allocate(unsigned long) /usr/include/c++/11/bits/stl_vector.h:346 (test_move_nodes_fast+0x2e408)
    #4 std::_Vector_base<std::vector<Edge, std::allocator<Edge> >, std::allocator<std::vector<Edge, std::allocator<Edge> > > >::_M_create_storage(unsigned long) /usr/include/c++/11/bits/stl_vector.h:361 (test_move_nodes_fast+0x2e408)
    #5 std::_Vector_base<std::vector<Edge, std::allocator<Edge> >, std::allocator<std::vector<Edge, std::allocator<Edge> > > >::_Vector_base(unsigned long, std::allocator<std::vector<Edge, std::allocator<Edge> > > const&) /usr/include/c++/11/bits/stl_vector.h:305 (test_move_nodes_fast+0x2e408)
    #6 std::vector<std::vector<Edge, std::allocator<Edge> >, std::allocator<std::vector<Edge, std::allocator<Edge> > > >::vector(unsigned long, std::allocator<std::vector<Edge, std::allocator<Edge> > > const&) /usr/include/c++/11/bits/stl_vector.h:511 (test_move_nodes_fast+0x2e408)
    #7 SimpleGraph::SimpleGraph(int) common/Types.hpp:16 (test_move_nodes_fast+0x2e408)
    #8 MakeGraph(int) common/Types.hpp:27 (test_move_nodes_fast+0x26132)
    #9 MakeUnweightedGraph tests/test_move_nodes_fast.cpp:217 (test_move_nodes_fast+0x26132)
    #10 TestStage4ABasicAndEdgeCases tests/test_move_nodes_fast.cpp:473 (test_move_nodes_fast+0x2b908)
    #11 main tests/test_move_nodes_fast.cpp:674 (test_move_nodes_fast+0x2e2c8)

  Location is heap block of size 144 at 0x7b2400000000 allocated by main thread:
    #0 operator new(unsigned long) ../../../../src/libsanitizer/tsan/tsan_new_delete.cpp:64 (libtsan.so.0+0x8f162)
    #1 __gnu_cxx::new_allocator<std::vector<Edge, std::allocator<Edge> > >::allocate(unsigned long, void const*) /usr/include/c++/11/ext/new_allocator.h:127 (test_move_nodes_fast+0x2e408)
    #2 std::allocator_traits<std::allocator<std::vector<Edge, std::allocator<Edge> > > >::allocate(std::allocator<std::vector<Edge, std::allocator<Edge> > >&, unsigned long) /usr/include/c++/11/bits/alloc_traits.h:464 (test_move_nodes_fast+0x2e408)
    #3 std::_Vector_base<std::vector<Edge, std::allocator<Edge> >, std::allocator<std::vector<Edge, std::allocator<Edge> > > >::_M_allocate(unsigned long) /usr/include/c++/11/bits/stl_vector.h:346 (test_move_nodes_fast+0x2e408)
    #4 std::_Vector_base<std::vector<Edge, std::allocator<Edge> >, std::allocator<std::vector<Edge, std::allocator<Edge> > > >::_M_create_storage(unsigned long) /usr/include/c++/11/bits/stl_vector.h:361 (test_move_nodes_fast+0x2e408)
    #5 std::_Vector_base<std::vector<Edge, std::allocator<Edge> >, std::allocator<std::vector<Edge, std::allocator<Edge> > > >::_Vector_base(unsigned long, std::allocator<std::vector<Edge, std::allocator<Edge> > > const&) /usr/include/c++/11/bits/stl_vector.h:305 (test_move_nodes_fast+0x2e408)
    #6 std::vector<std::vector<Edge, std::allocator<Edge> >, std::allocator<std::vector<Edge, std::allocator<Edge> > > >::vector(unsigned long, std::allocator<std::vector<Edge, std::allocator<Edge> > > const&) /usr/include/c++/11/bits/stl_vector.h:511 (test_move_nodes_fast+0x2e408)
    #7 SimpleGraph::SimpleGraph(int) common/Types.hpp:16 (test_move_nodes_fast+0x2e408)
    #8 MakeGraph(int) common/Types.hpp:27 (test_move_nodes_fast+0x26132)
    #9 MakeUnweightedGraph tests/test_move_nodes_fast.cpp:217 (test_move_nodes_fast+0x26132)
    #10 TestStage4ABasicAndEdgeCases tests/test_move_nodes_fast.cpp:473 (test_move_nodes_fast+0x2b908)
    #11 main tests/test_move_nodes_fast.cpp:674 (test_move_nodes_fast+0x2e2c8)

  Thread T1 (tid=4, running) created by main thread at:
    #0 pthread_create ../../../../src/libsanitizer/tsan/tsan_interceptors_posix.cpp:969 (libtsan.so.0+0x605b8)
    #1 <null> <null> (libgomp.so.1+0x1e25f)
    #2 RunStage4AAndCheck tests/test_move_nodes_fast.cpp:201 (test_move_nodes_fast+0x2b4c1)
    #3 TestStage4ABasicAndEdgeCases tests/test_move_nodes_fast.cpp:464 (test_move_nodes_fast+0x2b7d4)
    #4 main tests/test_move_nodes_fast.cpp:674 (test_move_nodes_fast+0x2e2c8)

SUMMARY: ThreadSanitizer: data race /usr/include/c++/11/bits/stl_iterator.h:1028 in __gnu_cxx::__normal_iterator<Edge const*, std::vector<Edge, std::allocator<Edge> > >::__normal_iterator(Edge const* const&)
==================
==================
WARNING: ThreadSanitizer: data race (pid=2)
  Read of size 4 at 0x7b08000000e0 by thread T1:
    #0 BuildNeighborCommunityWeights(SimpleGraph const&, LeidenPartition const&, int, NeighborCommunityScratch&) /home/stomo/WorkSpace/MyLeiden/QualityFunction.cpp:187 (test_move_nodes_fast+0x6658)
    #1 MoveNodesFastParallelStage4A(SimpleGraph const&, LeidenGraphStats const&, LeidenPartition, QualityFunction const&, unsigned long, unsigned long, LeidenOptions const*) [clone ._omp_fn.0] /home/stomo/WorkSpace/MyLeiden/Leiden.cpp:1191 (test_move_nodes_fast+0xc5d4)
    #2 <null> <null> (libgomp.so.1+0x1dc0d)

  Previous write of size 8 at 0x7b08000000e0 by main thread:
    #0 operator new(unsigned long) ../../../../src/libsanitizer/tsan/tsan_new_delete.cpp:64 (libtsan.so.0+0x8f162)
    #1 __gnu_cxx::new_allocator<Edge>::allocate(unsigned long, void const*) /usr/include/c++/11/ext/new_allocator.h:127 (test_move_nodes_fast+0x23184)
    #2 std::allocator_traits<std::allocator<Edge> >::allocate(std::allocator<Edge>&, unsigned long) /usr/include/c++/11/bits/alloc_traits.h:464 (test_move_nodes_fast+0x23184)
    #3 std::_Vector_base<Edge, std::allocator<Edge> >::_M_allocate(unsigned long) /usr/include/c++/11/bits/stl_vector.h:346 (test_move_nodes_fast+0x23184)
    #4 void std::vector<Edge, std::allocator<Edge> >::_M_realloc_insert<Edge>(__gnu_cxx::__normal_iterator<Edge*, std::vector<Edge, std::allocator<Edge> > >, Edge&&) /usr/include/c++/11/bits/vector.tcc:440 (test_move_nodes_fast+0x23184)
    #5 Edge& std::vector<Edge, std::allocator<Edge> >::emplace_back<Edge>(Edge&&) /usr/include/c++/11/bits/vector.tcc:121 (test_move_nodes_fast+0x2322d)
    #6 std::vector<Edge, std::allocator<Edge> >::push_back(Edge&&) /usr/include/c++/11/bits/stl_vector.h:1204 (test_move_nodes_fast+0x2f50f)
    #7 add_undirected_edge(SimpleGraph&, int, int, double) common/Types.hpp:44 (test_move_nodes_fast+0x2f50f)
    #8 MakeUnweightedGraph tests/test_move_nodes_fast.cpp:220 (test_move_nodes_fast+0x26180)
    #9 TestStage4ABasicAndEdgeCases tests/test_move_nodes_fast.cpp:473 (test_move_nodes_fast+0x2b908)
    #10 main tests/test_move_nodes_fast.cpp:674 (test_move_nodes_fast+0x2e2c8)

  Location is heap block of size 32 at 0x7b08000000e0 allocated by main thread:
    #0 operator new(unsigned long) ../../../../src/libsanitizer/tsan/tsan_new_delete.cpp:64 (libtsan.so.0+0x8f162)
    #1 __gnu_cxx::new_allocator<Edge>::allocate(unsigned long, void const*) /usr/include/c++/11/ext/new_allocator.h:127 (test_move_nodes_fast+0x23184)
    #2 std::allocator_traits<std::allocator<Edge> >::allocate(std::allocator<Edge>&, unsigned long) /usr/include/c++/11/bits/alloc_traits.h:464 (test_move_nodes_fast+0x23184)
    #3 std::_Vector_base<Edge, std::allocator<Edge> >::_M_allocate(unsigned long) /usr/include/c++/11/bits/stl_vector.h:346 (test_move_nodes_fast+0x23184)
    #4 void std::vector<Edge, std::allocator<Edge> >::_M_realloc_insert<Edge>(__gnu_cxx::__normal_iterator<Edge*, std::vector<Edge, std::allocator<Edge> > >, Edge&&) /usr/include/c++/11/bits/vector.tcc:440 (test_move_nodes_fast+0x23184)
    #5 Edge& std::vector<Edge, std::allocator<Edge> >::emplace_back<Edge>(Edge&&) /usr/include/c++/11/bits/vector.tcc:121 (test_move_nodes_fast+0x2322d)
    #6 std::vector<Edge, std::allocator<Edge> >::push_back(Edge&&) /usr/include/c++/11/bits/stl_vector.h:1204 (test_move_nodes_fast+0x2f50f)
    #7 add_undirected_edge(SimpleGraph&, int, int, double) common/Types.hpp:44 (test_move_nodes_fast+0x2f50f)
    #8 MakeUnweightedGraph tests/test_move_nodes_fast.cpp:220 (test_move_nodes_fast+0x26180)
    #9 TestStage4ABasicAndEdgeCases tests/test_move_nodes_fast.cpp:473 (test_move_nodes_fast+0x2b908)
    #10 main tests/test_move_nodes_fast.cpp:674 (test_move_nodes_fast+0x2e2c8)

  Thread T1 (tid=4, running) created by main thread at:
    #0 pthread_create ../../../../src/libsanitizer/tsan/tsan_interceptors_posix.cpp:969 (libtsan.so.0+0x605b8)
    #1 <null> <null> (libgomp.so.1+0x1e25f)
    #2 RunStage4AAndCheck tests/test_move_nodes_fast.cpp:201 (test_move_nodes_fast+0x2b4c1)
    #3 TestStage4ABasicAndEdgeCases tests/test_move_nodes_fast.cpp:464 (test_move_nodes_fast+0x2b7d4)
    #4 main tests/test_move_nodes_fast.cpp:674 (test_move_nodes_fast+0x2e2c8)

SUMMARY: ThreadSanitizer: data race /home/stomo/WorkSpace/MyLeiden/QualityFunction.cpp:187 in BuildNeighborCommunityWeights(SimpleGraph const&, LeidenPartition const&, int, NeighborCommunityScratch&)
==================
==================
WARNING: ThreadSanitizer: data race (pid=2)
  Read of size 8 at 0x7b08000000e8 by thread T1:
    #0 BuildNeighborCommunityWeights(SimpleGraph const&, LeidenPartition const&, int, NeighborCommunityScratch&) /home/stomo/WorkSpace/MyLeiden/QualityFunction.cpp:201 (test_move_nodes_fast+0x6620)
    #1 MoveNodesFastParallelStage4A(SimpleGraph const&, LeidenGraphStats const&, LeidenPartition, QualityFunction const&, unsigned long, unsigned long, LeidenOptions const*) [clone ._omp_fn.0] /home/stomo/WorkSpace/MyLeiden/Leiden.cpp:1191 (test_move_nodes_fast+0xc5d4)
    #2 <null> <null> (libgomp.so.1+0x1dc0d)

  Previous write of size 8 at 0x7b08000000e8 by main thread:
    #0 operator new(unsigned long) ../../../../src/libsanitizer/tsan/tsan_new_delete.cpp:64 (libtsan.so.0+0x8f162)
    #1 __gnu_cxx::new_allocator<Edge>::allocate(unsigned long, void const*) /usr/include/c++/11/ext/new_allocator.h:127 (test_move_nodes_fast+0x23184)
    #2 std::allocator_traits<std::allocator<Edge> >::allocate(std::allocator<Edge>&, unsigned long) /usr/include/c++/11/bits/alloc_traits.h:464 (test_move_nodes_fast+0x23184)
    #3 std::_Vector_base<Edge, std::allocator<Edge> >::_M_allocate(unsigned long) /usr/include/c++/11/bits/stl_vector.h:346 (test_move_nodes_fast+0x23184)
    #4 void std::vector<Edge, std::allocator<Edge> >::_M_realloc_insert<Edge>(__gnu_cxx::__normal_iterator<Edge*, std::vector<Edge, std::allocator<Edge> > >, Edge&&) /usr/include/c++/11/bits/vector.tcc:440 (test_move_nodes_fast+0x23184)
    #5 Edge& std::vector<Edge, std::allocator<Edge> >::emplace_back<Edge>(Edge&&) /usr/include/c++/11/bits/vector.tcc:121 (test_move_nodes_fast+0x2322d)
    #6 std::vector<Edge, std::allocator<Edge> >::push_back(Edge&&) /usr/include/c++/11/bits/stl_vector.h:1204 (test_move_nodes_fast+0x2f50f)
    #7 add_undirected_edge(SimpleGraph&, int, int, double) common/Types.hpp:44 (test_move_nodes_fast+0x2f50f)
    #8 MakeUnweightedGraph tests/test_move_nodes_fast.cpp:220 (test_move_nodes_fast+0x26180)
    #9 TestStage4ABasicAndEdgeCases tests/test_move_nodes_fast.cpp:473 (test_move_nodes_fast+0x2b908)
    #10 main tests/test_move_nodes_fast.cpp:674 (test_move_nodes_fast+0x2e2c8)

  Location is heap block of size 32 at 0x7b08000000e0 allocated by main thread:
    #0 operator new(unsigned long) ../../../../src/libsanitizer/tsan/tsan_new_delete.cpp:64 (libtsan.so.0+0x8f162)
    #1 __gnu_cxx::new_allocator<Edge>::allocate(unsigned long, void const*) /usr/include/c++/11/ext/new_allocator.h:127 (test_move_nodes_fast+0x23184)
    #2 std::allocator_traits<std::allocator<Edge> >::allocate(std::allocator<Edge>&, unsigned long) /usr/include/c++/11/bits/alloc_traits.h:464 (test_move_nodes_fast+0x23184)
    #3 std::_Vector_base<Edge, std::allocator<Edge> >::_M_allocate(unsigned long) /usr/include/c++/11/bits/stl_vector.h:346 (test_move_nodes_fast+0x23184)
    #4 void std::vector<Edge, std::allocator<Edge> >::_M_realloc_insert<Edge>(__gnu_cxx::__normal_iterator<Edge*, std::vector<Edge, std::allocator<Edge> > >, Edge&&) /usr/include/c++/11/bits/vector.tcc:440 (test_move_nodes_fast+0x23184)
    #5 Edge& std::vector<Edge, std::allocator<Edge> >::emplace_back<Edge>(Edge&&) /usr/include/c++/11/bits/vector.tcc:121 (test_move_nodes_fast+0x2322d)
    #6 std::vector<Edge, std::allocator<Edge> >::push_back(Edge&&) /usr/include/c++/11/bits/stl_vector.h:1204 (test_move_nodes_fast+0x2f50f)
    #7 add_undirected_edge(SimpleGraph&, int, int, double) common/Types.hpp:44 (test_move_nodes_fast+0x2f50f)
    #8 MakeUnweightedGraph tests/test_move_nodes_fast.cpp:220 (test_move_nodes_fast+0x26180)
    #9 TestStage4ABasicAndEdgeCases tests/test_move_nodes_fast.cpp:473 (test_move_nodes_fast+0x2b908)
    #10 main tests/test_move_nodes_fast.cpp:674 (test_move_nodes_fast+0x2e2c8)

  Thread T1 (tid=4, running) created by main thread at:
    #0 pthread_create ../../../../src/libsanitizer/tsan/tsan_interceptors_posix.cpp:969 (libtsan.so.0+0x605b8)
    #1 <null> <null> (libgomp.so.1+0x1e25f)
    #2 RunStage4AAndCheck tests/test_move_nodes_fast.cpp:201 (test_move_nodes_fast+0x2b4c1)
    #3 TestStage4ABasicAndEdgeCases tests/test_move_nodes_fast.cpp:464 (test_move_nodes_fast+0x2b7d4)
    #4 main tests/test_move_nodes_fast.cpp:674 (test_move_nodes_fast+0x2e2c8)

SUMMARY: ThreadSanitizer: data race /home/stomo/WorkSpace/MyLeiden/QualityFunction.cpp:201 in BuildNeighborCommunityWeights(SimpleGraph const&, LeidenPartition const&, int, NeighborCommunityScratch&)
==================
==================
WARNING: ThreadSanitizer: data race (pid=2)
  Read of size 4 at 0x7b0800000108 by thread T1:
    #0 BuildNeighborCommunityWeights(SimpleGraph const&, LeidenPartition const&, int, NeighborCommunityScratch&) /home/stomo/WorkSpace/MyLeiden/QualityFunction.cpp:190 (test_move_nodes_fast+0x667b)
    #1 MoveNodesFastParallelStage4A(SimpleGraph const&, LeidenGraphStats const&, LeidenPartition, QualityFunction const&, unsigned long, unsigned long, LeidenOptions const*) [clone ._omp_fn.0] /home/stomo/WorkSpace/MyLeiden/Leiden.cpp:1191 (test_move_nodes_fast+0xc5d4)
    #2 <null> <null> (libgomp.so.1+0x1dc0d)

  Previous write of size 8 at 0x7b0800000108 by main thread:
    #0 operator new(unsigned long) ../../../../src/libsanitizer/tsan/tsan_new_delete.cpp:64 (libtsan.so.0+0x8f162)
    #1 __gnu_cxx::new_allocator<int>::allocate(unsigned long, void const*) /usr/include/c++/11/ext/new_allocator.h:127 (test_move_nodes_fast+0x2e705)
    #2 std::allocator_traits<std::allocator<int> >::allocate(std::allocator<int>&, unsigned long) /usr/include/c++/11/bits/alloc_traits.h:464 (test_move_nodes_fast+0x2e705)
    #3 std::_Vector_base<int, std::allocator<int> >::_M_allocate(unsigned long) /usr/include/c++/11/bits/stl_vector.h:346 (test_move_nodes_fast+0x2e705)
    #4 std::_Vector_base<int, std::allocator<int> >::_M_create_storage(unsigned long) /usr/include/c++/11/bits/stl_vector.h:361 (test_move_nodes_fast+0x2e705)
    #5 std::_Vector_base<int, std::allocator<int> >::_Vector_base(unsigned long, std::allocator<int> const&) /usr/include/c++/11/bits/stl_vector.h:305 (test_move_nodes_fast+0x2e705)
    #6 std::vector<int, std::allocator<int> >::vector(std::vector<int, std::allocator<int> > const&) /usr/include/c++/11/bits/stl_vector.h:555 (test_move_nodes_fast+0x2e705)
    #7 LeidenPartition::LeidenPartition(LeidenPartition const&) LeidenTypes.hpp:21 (test_move_nodes_fast+0x2e705)
    #8 RunStage4AAndCheck tests/test_move_nodes_fast.cpp:201 (test_move_nodes_fast+0x2b499)
    #9 TestStage4ABasicAndEdgeCases tests/test_move_nodes_fast.cpp:472 (test_move_nodes_fast+0x2b94b)
    #10 main tests/test_move_nodes_fast.cpp:674 (test_move_nodes_fast+0x2e2c8)

  Location is heap block of size 24 at 0x7b0800000100 allocated by main thread:
    #0 operator new(unsigned long) ../../../../src/libsanitizer/tsan/tsan_new_delete.cpp:64 (libtsan.so.0+0x8f162)
    #1 __gnu_cxx::new_allocator<int>::allocate(unsigned long, void const*) /usr/include/c++/11/ext/new_allocator.h:127 (test_move_nodes_fast+0x2e705)
    #2 std::allocator_traits<std::allocator<int> >::allocate(std::allocator<int>&, unsigned long) /usr/include/c++/11/bits/alloc_traits.h:464 (test_move_nodes_fast+0x2e705)
    #3 std::_Vector_base<int, std::allocator<int> >::_M_allocate(unsigned long) /usr/include/c++/11/bits/stl_vector.h:346 (test_move_nodes_fast+0x2e705)
    #4 std::_Vector_base<int, std::allocator<int> >::_M_create_storage(unsigned long) /usr/include/c++/11/bits/stl_vector.h:361 (test_move_nodes_fast+0x2e705)
    #5 std::_Vector_base<int, std::allocator<int> >::_Vector_base(unsigned long, std::allocator<int> const&) /usr/include/c++/11/bits/stl_vector.h:305 (test_move_nodes_fast+0x2e705)
    #6 std::vector<int, std::allocator<int> >::vector(std::vector<int, std::allocator<int> > const&) /usr/include/c++/11/bits/stl_vector.h:555 (test_move_nodes_fast+0x2e705)
    #7 LeidenPartition::LeidenPartition(LeidenPartition const&) LeidenTypes.hpp:21 (test_move_nodes_fast+0x2e705)
    #8 RunStage4AAndCheck tests/test_move_nodes_fast.cpp:201 (test_move_nodes_fast+0x2b499)
    #9 TestStage4ABasicAndEdgeCases tests/test_move_nodes_fast.cpp:472 (test_move_nodes_fast+0x2b94b)
    #10 main tests/test_move_nodes_fast.cpp:674 (test_move_nodes_fast+0x2e2c8)

  Thread T1 (tid=4, running) created by main thread at:
    #0 pthread_create ../../../../src/libsanitizer/tsan/tsan_interceptors_posix.cpp:969 (libtsan.so.0+0x605b8)
    #1 <null> <null> (libgomp.so.1+0x1e25f)
    #2 RunStage4AAndCheck tests/test_move_nodes_fast.cpp:201 (test_move_nodes_fast+0x2b4c1)
    #3 TestStage4ABasicAndEdgeCases tests/test_move_nodes_fast.cpp:464 (test_move_nodes_fast+0x2b7d4)
    #4 main tests/test_move_nodes_fast.cpp:674 (test_move_nodes_fast+0x2e2c8)

SUMMARY: ThreadSanitizer: data race /home/stomo/WorkSpace/MyLeiden/QualityFunction.cpp:190 in BuildNeighborCommunityWeights(SimpleGraph const&, LeidenPartition const&, int, NeighborCommunityScratch&)
==================
==================
WARNING: ThreadSanitizer: data race (pid=2)
  Read of size 8 at 0x7ffd2222e0c0 by thread T1:
    #0 ModularityQualityFunction::deltaMoveFromWeights(LeidenGraphStats const&, LeidenPartition const&, int, int, double, double) const /home/stomo/WorkSpace/MyLeiden/QualityFunction.cpp:710 (test_move_nodes_fast+0x49d0)
    #1 MoveNodesFastParallelStage4A(SimpleGraph const&, LeidenGraphStats const&, LeidenPartition, QualityFunction const&, unsigned long, unsigned long, LeidenOptions const*) [clone ._omp_fn.0] /home/stomo/WorkSpace/MyLeiden/Leiden.cpp:1206 (test_move_nodes_fast+0xc39e)
    #2 <null> <null> (libgomp.so.1+0x1dc0d)

  Previous write of size 8 at 0x7ffd2222e0c0 by main thread:
    #0 LeidenGraphStats::LeidenGraphStats() /home/stomo/WorkSpace/MyLeiden/LeidenTypes.hpp:15 (test_move_nodes_fast+0x6852)
    #1 BuildLeidenGraphStats(SimpleGraph const&, std::vector<double, std::allocator<double> > const&) /home/stomo/WorkSpace/MyLeiden/QualityFunction.cpp:233 (test_move_nodes_fast+0x6852)
    #2 BuildLeidenGraphStats(SimpleGraph const&) /home/stomo/WorkSpace/MyLeiden/QualityFunction.cpp:222 (test_move_nodes_fast+0x6bd4)
    #3 RunStage4AAndCheck tests/test_move_nodes_fast.cpp:197 (test_move_nodes_fast+0x2b43b)
    #4 TestStage4ABasicAndEdgeCases tests/test_move_nodes_fast.cpp:466 (test_move_nodes_fast+0x2b850)
    #5 main tests/test_move_nodes_fast.cpp:674 (test_move_nodes_fast+0x2e2c8)

  Location is stack of main thread.

  Location is global '<null>' at 0x000000000000 ([stack]+0x00000001f0c0)

  Thread T1 (tid=4, running) created by main thread at:
    #0 pthread_create ../../../../src/libsanitizer/tsan/tsan_interceptors_posix.cpp:969 (libtsan.so.0+0x605b8)
    #1 <null> <null> (libgomp.so.1+0x1e25f)
    #2 RunStage4AAndCheck tests/test_move_nodes_fast.cpp:201 (test_move_nodes_fast+0x2b4c1)
    #3 TestStage4ABasicAndEdgeCases tests/test_move_nodes_fast.cpp:464 (test_move_nodes_fast+0x2b7d4)
    #4 main tests/test_move_nodes_fast.cpp:674 (test_move_nodes_fast+0x2e2c8)

SUMMARY: ThreadSanitizer: data race /home/stomo/WorkSpace/MyLeiden/QualityFunction.cpp:710 in ModularityQualityFunction::deltaMoveFromWeights(LeidenGraphStats const&, LeidenPartition const&, int, int, double, double) const
==================
==================
WARNING: ThreadSanitizer: data race (pid=2)
  Read of size 8 at 0x7b0c00000000 by thread T1:
    #0 ModularityQualityFunction::deltaMoveFromWeights(LeidenGraphStats const&, LeidenPartition const&, int, int, double, double) const /home/stomo/WorkSpace/MyLeiden/QualityFunction.cpp:719 (test_move_nodes_fast+0x4a34)
    #1 MoveNodesFastParallelStage4A(SimpleGraph const&, LeidenGraphStats const&, LeidenPartition, QualityFunction const&, unsigned long, unsigned long, LeidenOptions const*) [clone ._omp_fn.0] /home/stomo/WorkSpace/MyLeiden/Leiden.cpp:1206 (test_move_nodes_fast+0xc39e)
    #2 <null> <null> (libgomp.so.1+0x1dc0d)

  Previous write of size 8 at 0x7b0c00000000 by main thread:
    #0 operator new(unsigned long) ../../../../src/libsanitizer/tsan/tsan_new_delete.cpp:64 (libtsan.so.0+0x8f162)
    #1 __gnu_cxx::new_allocator<double>::allocate(unsigned long, void const*) /usr/include/c++/11/ext/new_allocator.h:127 (test_move_nodes_fast+0x8cce)
    #2 std::allocator_traits<std::allocator<double> >::allocate(std::allocator<double>&, unsigned long) /usr/include/c++/11/bits/alloc_traits.h:464 (test_move_nodes_fast+0x8cce)
    #3 std::_Vector_base<double, std::allocator<double> >::_M_allocate(unsigned long) /usr/include/c++/11/bits/stl_vector.h:346 (test_move_nodes_fast+0x8cce)
    #4 std::_Vector_base<double, std::allocator<double> >::_M_create_storage(unsigned long) /usr/include/c++/11/bits/stl_vector.h:361 (test_move_nodes_fast+0x8cce)
    #5 std::_Vector_base<double, std::allocator<double> >::_Vector_base(unsigned long, std::allocator<double> const&) /usr/include/c++/11/bits/stl_vector.h:305 (test_move_nodes_fast+0x8cce)
    #6 std::vector<double, std::allocator<double> >::vector(unsigned long, double const&, std::allocator<double> const&) /usr/include/c++/11/bits/stl_vector.h:524 (test_move_nodes_fast+0x8cce)
    #7 std::vector<double, std::allocator<double> >::_M_fill_assign(unsigned long, double const&) /usr/include/c++/11/bits/vector.tcc:262 (test_move_nodes_fast+0x8cce)
    #8 std::vector<double, std::allocator<double> >::assign(unsigned long, double const&) /usr/include/c++/11/bits/stl_vector.h:750 (test_move_nodes_fast+0x68bc)
    #9 BuildLeidenGraphStats(SimpleGraph const&, std::vector<double, std::allocator<double> > const&) /home/stomo/WorkSpace/MyLeiden/QualityFunction.cpp:235 (test_move_nodes_fast+0x68bc)
    #10 BuildLeidenGraphStats(SimpleGraph const&) /home/stomo/WorkSpace/MyLeiden/QualityFunction.cpp:222 (test_move_nodes_fast+0x6bd4)
    #11 RunStage4AAndCheck tests/test_move_nodes_fast.cpp:197 (test_move_nodes_fast+0x2b43b)
    #12 TestStage4ABasicAndEdgeCases tests/test_move_nodes_fast.cpp:472 (test_move_nodes_fast+0x2b94b)
    #13 main tests/test_move_nodes_fast.cpp:674 (test_move_nodes_fast+0x2e2c8)

  Location is heap block of size 48 at 0x7b0c00000000 allocated by main thread:
    #0 operator new(unsigned long) ../../../../src/libsanitizer/tsan/tsan_new_delete.cpp:64 (libtsan.so.0+0x8f162)
    #1 __gnu_cxx::new_allocator<double>::allocate(unsigned long, void const*) /usr/include/c++/11/ext/new_allocator.h:127 (test_move_nodes_fast+0x8cce)
    #2 std::allocator_traits<std::allocator<double> >::allocate(std::allocator<double>&, unsigned long) /usr/include/c++/11/bits/alloc_traits.h:464 (test_move_nodes_fast+0x8cce)
    #3 std::_Vector_base<double, std::allocator<double> >::_M_allocate(unsigned long) /usr/include/c++/11/bits/stl_vector.h:346 (test_move_nodes_fast+0x8cce)
    #4 std::_Vector_base<double, std::allocator<double> >::_M_create_storage(unsigned long) /usr/include/c++/11/bits/stl_vector.h:361 (test_move_nodes_fast+0x8cce)
    #5 std::_Vector_base<double, std::allocator<double> >::_Vector_base(unsigned long, std::allocator<double> const&) /usr/include/c++/11/bits/stl_vector.h:305 (test_move_nodes_fast+0x8cce)
    #6 std::vector<double, std::allocator<double> >::vector(unsigned long, double const&, std::allocator<double> const&) /usr/include/c++/11/bits/stl_vector.h:524 (test_move_nodes_fast+0x8cce)
    #7 std::vector<double, std::allocator<double> >::_M_fill_assign(unsigned long, double const&) /usr/include/c++/11/bits/vector.tcc:262 (test_move_nodes_fast+0x8cce)
    #8 std::vector<double, std::allocator<double> >::assign(unsigned long, double const&) /usr/include/c++/11/bits/stl_vector.h:750 (test_move_nodes_fast+0x68bc)
    #9 BuildLeidenGraphStats(SimpleGraph const&, std::vector<double, std::allocator<double> > const&) /home/stomo/WorkSpace/MyLeiden/QualityFunction.cpp:235 (test_move_nodes_fast+0x68bc)
    #10 BuildLeidenGraphStats(SimpleGraph const&) /home/stomo/WorkSpace/MyLeiden/QualityFunction.cpp:222 (test_move_nodes_fast+0x6bd4)
    #11 RunStage4AAndCheck tests/test_move_nodes_fast.cpp:197 (test_move_nodes_fast+0x2b43b)
    #12 TestStage4ABasicAndEdgeCases tests/test_move_nodes_fast.cpp:472 (test_move_nodes_fast+0x2b94b)
    #13 main tests/test_move_nodes_fast.cpp:674 (test_move_nodes_fast+0x2e2c8)

  Thread T1 (tid=4, running) created by main thread at:
    #0 pthread_create ../../../../src/libsanitizer/tsan/tsan_interceptors_posix.cpp:969 (libtsan.so.0+0x605b8)
    #1 <null> <null> (libgomp.so.1+0x1e25f)
    #2 RunStage4AAndCheck tests/test_move_nodes_fast.cpp:201 (test_move_nodes_fast+0x2b4c1)
    #3 TestStage4ABasicAndEdgeCases tests/test_move_nodes_fast.cpp:464 (test_move_nodes_fast+0x2b7d4)
    #4 main tests/test_move_nodes_fast.cpp:674 (test_move_nodes_fast+0x2e2c8)

SUMMARY: ThreadSanitizer: data race /home/stomo/WorkSpace/MyLeiden/QualityFunction.cpp:719 in ModularityQualityFunction::deltaMoveFromWeights(LeidenGraphStats const&, LeidenPartition const&, int, int, double, double) const
==================
==================
WARNING: ThreadSanitizer: data race (pid=2)
  Read of size 8 at 0x7b0c000000f0 by thread T1:
    #0 ModularityQualityFunction::deltaMoveFromWeights(LeidenGraphStats const&, LeidenPartition const&, int, int, double, double) const /home/stomo/WorkSpace/MyLeiden/QualityFunction.cpp:721 (test_move_nodes_fast+0x4a5b)
    #1 MoveNodesFastParallelStage4A(SimpleGraph const&, LeidenGraphStats const&, LeidenPartition, QualityFunction const&, unsigned long, unsigned long, LeidenOptions const*) [clone ._omp_fn.0] /home/stomo/WorkSpace/MyLeiden/Leiden.cpp:1206 (test_move_nodes_fast+0xc39e)
    #2 <null> <null> (libgomp.so.1+0x1dc0d)

  Previous write of size 8 at 0x7b0c000000f0 by main thread:
    #0 operator new(unsigned long) ../../../../src/libsanitizer/tsan/tsan_new_delete.cpp:64 (libtsan.so.0+0x8f162)
    #1 __gnu_cxx::new_allocator<double>::allocate(unsigned long, void const*) /usr/include/c++/11/ext/new_allocator.h:127 (test_move_nodes_fast+0x2e920)
    #2 std::allocator_traits<std::allocator<double> >::allocate(std::allocator<double>&, unsigned long) /usr/include/c++/11/bits/alloc_traits.h:464 (test_move_nodes_fast+0x2e920)
    #3 std::_Vector_base<double, std::allocator<double> >::_M_allocate(unsigned long) /usr/include/c++/11/bits/stl_vector.h:346 (test_move_nodes_fast+0x2e920)
    #4 std::_Vector_base<double, std::allocator<double> >::_M_create_storage(unsigned long) /usr/include/c++/11/bits/stl_vector.h:361 (test_move_nodes_fast+0x2e920)
    #5 std::_Vector_base<double, std::allocator<double> >::_Vector_base(unsigned long, std::allocator<double> const&) /usr/include/c++/11/bits/stl_vector.h:305 (test_move_nodes_fast+0x2e920)
    #6 std::vector<double, std::allocator<double> >::vector(std::vector<double, std::allocator<double> > const&) /usr/include/c++/11/bits/stl_vector.h:555 (test_move_nodes_fast+0x2e920)
    #7 LeidenPartition::LeidenPartition(LeidenPartition const&) LeidenTypes.hpp:21 (test_move_nodes_fast+0x2e920)
    #8 RunStage4AAndCheck tests/test_move_nodes_fast.cpp:201 (test_move_nodes_fast+0x2b499)
    #9 TestStage4ABasicAndEdgeCases tests/test_move_nodes_fast.cpp:472 (test_move_nodes_fast+0x2b94b)
    #10 main tests/test_move_nodes_fast.cpp:674 (test_move_nodes_fast+0x2e2c8)

  Location is heap block of size 48 at 0x7b0c000000f0 allocated by main thread:
    #0 operator new(unsigned long) ../../../../src/libsanitizer/tsan/tsan_new_delete.cpp:64 (libtsan.so.0+0x8f162)
    #1 __gnu_cxx::new_allocator<double>::allocate(unsigned long, void const*) /usr/include/c++/11/ext/new_allocator.h:127 (test_move_nodes_fast+0x2e920)
    #2 std::allocator_traits<std::allocator<double> >::allocate(std::allocator<double>&, unsigned long) /usr/include/c++/11/bits/alloc_traits.h:464 (test_move_nodes_fast+0x2e920)
    #3 std::_Vector_base<double, std::allocator<double> >::_M_allocate(unsigned long) /usr/include/c++/11/bits/stl_vector.h:346 (test_move_nodes_fast+0x2e920)
    #4 std::_Vector_base<double, std::allocator<double> >::_M_create_storage(unsigned long) /usr/include/c++/11/bits/stl_vector.h:361 (test_move_nodes_fast+0x2e920)
    #5 std::_Vector_base<double, std::allocator<double> >::_Vector_base(unsigned long, std::allocator<double> const&) /usr/include/c++/11/bits/stl_vector.h:305 (test_move_nodes_fast+0x2e920)
    #6 std::vector<double, std::allocator<double> >::vector(std::vector<double, std::allocator<double> > const&) /usr/include/c++/11/bits/stl_vector.h:555 (test_move_nodes_fast+0x2e920)
    #7 LeidenPartition::LeidenPartition(LeidenPartition const&) LeidenTypes.hpp:21 (test_move_nodes_fast+0x2e920)
    #8 RunStage4AAndCheck tests/test_move_nodes_fast.cpp:201 (test_move_nodes_fast+0x2b499)
    #9 TestStage4ABasicAndEdgeCases tests/test_move_nodes_fast.cpp:472 (test_move_nodes_fast+0x2b94b)
    #10 main tests/test_move_nodes_fast.cpp:674 (test_move_nodes_fast+0x2e2c8)

  Thread T1 (tid=4, running) created by main thread at:
    #0 pthread_create ../../../../src/libsanitizer/tsan/tsan_interceptors_posix.cpp:969 (libtsan.so.0+0x605b8)
    #1 <null> <null> (libgomp.so.1+0x1e25f)
    #2 RunStage4AAndCheck tests/test_move_nodes_fast.cpp:201 (test_move_nodes_fast+0x2b4c1)
    #3 TestStage4ABasicAndEdgeCases tests/test_move_nodes_fast.cpp:464 (test_move_nodes_fast+0x2b7d4)
    #4 main tests/test_move_nodes_fast.cpp:674 (test_move_nodes_fast+0x2e2c8)

SUMMARY: ThreadSanitizer: data race /home/stomo/WorkSpace/MyLeiden/QualityFunction.cpp:721 in ModularityQualityFunction::deltaMoveFromWeights(LeidenGraphStats const&, LeidenPartition const&, int, int, double, double) const
==================
==================
WARNING: ThreadSanitizer: data race (pid=2)
  Read of size 8 at 0x7b0c000000f8 by thread T1:
    #0 ModularityQualityFunction::deltaMoveFromWeights(LeidenGraphStats const&, LeidenPartition const&, int, int, double, double) const /home/stomo/WorkSpace/MyLeiden/QualityFunction.cpp:724 (test_move_nodes_fast+0x4a9a)
    #1 MoveNodesFastParallelStage4A(SimpleGraph const&, LeidenGraphStats const&, LeidenPartition, QualityFunction const&, unsigned long, unsigned long, LeidenOptions const*) [clone ._omp_fn.0] /home/stomo/WorkSpace/MyLeiden/Leiden.cpp:1206 (test_move_nodes_fast+0xc39e)
    #2 <null> <null> (libgomp.so.1+0x1dc0d)

  Previous write of size 8 at 0x7b0c000000f8 by main thread:
    #0 operator new(unsigned long) ../../../../src/libsanitizer/tsan/tsan_new_delete.cpp:64 (libtsan.so.0+0x8f162)
    #1 __gnu_cxx::new_allocator<double>::allocate(unsigned long, void const*) /usr/include/c++/11/ext/new_allocator.h:127 (test_move_nodes_fast+0x2e920)
    #2 std::allocator_traits<std::allocator<double> >::allocate(std::allocator<double>&, unsigned long) /usr/include/c++/11/bits/alloc_traits.h:464 (test_move_nodes_fast+0x2e920)
    #3 std::_Vector_base<double, std::allocator<double> >::_M_allocate(unsigned long) /usr/include/c++/11/bits/stl_vector.h:346 (test_move_nodes_fast+0x2e920)
    #4 std::_Vector_base<double, std::allocator<double> >::_M_create_storage(unsigned long) /usr/include/c++/11/bits/stl_vector.h:361 (test_move_nodes_fast+0x2e920)
    #5 std::_Vector_base<double, std::allocator<double> >::_Vector_base(unsigned long, std::allocator<double> const&) /usr/include/c++/11/bits/stl_vector.h:305 (test_move_nodes_fast+0x2e920)
    #6 std::vector<double, std::allocator<double> >::vector(std::vector<double, std::allocator<double> > const&) /usr/include/c++/11/bits/stl_vector.h:555 (test_move_nodes_fast+0x2e920)
    #7 LeidenPartition::LeidenPartition(LeidenPartition const&) LeidenTypes.hpp:21 (test_move_nodes_fast+0x2e920)
    #8 RunStage4AAndCheck tests/test_move_nodes_fast.cpp:201 (test_move_nodes_fast+0x2b499)
    #9 TestStage4ABasicAndEdgeCases tests/test_move_nodes_fast.cpp:472 (test_move_nodes_fast+0x2b94b)
    #10 main tests/test_move_nodes_fast.cpp:674 (test_move_nodes_fast+0x2e2c8)

  Location is heap block of size 48 at 0x7b0c000000f0 allocated by main thread:
    #0 operator new(unsigned long) ../../../../src/libsanitizer/tsan/tsan_new_delete.cpp:64 (libtsan.so.0+0x8f162)
    #1 __gnu_cxx::new_allocator<double>::allocate(unsigned long, void const*) /usr/include/c++/11/ext/new_allocator.h:127 (test_move_nodes_fast+0x2e920)
    #2 std::allocator_traits<std::allocator<double> >::allocate(std::allocator<double>&, unsigned long) /usr/include/c++/11/bits/alloc_traits.h:464 (test_move_nodes_fast+0x2e920)
    #3 std::_Vector_base<double, std::allocator<double> >::_M_allocate(unsigned long) /usr/include/c++/11/bits/stl_vector.h:346 (test_move_nodes_fast+0x2e920)
    #4 std::_Vector_base<double, std::allocator<double> >::_M_create_storage(unsigned long) /usr/include/c++/11/bits/stl_vector.h:361 (test_move_nodes_fast+0x2e920)
    #5 std::_Vector_base<double, std::allocator<double> >::_Vector_base(unsigned long, std::allocator<double> const&) /usr/include/c++/11/bits/stl_vector.h:305 (test_move_nodes_fast+0x2e920)
    #6 std::vector<double, std::allocator<double> >::vector(std::vector<double, std::allocator<double> > const&) /usr/include/c++/11/bits/stl_vector.h:555 (test_move_nodes_fast+0x2e920)
    #7 LeidenPartition::LeidenPartition(LeidenPartition const&) LeidenTypes.hpp:21 (test_move_nodes_fast+0x2e920)
    #8 RunStage4AAndCheck tests/test_move_nodes_fast.cpp:201 (test_move_nodes_fast+0x2b499)
    #9 TestStage4ABasicAndEdgeCases tests/test_move_nodes_fast.cpp:472 (test_move_nodes_fast+0x2b94b)
    #10 main tests/test_move_nodes_fast.cpp:674 (test_move_nodes_fast+0x2e2c8)

  Thread T1 (tid=4, running) created by main thread at:
    #0 pthread_create ../../../../src/libsanitizer/tsan/tsan_interceptors_posix.cpp:969 (libtsan.so.0+0x605b8)
    #1 <null> <null> (libgomp.so.1+0x1e25f)
    #2 RunStage4AAndCheck tests/test_move_nodes_fast.cpp:201 (test_move_nodes_fast+0x2b4c1)
    #3 TestStage4ABasicAndEdgeCases tests/test_move_nodes_fast.cpp:464 (test_move_nodes_fast+0x2b7d4)
    #4 main tests/test_move_nodes_fast.cpp:674 (test_move_nodes_fast+0x2e2c8)

SUMMARY: ThreadSanitizer: data race /home/stomo/WorkSpace/MyLeiden/QualityFunction.cpp:724 in ModularityQualityFunction::deltaMoveFromWeights(LeidenGraphStats const&, LeidenPartition const&, int, int, double, double) const
==================
==================
WARNING: ThreadSanitizer: data race (pid=2)
  Write of size 1 at 0x7b2400000090 by thread T1:
    #0 MoveNodesFastParallelStage4A(SimpleGraph const&, LeidenGraphStats const&, LeidenPartition, QualityFunction const&, unsigned long, unsigned long, LeidenOptions const*) [clone ._omp_fn.0] /home/stomo/WorkSpace/MyLeiden/Leiden.cpp:1245 (test_move_nodes_fast+0xc486)
    #1 <null> <null> (libgomp.so.1+0x1dc0d)

  Previous write of size 8 at 0x7b2400000090 by main thread:
    #0 operator new(unsigned long) ../../../../src/libsanitizer/tsan/tsan_new_delete.cpp:64 (libtsan.so.0+0x8f162)
    #1 allocate /usr/include/c++/11/ext/new_allocator.h:127 (test_move_nodes_fast+0xcbe1)
    #2 allocate /usr/include/c++/11/bits/alloc_traits.h:464 (test_move_nodes_fast+0xcbe1)
    #3 _M_allocate /usr/include/c++/11/bits/stl_vector.h:346 (test_move_nodes_fast+0xcbe1)
    #4 _M_create_storage /usr/include/c++/11/bits/stl_vector.h:361 (test_move_nodes_fast+0xcbe1)
    #5 _Vector_base /usr/include/c++/11/bits/stl_vector.h:305 (test_move_nodes_fast+0xcbe1)
    #6 vector /usr/include/c++/11/bits/stl_vector.h:511 (test_move_nodes_fast+0xcbe1)
    #7 MoveNodesFastParallelStage4A(SimpleGraph const&, LeidenGraphStats const&, LeidenPartition, QualityFunction const&, unsigned long, unsigned long, LeidenOptions const*) /home/stomo/WorkSpace/MyLeiden/Leiden.cpp:1145 (test_move_nodes_fast+0xcbe1)
    #8 RunStage4AAndCheck tests/test_move_nodes_fast.cpp:201 (test_move_nodes_fast+0x2b4c1)
    #9 TestStage4ABasicAndEdgeCases tests/test_move_nodes_fast.cpp:472 (test_move_nodes_fast+0x2b94b)
    #10 main tests/test_move_nodes_fast.cpp:674 (test_move_nodes_fast+0x2e2c8)

  Location is heap block of size 144 at 0x7b2400000090 allocated by main thread:
    #0 operator new(unsigned long) ../../../../src/libsanitizer/tsan/tsan_new_delete.cpp:64 (libtsan.so.0+0x8f162)
    #1 allocate /usr/include/c++/11/ext/new_allocator.h:127 (test_move_nodes_fast+0xcbe1)
    #2 allocate /usr/include/c++/11/bits/alloc_traits.h:464 (test_move_nodes_fast+0xcbe1)
    #3 _M_allocate /usr/include/c++/11/bits/stl_vector.h:346 (test_move_nodes_fast+0xcbe1)
    #4 _M_create_storage /usr/include/c++/11/bits/stl_vector.h:361 (test_move_nodes_fast+0xcbe1)
    #5 _Vector_base /usr/include/c++/11/bits/stl_vector.h:305 (test_move_nodes_fast+0xcbe1)
    #6 vector /usr/include/c++/11/bits/stl_vector.h:511 (test_move_nodes_fast+0xcbe1)
    #7 MoveNodesFastParallelStage4A(SimpleGraph const&, LeidenGraphStats const&, LeidenPartition, QualityFunction const&, unsigned long, unsigned long, LeidenOptions const*) /home/stomo/WorkSpace/MyLeiden/Leiden.cpp:1145 (test_move_nodes_fast+0xcbe1)
    #8 RunStage4AAndCheck tests/test_move_nodes_fast.cpp:201 (test_move_nodes_fast+0x2b4c1)
    #9 TestStage4ABasicAndEdgeCases tests/test_move_nodes_fast.cpp:472 (test_move_nodes_fast+0x2b94b)
    #10 main tests/test_move_nodes_fast.cpp:674 (test_move_nodes_fast+0x2e2c8)

  Thread T1 (tid=4, running) created by main thread at:
    #0 pthread_create ../../../../src/libsanitizer/tsan/tsan_interceptors_posix.cpp:969 (libtsan.so.0+0x605b8)
    #1 <null> <null> (libgomp.so.1+0x1e25f)
    #2 RunStage4AAndCheck tests/test_move_nodes_fast.cpp:201 (test_move_nodes_fast+0x2b4c1)
    #3 TestStage4ABasicAndEdgeCases tests/test_move_nodes_fast.cpp:464 (test_move_nodes_fast+0x2b7d4)
    #4 main tests/test_move_nodes_fast.cpp:674 (test_move_nodes_fast+0x2e2c8)

SUMMARY: ThreadSanitizer: data race /home/stomo/WorkSpace/MyLeiden/Leiden.cpp:1245 in MoveNodesFastParallelStage4A(SimpleGraph const&, LeidenGraphStats const&, LeidenPartition, QualityFunction const&, unsigned long, unsigned long, LeidenOptions const*) [clone ._omp_fn.0]
==================
==================
WARNING: ThreadSanitizer: data race (pid=2)
  Write of size 4 at 0x7b2400000098 by thread T1:
    #0 MoveNodesFastParallelStage4A(SimpleGraph const&, LeidenGraphStats const&, LeidenPartition, QualityFunction const&, unsigned long, unsigned long, LeidenOptions const*) [clone ._omp_fn.0] /home/stomo/WorkSpace/MyLeiden/Leiden.cpp:1245 (test_move_nodes_fast+0xc4b9)
    #1 <null> <null> (libgomp.so.1+0x1dc0d)

  Previous write of size 8 at 0x7b2400000098 by main thread:
    #0 operator new(unsigned long) ../../../../src/libsanitizer/tsan/tsan_new_delete.cpp:64 (libtsan.so.0+0x8f162)
    #1 allocate /usr/include/c++/11/ext/new_allocator.h:127 (test_move_nodes_fast+0xcbe1)
    #2 allocate /usr/include/c++/11/bits/alloc_traits.h:464 (test_move_nodes_fast+0xcbe1)
    #3 _M_allocate /usr/include/c++/11/bits/stl_vector.h:346 (test_move_nodes_fast+0xcbe1)
    #4 _M_create_storage /usr/include/c++/11/bits/stl_vector.h:361 (test_move_nodes_fast+0xcbe1)
    #5 _Vector_base /usr/include/c++/11/bits/stl_vector.h:305 (test_move_nodes_fast+0xcbe1)
    #6 vector /usr/include/c++/11/bits/stl_vector.h:511 (test_move_nodes_fast+0xcbe1)
    #7 MoveNodesFastParallelStage4A(SimpleGraph const&, LeidenGraphStats const&, LeidenPartition, QualityFunction const&, unsigned long, unsigned long, LeidenOptions const*) /home/stomo/WorkSpace/MyLeiden/Leiden.cpp:1145 (test_move_nodes_fast+0xcbe1)
    #8 RunStage4AAndCheck tests/test_move_nodes_fast.cpp:201 (test_move_nodes_fast+0x2b4c1)
    #9 TestStage4ABasicAndEdgeCases tests/test_move_nodes_fast.cpp:472 (test_move_nodes_fast+0x2b94b)
    #10 main tests/test_move_nodes_fast.cpp:674 (test_move_nodes_fast+0x2e2c8)

  Location is heap block of size 144 at 0x7b2400000090 allocated by main thread:
    #0 operator new(unsigned long) ../../../../src/libsanitizer/tsan/tsan_new_delete.cpp:64 (libtsan.so.0+0x8f162)
    #1 allocate /usr/include/c++/11/ext/new_allocator.h:127 (test_move_nodes_fast+0xcbe1)
    #2 allocate /usr/include/c++/11/bits/alloc_traits.h:464 (test_move_nodes_fast+0xcbe1)
    #3 _M_allocate /usr/include/c++/11/bits/stl_vector.h:346 (test_move_nodes_fast+0xcbe1)
    #4 _M_create_storage /usr/include/c++/11/bits/stl_vector.h:361 (test_move_nodes_fast+0xcbe1)
    #5 _Vector_base /usr/include/c++/11/bits/stl_vector.h:305 (test_move_nodes_fast+0xcbe1)
    #6 vector /usr/include/c++/11/bits/stl_vector.h:511 (test_move_nodes_fast+0xcbe1)
    #7 MoveNodesFastParallelStage4A(SimpleGraph const&, LeidenGraphStats const&, LeidenPartition, QualityFunction const&, unsigned long, unsigned long, LeidenOptions const*) /home/stomo/WorkSpace/MyLeiden/Leiden.cpp:1145 (test_move_nodes_fast+0xcbe1)
    #8 RunStage4AAndCheck tests/test_move_nodes_fast.cpp:201 (test_move_nodes_fast+0x2b4c1)
    #9 TestStage4ABasicAndEdgeCases tests/test_move_nodes_fast.cpp:472 (test_move_nodes_fast+0x2b94b)
    #10 main tests/test_move_nodes_fast.cpp:674 (test_move_nodes_fast+0x2e2c8)

  Thread T1 (tid=4, running) created by main thread at:
    #0 pthread_create ../../../../src/libsanitizer/tsan/tsan_interceptors_posix.cpp:969 (libtsan.so.0+0x605b8)
    #1 <null> <null> (libgomp.so.1+0x1e25f)
    #2 RunStage4AAndCheck tests/test_move_nodes_fast.cpp:201 (test_move_nodes_fast+0x2b4c1)
    #3 TestStage4ABasicAndEdgeCases tests/test_move_nodes_fast.cpp:464 (test_move_nodes_fast+0x2b7d4)
    #4 main tests/test_move_nodes_fast.cpp:674 (test_move_nodes_fast+0x2e2c8)

SUMMARY: ThreadSanitizer: data race /home/stomo/WorkSpace/MyLeiden/Leiden.cpp:1245 in MoveNodesFastParallelStage4A(SimpleGraph const&, LeidenGraphStats const&, LeidenPartition, QualityFunction const&, unsigned long, unsigned long, LeidenOptions const*) [clone ._omp_fn.0]
==================
==================
WARNING: ThreadSanitizer: data race (pid=2)
  Write of size 8 at 0x7b24000000a0 by thread T1:
    #0 MoveNodesFastParallelStage4A(SimpleGraph const&, LeidenGraphStats const&, LeidenPartition, QualityFunction const&, unsigned long, unsigned long, LeidenOptions const*) [clone ._omp_fn.0] /home/stomo/WorkSpace/MyLeiden/Leiden.cpp:1245 (test_move_nodes_fast+0xc4dd)
    #1 <null> <null> (libgomp.so.1+0x1dc0d)

  Previous write of size 8 at 0x7b24000000a0 by main thread:
    #0 operator new(unsigned long) ../../../../src/libsanitizer/tsan/tsan_new_delete.cpp:64 (libtsan.so.0+0x8f162)
    #1 allocate /usr/include/c++/11/ext/new_allocator.h:127 (test_move_nodes_fast+0xcbe1)
    #2 allocate /usr/include/c++/11/bits/alloc_traits.h:464 (test_move_nodes_fast+0xcbe1)
    #3 _M_allocate /usr/include/c++/11/bits/stl_vector.h:346 (test_move_nodes_fast+0xcbe1)
    #4 _M_create_storage /usr/include/c++/11/bits/stl_vector.h:361 (test_move_nodes_fast+0xcbe1)
    #5 _Vector_base /usr/include/c++/11/bits/stl_vector.h:305 (test_move_nodes_fast+0xcbe1)
    #6 vector /usr/include/c++/11/bits/stl_vector.h:511 (test_move_nodes_fast+0xcbe1)
    #7 MoveNodesFastParallelStage4A(SimpleGraph const&, LeidenGraphStats const&, LeidenPartition, QualityFunction const&, unsigned long, unsigned long, LeidenOptions const*) /home/stomo/WorkSpace/MyLeiden/Leiden.cpp:1145 (test_move_nodes_fast+0xcbe1)
    #8 RunStage4AAndCheck tests/test_move_nodes_fast.cpp:201 (test_move_nodes_fast+0x2b4c1)
    #9 TestStage4ABasicAndEdgeCases tests/test_move_nodes_fast.cpp:472 (test_move_nodes_fast+0x2b94b)
    #10 main tests/test_move_nodes_fast.cpp:674 (test_move_nodes_fast+0x2e2c8)

  Location is heap block of size 144 at 0x7b2400000090 allocated by main thread:
    #0 operator new(unsigned long) ../../../../src/libsanitizer/tsan/tsan_new_delete.cpp:64 (libtsan.so.0+0x8f162)
    #1 allocate /usr/include/c++/11/ext/new_allocator.h:127 (test_move_nodes_fast+0xcbe1)
    #2 allocate /usr/include/c++/11/bits/alloc_traits.h:464 (test_move_nodes_fast+0xcbe1)
    #3 _M_allocate /usr/include/c++/11/bits/stl_vector.h:346 (test_move_nodes_fast+0xcbe1)
    #4 _M_create_storage /usr/include/c++/11/bits/stl_vector.h:361 (test_move_nodes_fast+0xcbe1)
    #5 _Vector_base /usr/include/c++/11/bits/stl_vector.h:305 (test_move_nodes_fast+0xcbe1)
    #6 vector /usr/include/c++/11/bits/stl_vector.h:511 (test_move_nodes_fast+0xcbe1)
    #7 MoveNodesFastParallelStage4A(SimpleGraph const&, LeidenGraphStats const&, LeidenPartition, QualityFunction const&, unsigned long, unsigned long, LeidenOptions const*) /home/stomo/WorkSpace/MyLeiden/Leiden.cpp:1145 (test_move_nodes_fast+0xcbe1)
    #8 RunStage4AAndCheck tests/test_move_nodes_fast.cpp:201 (test_move_nodes_fast+0x2b4c1)
    #9 TestStage4ABasicAndEdgeCases tests/test_move_nodes_fast.cpp:472 (test_move_nodes_fast+0x2b94b)
    #10 main tests/test_move_nodes_fast.cpp:674 (test_move_nodes_fast+0x2e2c8)

  Thread T1 (tid=4, running) created by main thread at:
    #0 pthread_create ../../../../src/libsanitizer/tsan/tsan_interceptors_posix.cpp:969 (libtsan.so.0+0x605b8)
    #1 <null> <null> (libgomp.so.1+0x1e25f)
    #2 RunStage4AAndCheck tests/test_move_nodes_fast.cpp:201 (test_move_nodes_fast+0x2b4c1)
    #3 TestStage4ABasicAndEdgeCases tests/test_move_nodes_fast.cpp:464 (test_move_nodes_fast+0x2b7d4)
    #4 main tests/test_move_nodes_fast.cpp:674 (test_move_nodes_fast+0x2e2c8)

SUMMARY: ThreadSanitizer: data race /home/stomo/WorkSpace/MyLeiden/Leiden.cpp:1245 in MoveNodesFastParallelStage4A(SimpleGraph const&, LeidenGraphStats const&, LeidenPartition, QualityFunction const&, unsigned long, unsigned long, LeidenOptions const*) [clone ._omp_fn.0]
==================
==================
WARNING: ThreadSanitizer: data race (pid=2)
  Read of size 4 at 0x7b0800000060 by thread T1:
    #0 BuildNeighborCommunityWeights(SimpleGraph const&, LeidenPartition const&, int, NeighborCommunityScratch&) /home/stomo/WorkSpace/MyLeiden/QualityFunction.cpp:187 (test_move_nodes_fast+0x6658)
    #1 MoveNodesFastParallelStage4A(SimpleGraph const&, LeidenGraphStats const&, LeidenPartition, QualityFunction const&, unsigned long, unsigned long, LeidenOptions const*) [clone ._omp_fn.0] /home/stomo/WorkSpace/MyLeiden/Leiden.cpp:1191 (test_move_nodes_fast+0xc5d4)
    #2 <null> <null> (libgomp.so.1+0x1dc0d)

  Previous write of size 8 at 0x7b0800000060 by main thread:
    #0 operator new(unsigned long) ../../../../src/libsanitizer/tsan/tsan_new_delete.cpp:64 (libtsan.so.0+0x8f162)
    #1 __gnu_cxx::new_allocator<Edge>::allocate(unsigned long, void const*) /usr/include/c++/11/ext/new_allocator.h:127 (test_move_nodes_fast+0x23184)
    #2 std::allocator_traits<std::allocator<Edge> >::allocate(std::allocator<Edge>&, unsigned long) /usr/include/c++/11/bits/alloc_traits.h:464 (test_move_nodes_fast+0x23184)
    #3 std::_Vector_base<Edge, std::allocator<Edge> >::_M_allocate(unsigned long) /usr/include/c++/11/bits/stl_vector.h:346 (test_move_nodes_fast+0x23184)
    #4 void std::vector<Edge, std::allocator<Edge> >::_M_realloc_insert<Edge>(__gnu_cxx::__normal_iterator<Edge*, std::vector<Edge, std::allocator<Edge> > >, Edge&&) /usr/include/c++/11/bits/vector.tcc:440 (test_move_nodes_fast+0x23184)
    #5 Edge& std::vector<Edge, std::allocator<Edge> >::emplace_back<Edge>(Edge&&) /usr/include/c++/11/bits/vector.tcc:121 (test_move_nodes_fast+0x2322d)
    #6 std::vector<Edge, std::allocator<Edge> >::push_back(Edge&&) /usr/include/c++/11/bits/stl_vector.h:1204 (test_move_nodes_fast+0x2f4a6)
    #7 add_undirected_edge(SimpleGraph&, int, int, double) common/Types.hpp:42 (test_move_nodes_fast+0x2f4a6)
    #8 MakeUnweightedGraph tests/test_move_nodes_fast.cpp:219 (test_move_nodes_fast+0x26166)
    #9 TestStage4ABasicAndEdgeCases tests/test_move_nodes_fast.cpp:473 (test_move_nodes_fast+0x2b908)
    #10 main tests/test_move_nodes_fast.cpp:674 (test_move_nodes_fast+0x2e2c8)

  Location is heap block of size 32 at 0x7b0800000060 allocated by main thread:
    #0 operator new(unsigned long) ../../../../src/libsanitizer/tsan/tsan_new_delete.cpp:64 (libtsan.so.0+0x8f162)
    #1 __gnu_cxx::new_allocator<Edge>::allocate(unsigned long, void const*) /usr/include/c++/11/ext/new_allocator.h:127 (test_move_nodes_fast+0x23184)
    #2 std::allocator_traits<std::allocator<Edge> >::allocate(std::allocator<Edge>&, unsigned long) /usr/include/c++/11/bits/alloc_traits.h:464 (test_move_nodes_fast+0x23184)
    #3 std::_Vector_base<Edge, std::allocator<Edge> >::_M_allocate(unsigned long) /usr/include/c++/11/bits/stl_vector.h:346 (test_move_nodes_fast+0x23184)
    #4 void std::vector<Edge, std::allocator<Edge> >::_M_realloc_insert<Edge>(__gnu_cxx::__normal_iterator<Edge*, std::vector<Edge, std::allocator<Edge> > >, Edge&&) /usr/include/c++/11/bits/vector.tcc:440 (test_move_nodes_fast+0x23184)
    #5 Edge& std::vector<Edge, std::allocator<Edge> >::emplace_back<Edge>(Edge&&) /usr/include/c++/11/bits/vector.tcc:121 (test_move_nodes_fast+0x2322d)
    #6 std::vector<Edge, std::allocator<Edge> >::push_back(Edge&&) /usr/include/c++/11/bits/stl_vector.h:1204 (test_move_nodes_fast+0x2f4a6)
    #7 add_undirected_edge(SimpleGraph&, int, int, double) common/Types.hpp:42 (test_move_nodes_fast+0x2f4a6)
    #8 MakeUnweightedGraph tests/test_move_nodes_fast.cpp:219 (test_move_nodes_fast+0x26166)
    #9 TestStage4ABasicAndEdgeCases tests/test_move_nodes_fast.cpp:473 (test_move_nodes_fast+0x2b908)
    #10 main tests/test_move_nodes_fast.cpp:674 (test_move_nodes_fast+0x2e2c8)

  Thread T1 (tid=4, running) created by main thread at:
    #0 pthread_create ../../../../src/libsanitizer/tsan/tsan_interceptors_posix.cpp:969 (libtsan.so.0+0x605b8)
    #1 <null> <null> (libgomp.so.1+0x1e25f)
    #2 RunStage4AAndCheck tests/test_move_nodes_fast.cpp:201 (test_move_nodes_fast+0x2b4c1)
    #3 TestStage4ABasicAndEdgeCases tests/test_move_nodes_fast.cpp:464 (test_move_nodes_fast+0x2b7d4)
    #4 main tests/test_move_nodes_fast.cpp:674 (test_move_nodes_fast+0x2e2c8)

SUMMARY: ThreadSanitizer: data race /home/stomo/WorkSpace/MyLeiden/QualityFunction.cpp:187 in BuildNeighborCommunityWeights(SimpleGraph const&, LeidenPartition const&, int, NeighborCommunityScratch&)
==================
==================
WARNING: ThreadSanitizer: data race (pid=2)
  Read of size 8 at 0x7b0800000068 by thread T1:
    #0 BuildNeighborCommunityWeights(SimpleGraph const&, LeidenPartition const&, int, NeighborCommunityScratch&) /home/stomo/WorkSpace/MyLeiden/QualityFunction.cpp:201 (test_move_nodes_fast+0x6620)
    #1 MoveNodesFastParallelStage4A(SimpleGraph const&, LeidenGraphStats const&, LeidenPartition, QualityFunction const&, unsigned long, unsigned long, LeidenOptions const*) [clone ._omp_fn.0] /home/stomo/WorkSpace/MyLeiden/Leiden.cpp:1191 (test_move_nodes_fast+0xc5d4)
    #2 <null> <null> (libgomp.so.1+0x1dc0d)

  Previous write of size 8 at 0x7b0800000068 by main thread:
    #0 operator new(unsigned long) ../../../../src/libsanitizer/tsan/tsan_new_delete.cpp:64 (libtsan.so.0+0x8f162)
    #1 __gnu_cxx::new_allocator<Edge>::allocate(unsigned long, void const*) /usr/include/c++/11/ext/new_allocator.h:127 (test_move_nodes_fast+0x23184)
    #2 std::allocator_traits<std::allocator<Edge> >::allocate(std::allocator<Edge>&, unsigned long) /usr/include/c++/11/bits/alloc_traits.h:464 (test_move_nodes_fast+0x23184)
    #3 std::_Vector_base<Edge, std::allocator<Edge> >::_M_allocate(unsigned long) /usr/include/c++/11/bits/stl_vector.h:346 (test_move_nodes_fast+0x23184)
    #4 void std::vector<Edge, std::allocator<Edge> >::_M_realloc_insert<Edge>(__gnu_cxx::__normal_iterator<Edge*, std::vector<Edge, std::allocator<Edge> > >, Edge&&) /usr/include/c++/11/bits/vector.tcc:440 (test_move_nodes_fast+0x23184)
    #5 Edge& std::vector<Edge, std::allocator<Edge> >::emplace_back<Edge>(Edge&&) /usr/include/c++/11/bits/vector.tcc:121 (test_move_nodes_fast+0x2322d)
    #6 std::vector<Edge, std::allocator<Edge> >::push_back(Edge&&) /usr/include/c++/11/bits/stl_vector.h:1204 (test_move_nodes_fast+0x2f4a6)
    #7 add_undirected_edge(SimpleGraph&, int, int, double) common/Types.hpp:42 (test_move_nodes_fast+0x2f4a6)
    #8 MakeUnweightedGraph tests/test_move_nodes_fast.cpp:219 (test_move_nodes_fast+0x26166)
    #9 TestStage4ABasicAndEdgeCases tests/test_move_nodes_fast.cpp:473 (test_move_nodes_fast+0x2b908)
    #10 main tests/test_move_nodes_fast.cpp:674 (test_move_nodes_fast+0x2e2c8)

  Location is heap block of size 32 at 0x7b0800000060 allocated by main thread:
    #0 operator new(unsigned long) ../../../../src/libsanitizer/tsan/tsan_new_delete.cpp:64 (libtsan.so.0+0x8f162)
    #1 __gnu_cxx::new_allocator<Edge>::allocate(unsigned long, void const*) /usr/include/c++/11/ext/new_allocator.h:127 (test_move_nodes_fast+0x23184)
    #2 std::allocator_traits<std::allocator<Edge> >::allocate(std::allocator<Edge>&, unsigned long) /usr/include/c++/11/bits/alloc_traits.h:464 (test_move_nodes_fast+0x23184)
    #3 std::_Vector_base<Edge, std::allocator<Edge> >::_M_allocate(unsigned long) /usr/include/c++/11/bits/stl_vector.h:346 (test_move_nodes_fast+0x23184)
    #4 void std::vector<Edge, std::allocator<Edge> >::_M_realloc_insert<Edge>(__gnu_cxx::__normal_iterator<Edge*, std::vector<Edge, std::allocator<Edge> > >, Edge&&) /usr/include/c++/11/bits/vector.tcc:440 (test_move_nodes_fast+0x23184)
    #5 Edge& std::vector<Edge, std::allocator<Edge> >::emplace_back<Edge>(Edge&&) /usr/include/c++/11/bits/vector.tcc:121 (test_move_nodes_fast+0x2322d)
    #6 std::vector<Edge, std::allocator<Edge> >::push_back(Edge&&) /usr/include/c++/11/bits/stl_vector.h:1204 (test_move_nodes_fast+0x2f4a6)
    #7 add_undirected_edge(SimpleGraph&, int, int, double) common/Types.hpp:42 (test_move_nodes_fast+0x2f4a6)
    #8 MakeUnweightedGraph tests/test_move_nodes_fast.cpp:219 (test_move_nodes_fast+0x26166)
    #9 TestStage4ABasicAndEdgeCases tests/test_move_nodes_fast.cpp:473 (test_move_nodes_fast+0x2b908)
    #10 main tests/test_move_nodes_fast.cpp:674 (test_move_nodes_fast+0x2e2c8)

  Thread T1 (tid=4, running) created by main thread at:
    #0 pthread_create ../../../../src/libsanitizer/tsan/tsan_interceptors_posix.cpp:969 (libtsan.so.0+0x605b8)
    #1 <null> <null> (libgomp.so.1+0x1e25f)
    #2 RunStage4AAndCheck tests/test_move_nodes_fast.cpp:201 (test_move_nodes_fast+0x2b4c1)
    #3 TestStage4ABasicAndEdgeCases tests/test_move_nodes_fast.cpp:464 (test_move_nodes_fast+0x2b7d4)
    #4 main tests/test_move_nodes_fast.cpp:674 (test_move_nodes_fast+0x2e2c8)

SUMMARY: ThreadSanitizer: data race /home/stomo/WorkSpace/MyLeiden/QualityFunction.cpp:201 in BuildNeighborCommunityWeights(SimpleGraph const&, LeidenPartition const&, int, NeighborCommunityScratch&)
==================
==================
WARNING: ThreadSanitizer: data race (pid=2)
  Read of size 4 at 0x7b1000000000 by thread T1:
    #0 BuildNeighborCommunityWeights(SimpleGraph const&, LeidenPartition const&, int, NeighborCommunityScratch&) /home/stomo/WorkSpace/MyLeiden/QualityFunction.cpp:187 (test_move_nodes_fast+0x6658)
    #1 MoveNodesFastParallelStage4A(SimpleGraph const&, LeidenGraphStats const&, LeidenPartition, QualityFunction const&, unsigned long, unsigned long, LeidenOptions const*) [clone ._omp_fn.0] /home/stomo/WorkSpace/MyLeiden/Leiden.cpp:1191 (test_move_nodes_fast+0xc5d4)
    #2 <null> <null> (libgomp.so.1+0x1dc0d)

  Previous write of size 8 at 0x7b1000000000 by main thread:
    #0 operator new(unsigned long) ../../../../src/libsanitizer/tsan/tsan_new_delete.cpp:64 (libtsan.so.0+0x8f162)
    #1 __gnu_cxx::new_allocator<Edge>::allocate(unsigned long, void const*) /usr/include/c++/11/ext/new_allocator.h:127 (test_move_nodes_fast+0x23184)
    #2 std::allocator_traits<std::allocator<Edge> >::allocate(std::allocator<Edge>&, unsigned long) /usr/include/c++/11/bits/alloc_traits.h:464 (test_move_nodes_fast+0x23184)
    #3 std::_Vector_base<Edge, std::allocator<Edge> >::_M_allocate(unsigned long) /usr/include/c++/11/bits/stl_vector.h:346 (test_move_nodes_fast+0x23184)
    #4 void std::vector<Edge, std::allocator<Edge> >::_M_realloc_insert<Edge>(__gnu_cxx::__normal_iterator<Edge*, std::vector<Edge, std::allocator<Edge> > >, Edge&&) /usr/include/c++/11/bits/vector.tcc:440 (test_move_nodes_fast+0x23184)
    #5 Edge& std::vector<Edge, std::allocator<Edge> >::emplace_back<Edge>(Edge&&) /usr/include/c++/11/bits/vector.tcc:121 (test_move_nodes_fast+0x2322d)
    #6 std::vector<Edge, std::allocator<Edge> >::push_back(Edge&&) /usr/include/c++/11/bits/stl_vector.h:1204 (test_move_nodes_fast+0x2f4a6)
    #7 add_undirected_edge(SimpleGraph&, int, int, double) common/Types.hpp:42 (test_move_nodes_fast+0x2f4a6)
    #8 MakeUnweightedGraph tests/test_move_nodes_fast.cpp:221 (test_move_nodes_fast+0x2619a)
    #9 TestStage4ABasicAndEdgeCases tests/test_move_nodes_fast.cpp:473 (test_move_nodes_fast+0x2b908)
    #10 main tests/test_move_nodes_fast.cpp:674 (test_move_nodes_fast+0x2e2c8)

  Location is heap block of size 64 at 0x7b1000000000 allocated by main thread:
    #0 operator new(unsigned long) ../../../../src/libsanitizer/tsan/tsan_new_delete.cpp:64 (libtsan.so.0+0x8f162)
    #1 __gnu_cxx::new_allocator<Edge>::allocate(unsigned long, void const*) /usr/include/c++/11/ext/new_allocator.h:127 (test_move_nodes_fast+0x23184)
    #2 std::allocator_traits<std::allocator<Edge> >::allocate(std::allocator<Edge>&, unsigned long) /usr/include/c++/11/bits/alloc_traits.h:464 (test_move_nodes_fast+0x23184)
    #3 std::_Vector_base<Edge, std::allocator<Edge> >::_M_allocate(unsigned long) /usr/include/c++/11/bits/stl_vector.h:346 (test_move_nodes_fast+0x23184)
    #4 void std::vector<Edge, std::allocator<Edge> >::_M_realloc_insert<Edge>(__gnu_cxx::__normal_iterator<Edge*, std::vector<Edge, std::allocator<Edge> > >, Edge&&) /usr/include/c++/11/bits/vector.tcc:440 (test_move_nodes_fast+0x23184)
    #5 Edge& std::vector<Edge, std::allocator<Edge> >::emplace_back<Edge>(Edge&&) /usr/include/c++/11/bits/vector.tcc:121 (test_move_nodes_fast+0x2322d)
    #6 std::vector<Edge, std::allocator<Edge> >::push_back(Edge&&) /usr/include/c++/11/bits/stl_vector.h:1204 (test_move_nodes_fast+0x2f4a6)
    #7 add_undirected_edge(SimpleGraph&, int, int, double) common/Types.hpp:42 (test_move_nodes_fast+0x2f4a6)
    #8 MakeUnweightedGraph tests/test_move_nodes_fast.cpp:221 (test_move_nodes_fast+0x2619a)
    #9 TestStage4ABasicAndEdgeCases tests/test_move_nodes_fast.cpp:473 (test_move_nodes_fast+0x2b908)
    #10 main tests/test_move_nodes_fast.cpp:674 (test_move_nodes_fast+0x2e2c8)

  Thread T1 (tid=4, running) created by main thread at:
    #0 pthread_create ../../../../src/libsanitizer/tsan/tsan_interceptors_posix.cpp:969 (libtsan.so.0+0x605b8)
    #1 <null> <null> (libgomp.so.1+0x1e25f)
    #2 RunStage4AAndCheck tests/test_move_nodes_fast.cpp:201 (test_move_nodes_fast+0x2b4c1)
    #3 TestStage4ABasicAndEdgeCases tests/test_move_nodes_fast.cpp:464 (test_move_nodes_fast+0x2b7d4)
    #4 main tests/test_move_nodes_fast.cpp:674 (test_move_nodes_fast+0x2e2c8)

SUMMARY: ThreadSanitizer: data race /home/stomo/WorkSpace/MyLeiden/QualityFunction.cpp:187 in BuildNeighborCommunityWeights(SimpleGraph const&, LeidenPartition const&, int, NeighborCommunityScratch&)
==================
==================
WARNING: ThreadSanitizer: data race (pid=2)
  Read of size 8 at 0x7b1000000008 by thread T1:
    #0 BuildNeighborCommunityWeights(SimpleGraph const&, LeidenPartition const&, int, NeighborCommunityScratch&) /home/stomo/WorkSpace/MyLeiden/QualityFunction.cpp:201 (test_move_nodes_fast+0x6620)
    #1 MoveNodesFastParallelStage4A(SimpleGraph const&, LeidenGraphStats const&, LeidenPartition, QualityFunction const&, unsigned long, unsigned long, LeidenOptions const*) [clone ._omp_fn.0] /home/stomo/WorkSpace/MyLeiden/Leiden.cpp:1191 (test_move_nodes_fast+0xc5d4)
    #2 <null> <null> (libgomp.so.1+0x1dc0d)

  Previous write of size 8 at 0x7b1000000008 by main thread:
    #0 operator new(unsigned long) ../../../../src/libsanitizer/tsan/tsan_new_delete.cpp:64 (libtsan.so.0+0x8f162)
    #1 __gnu_cxx::new_allocator<Edge>::allocate(unsigned long, void const*) /usr/include/c++/11/ext/new_allocator.h:127 (test_move_nodes_fast+0x23184)
    #2 std::allocator_traits<std::allocator<Edge> >::allocate(std::allocator<Edge>&, unsigned long) /usr/include/c++/11/bits/alloc_traits.h:464 (test_move_nodes_fast+0x23184)
    #3 std::_Vector_base<Edge, std::allocator<Edge> >::_M_allocate(unsigned long) /usr/include/c++/11/bits/stl_vector.h:346 (test_move_nodes_fast+0x23184)
    #4 void std::vector<Edge, std::allocator<Edge> >::_M_realloc_insert<Edge>(__gnu_cxx::__normal_iterator<Edge*, std::vector<Edge, std::allocator<Edge> > >, Edge&&) /usr/include/c++/11/bits/vector.tcc:440 (test_move_nodes_fast+0x23184)
    #5 Edge& std::vector<Edge, std::allocator<Edge> >::emplace_back<Edge>(Edge&&) /usr/include/c++/11/bits/vector.tcc:121 (test_move_nodes_fast+0x2322d)
    #6 std::vector<Edge, std::allocator<Edge> >::push_back(Edge&&) /usr/include/c++/11/bits/stl_vector.h:1204 (test_move_nodes_fast+0x2f4a6)
    #7 add_undirected_edge(SimpleGraph&, int, int, double) common/Types.hpp:42 (test_move_nodes_fast+0x2f4a6)
    #8 MakeUnweightedGraph tests/test_move_nodes_fast.cpp:221 (test_move_nodes_fast+0x2619a)
    #9 TestStage4ABasicAndEdgeCases tests/test_move_nodes_fast.cpp:473 (test_move_nodes_fast+0x2b908)
    #10 main tests/test_move_nodes_fast.cpp:674 (test_move_nodes_fast+0x2e2c8)

  Location is heap block of size 64 at 0x7b1000000000 allocated by main thread:
    #0 operator new(unsigned long) ../../../../src/libsanitizer/tsan/tsan_new_delete.cpp:64 (libtsan.so.0+0x8f162)
    #1 __gnu_cxx::new_allocator<Edge>::allocate(unsigned long, void const*) /usr/include/c++/11/ext/new_allocator.h:127 (test_move_nodes_fast+0x23184)
    #2 std::allocator_traits<std::allocator<Edge> >::allocate(std::allocator<Edge>&, unsigned long) /usr/include/c++/11/bits/alloc_traits.h:464 (test_move_nodes_fast+0x23184)
    #3 std::_Vector_base<Edge, std::allocator<Edge> >::_M_allocate(unsigned long) /usr/include/c++/11/bits/stl_vector.h:346 (test_move_nodes_fast+0x23184)
    #4 void std::vector<Edge, std::allocator<Edge> >::_M_realloc_insert<Edge>(__gnu_cxx::__normal_iterator<Edge*, std::vector<Edge, std::allocator<Edge> > >, Edge&&) /usr/include/c++/11/bits/vector.tcc:440 (test_move_nodes_fast+0x23184)
    #5 Edge& std::vector<Edge, std::allocator<Edge> >::emplace_back<Edge>(Edge&&) /usr/include/c++/11/bits/vector.tcc:121 (test_move_nodes_fast+0x2322d)
    #6 std::vector<Edge, std::allocator<Edge> >::push_back(Edge&&) /usr/include/c++/11/bits/stl_vector.h:1204 (test_move_nodes_fast+0x2f4a6)
    #7 add_undirected_edge(SimpleGraph&, int, int, double) common/Types.hpp:42 (test_move_nodes_fast+0x2f4a6)
    #8 MakeUnweightedGraph tests/test_move_nodes_fast.cpp:221 (test_move_nodes_fast+0x2619a)
    #9 TestStage4ABasicAndEdgeCases tests/test_move_nodes_fast.cpp:473 (test_move_nodes_fast+0x2b908)
    #10 main tests/test_move_nodes_fast.cpp:674 (test_move_nodes_fast+0x2e2c8)

  Thread T1 (tid=4, running) created by main thread at:
    #0 pthread_create ../../../../src/libsanitizer/tsan/tsan_interceptors_posix.cpp:969 (libtsan.so.0+0x605b8)
    #1 <null> <null> (libgomp.so.1+0x1e25f)
    #2 RunStage4AAndCheck tests/test_move_nodes_fast.cpp:201 (test_move_nodes_fast+0x2b4c1)
    #3 TestStage4ABasicAndEdgeCases tests/test_move_nodes_fast.cpp:464 (test_move_nodes_fast+0x2b7d4)
    #4 main tests/test_move_nodes_fast.cpp:674 (test_move_nodes_fast+0x2e2c8)

SUMMARY: ThreadSanitizer: data race /home/stomo/WorkSpace/MyLeiden/QualityFunction.cpp:201 in BuildNeighborCommunityWeights(SimpleGraph const&, LeidenPartition const&, int, NeighborCommunityScratch&)
==================
==================
WARNING: ThreadSanitizer: data race (pid=2)
  Read of size 4 at 0x7b1000000080 by thread T1:
    #0 BuildNeighborCommunityWeights(SimpleGraph const&, LeidenPartition const&, int, NeighborCommunityScratch&) /home/stomo/WorkSpace/MyLeiden/QualityFunction.cpp:187 (test_move_nodes_fast+0x6658)
    #1 MoveNodesFastParallelStage4A(SimpleGraph const&, LeidenGraphStats const&, LeidenPartition, QualityFunction const&, unsigned long, unsigned long, LeidenOptions const*) [clone ._omp_fn.0] /home/stomo/WorkSpace/MyLeiden/Leiden.cpp:1191 (test_move_nodes_fast+0xc5d4)
    #2 <null> <null> (libgomp.so.1+0x1dc0d)

  Previous write of size 8 at 0x7b1000000080 by main thread:
    #0 operator new(unsigned long) ../../../../src/libsanitizer/tsan/tsan_new_delete.cpp:64 (libtsan.so.0+0x8f162)
    #1 __gnu_cxx::new_allocator<Edge>::allocate(unsigned long, void const*) /usr/include/c++/11/ext/new_allocator.h:127 (test_move_nodes_fast+0x23184)
    #2 std::allocator_traits<std::allocator<Edge> >::allocate(std::allocator<Edge>&, unsigned long) /usr/include/c++/11/bits/alloc_traits.h:464 (test_move_nodes_fast+0x23184)
    #3 std::_Vector_base<Edge, std::allocator<Edge> >::_M_allocate(unsigned long) /usr/include/c++/11/bits/stl_vector.h:346 (test_move_nodes_fast+0x23184)
    #4 void std::vector<Edge, std::allocator<Edge> >::_M_realloc_insert<Edge>(__gnu_cxx::__normal_iterator<Edge*, std::vector<Edge, std::allocator<Edge> > >, Edge&&) /usr/include/c++/11/bits/vector.tcc:440 (test_move_nodes_fast+0x23184)
    #5 Edge& std::vector<Edge, std::allocator<Edge> >::emplace_back<Edge>(Edge&&) /usr/include/c++/11/bits/vector.tcc:121 (test_move_nodes_fast+0x2322d)
    #6 std::vector<Edge, std::allocator<Edge> >::push_back(Edge&&) /usr/include/c++/11/bits/stl_vector.h:1204 (test_move_nodes_fast+0x2f50f)
    #7 add_undirected_edge(SimpleGraph&, int, int, double) common/Types.hpp:44 (test_move_nodes_fast+0x2f50f)
    #8 MakeUnweightedGraph tests/test_move_nodes_fast.cpp:224 (test_move_nodes_fast+0x261e8)
    #9 TestStage4ABasicAndEdgeCases tests/test_move_nodes_fast.cpp:473 (test_move_nodes_fast+0x2b908)
    #10 main tests/test_move_nodes_fast.cpp:674 (test_move_nodes_fast+0x2e2c8)

  Location is heap block of size 64 at 0x7b1000000080 allocated by main thread:
    #0 operator new(unsigned long) ../../../../src/libsanitizer/tsan/tsan_new_delete.cpp:64 (libtsan.so.0+0x8f162)
    #1 __gnu_cxx::new_allocator<Edge>::allocate(unsigned long, void const*) /usr/include/c++/11/ext/new_allocator.h:127 (test_move_nodes_fast+0x23184)
    #2 std::allocator_traits<std::allocator<Edge> >::allocate(std::allocator<Edge>&, unsigned long) /usr/include/c++/11/bits/alloc_traits.h:464 (test_move_nodes_fast+0x23184)
    #3 std::_Vector_base<Edge, std::allocator<Edge> >::_M_allocate(unsigned long) /usr/include/c++/11/bits/stl_vector.h:346 (test_move_nodes_fast+0x23184)
    #4 void std::vector<Edge, std::allocator<Edge> >::_M_realloc_insert<Edge>(__gnu_cxx::__normal_iterator<Edge*, std::vector<Edge, std::allocator<Edge> > >, Edge&&) /usr/include/c++/11/bits/vector.tcc:440 (test_move_nodes_fast+0x23184)
    #5 Edge& std::vector<Edge, std::allocator<Edge> >::emplace_back<Edge>(Edge&&) /usr/include/c++/11/bits/vector.tcc:121 (test_move_nodes_fast+0x2322d)
    #6 std::vector<Edge, std::allocator<Edge> >::push_back(Edge&&) /usr/include/c++/11/bits/stl_vector.h:1204 (test_move_nodes_fast+0x2f50f)
    #7 add_undirected_edge(SimpleGraph&, int, int, double) common/Types.hpp:44 (test_move_nodes_fast+0x2f50f)
    #8 MakeUnweightedGraph tests/test_move_nodes_fast.cpp:224 (test_move_nodes_fast+0x261e8)
    #9 TestStage4ABasicAndEdgeCases tests/test_move_nodes_fast.cpp:473 (test_move_nodes_fast+0x2b908)
    #10 main tests/test_move_nodes_fast.cpp:674 (test_move_nodes_fast+0x2e2c8)

  Thread T1 (tid=4, running) created by main thread at:
    #0 pthread_create ../../../../src/libsanitizer/tsan/tsan_interceptors_posix.cpp:969 (libtsan.so.0+0x605b8)
    #1 <null> <null> (libgomp.so.1+0x1e25f)
    #2 RunStage4AAndCheck tests/test_move_nodes_fast.cpp:201 (test_move_nodes_fast+0x2b4c1)
    #3 TestStage4ABasicAndEdgeCases tests/test_move_nodes_fast.cpp:464 (test_move_nodes_fast+0x2b7d4)
    #4 main tests/test_move_nodes_fast.cpp:674 (test_move_nodes_fast+0x2e2c8)

SUMMARY: ThreadSanitizer: data race /home/stomo/WorkSpace/MyLeiden/QualityFunction.cpp:187 in BuildNeighborCommunityWeights(SimpleGraph const&, LeidenPartition const&, int, NeighborCommunityScratch&)
==================
==================
WARNING: ThreadSanitizer: data race (pid=2)
  Read of size 8 at 0x7b1000000088 by thread T1:
    #0 BuildNeighborCommunityWeights(SimpleGraph const&, LeidenPartition const&, int, NeighborCommunityScratch&) /home/stomo/WorkSpace/MyLeiden/QualityFunction.cpp:201 (test_move_nodes_fast+0x6620)
    #1 MoveNodesFastParallelStage4A(SimpleGraph const&, LeidenGraphStats const&, LeidenPartition, QualityFunction const&, unsigned long, unsigned long, LeidenOptions const*) [clone ._omp_fn.0] /home/stomo/WorkSpace/MyLeiden/Leiden.cpp:1191 (test_move_nodes_fast+0xc5d4)
    #2 <null> <null> (libgomp.so.1+0x1dc0d)

  Previous write of size 8 at 0x7b1000000088 by main thread:
    #0 operator new(unsigned long) ../../../../src/libsanitizer/tsan/tsan_new_delete.cpp:64 (libtsan.so.0+0x8f162)
    #1 __gnu_cxx::new_allocator<Edge>::allocate(unsigned long, void const*) /usr/include/c++/11/ext/new_allocator.h:127 (test_move_nodes_fast+0x23184)
    #2 std::allocator_traits<std::allocator<Edge> >::allocate(std::allocator<Edge>&, unsigned long) /usr/include/c++/11/bits/alloc_traits.h:464 (test_move_nodes_fast+0x23184)
    #3 std::_Vector_base<Edge, std::allocator<Edge> >::_M_allocate(unsigned long) /usr/include/c++/11/bits/stl_vector.h:346 (test_move_nodes_fast+0x23184)
    #4 void std::vector<Edge, std::allocator<Edge> >::_M_realloc_insert<Edge>(__gnu_cxx::__normal_iterator<Edge*, std::vector<Edge, std::allocator<Edge> > >, Edge&&) /usr/include/c++/11/bits/vector.tcc:440 (test_move_nodes_fast+0x23184)
    #5 Edge& std::vector<Edge, std::allocator<Edge> >::emplace_back<Edge>(Edge&&) /usr/include/c++/11/bits/vector.tcc:121 (test_move_nodes_fast+0x2322d)
    #6 std::vector<Edge, std::allocator<Edge> >::push_back(Edge&&) /usr/include/c++/11/bits/stl_vector.h:1204 (test_move_nodes_fast+0x2f50f)
    #7 add_undirected_edge(SimpleGraph&, int, int, double) common/Types.hpp:44 (test_move_nodes_fast+0x2f50f)
    #8 MakeUnweightedGraph tests/test_move_nodes_fast.cpp:224 (test_move_nodes_fast+0x261e8)
    #9 TestStage4ABasicAndEdgeCases tests/test_move_nodes_fast.cpp:473 (test_move_nodes_fast+0x2b908)
    #10 main tests/test_move_nodes_fast.cpp:674 (test_move_nodes_fast+0x2e2c8)

  Location is heap block of size 64 at 0x7b1000000080 allocated by main thread:
    #0 operator new(unsigned long) ../../../../src/libsanitizer/tsan/tsan_new_delete.cpp:64 (libtsan.so.0+0x8f162)
    #1 __gnu_cxx::new_allocator<Edge>::allocate(unsigned long, void const*) /usr/include/c++/11/ext/new_allocator.h:127 (test_move_nodes_fast+0x23184)
    #2 std::allocator_traits<std::allocator<Edge> >::allocate(std::allocator<Edge>&, unsigned long) /usr/include/c++/11/bits/alloc_traits.h:464 (test_move_nodes_fast+0x23184)
    #3 std::_Vector_base<Edge, std::allocator<Edge> >::_M_allocate(unsigned long) /usr/include/c++/11/bits/stl_vector.h:346 (test_move_nodes_fast+0x23184)
    #4 void std::vector<Edge, std::allocator<Edge> >::_M_realloc_insert<Edge>(__gnu_cxx::__normal_iterator<Edge*, std::vector<Edge, std::allocator<Edge> > >, Edge&&) /usr/include/c++/11/bits/vector.tcc:440 (test_move_nodes_fast+0x23184)
    #5 Edge& std::vector<Edge, std::allocator<Edge> >::emplace_back<Edge>(Edge&&) /usr/include/c++/11/bits/vector.tcc:121 (test_move_nodes_fast+0x2322d)
    #6 std::vector<Edge, std::allocator<Edge> >::push_back(Edge&&) /usr/include/c++/11/bits/stl_vector.h:1204 (test_move_nodes_fast+0x2f50f)
    #7 add_undirected_edge(SimpleGraph&, int, int, double) common/Types.hpp:44 (test_move_nodes_fast+0x2f50f)
    #8 MakeUnweightedGraph tests/test_move_nodes_fast.cpp:224 (test_move_nodes_fast+0x261e8)
    #9 TestStage4ABasicAndEdgeCases tests/test_move_nodes_fast.cpp:473 (test_move_nodes_fast+0x2b908)
    #10 main tests/test_move_nodes_fast.cpp:674 (test_move_nodes_fast+0x2e2c8)

  Thread T1 (tid=4, running) created by main thread at:
    #0 pthread_create ../../../../src/libsanitizer/tsan/tsan_interceptors_posix.cpp:969 (libtsan.so.0+0x605b8)
    #1 <null> <null> (libgomp.so.1+0x1e25f)
    #2 RunStage4AAndCheck tests/test_move_nodes_fast.cpp:201 (test_move_nodes_fast+0x2b4c1)
    #3 TestStage4ABasicAndEdgeCases tests/test_move_nodes_fast.cpp:464 (test_move_nodes_fast+0x2b7d4)
    #4 main tests/test_move_nodes_fast.cpp:674 (test_move_nodes_fast+0x2e2c8)

SUMMARY: ThreadSanitizer: data race /home/stomo/WorkSpace/MyLeiden/QualityFunction.cpp:201 in BuildNeighborCommunityWeights(SimpleGraph const&, LeidenPartition const&, int, NeighborCommunityScratch&)
==================
==================
WARNING: ThreadSanitizer: data race (pid=2)
  Read of size 4 at 0x7b0800000080 by thread T1:
    #0 BuildNeighborCommunityWeights(SimpleGraph const&, LeidenPartition const&, int, NeighborCommunityScratch&) /home/stomo/WorkSpace/MyLeiden/QualityFunction.cpp:187 (test_move_nodes_fast+0x6658)
    #1 MoveNodesFastParallelStage4A(SimpleGraph const&, LeidenGraphStats const&, LeidenPartition, QualityFunction const&, unsigned long, unsigned long, LeidenOptions const*) [clone ._omp_fn.0] /home/stomo/WorkSpace/MyLeiden/Leiden.cpp:1191 (test_move_nodes_fast+0xc5d4)
    #2 <null> <null> (libgomp.so.1+0x1dc0d)

  Previous write of size 8 at 0x7b0800000080 by main thread:
    #0 operator new(unsigned long) ../../../../src/libsanitizer/tsan/tsan_new_delete.cpp:64 (libtsan.so.0+0x8f162)
    #1 __gnu_cxx::new_allocator<Edge>::allocate(unsigned long, void const*) /usr/include/c++/11/ext/new_allocator.h:127 (test_move_nodes_fast+0x23184)
    #2 std::allocator_traits<std::allocator<Edge> >::allocate(std::allocator<Edge>&, unsigned long) /usr/include/c++/11/bits/alloc_traits.h:464 (test_move_nodes_fast+0x23184)
    #3 std::_Vector_base<Edge, std::allocator<Edge> >::_M_allocate(unsigned long) /usr/include/c++/11/bits/stl_vector.h:346 (test_move_nodes_fast+0x23184)
    #4 void std::vector<Edge, std::allocator<Edge> >::_M_realloc_insert<Edge>(__gnu_cxx::__normal_iterator<Edge*, std::vector<Edge, std::allocator<Edge> > >, Edge&&) /usr/include/c++/11/bits/vector.tcc:440 (test_move_nodes_fast+0x23184)
    #5 Edge& std::vector<Edge, std::allocator<Edge> >::emplace_back<Edge>(Edge&&) /usr/include/c++/11/bits/vector.tcc:121 (test_move_nodes_fast+0x2322d)
    #6 std::vector<Edge, std::allocator<Edge> >::push_back(Edge&&) /usr/include/c++/11/bits/stl_vector.h:1204 (test_move_nodes_fast+0x2f4a6)
    #7 add_undirected_edge(SimpleGraph&, int, int, double) common/Types.hpp:42 (test_move_nodes_fast+0x2f4a6)
    #8 MakeUnweightedGraph tests/test_move_nodes_fast.cpp:223 (test_move_nodes_fast+0x261ce)
    #9 TestStage4ABasicAndEdgeCases tests/test_move_nodes_fast.cpp:473 (test_move_nodes_fast+0x2b908)
    #10 main tests/test_move_nodes_fast.cpp:674 (test_move_nodes_fast+0x2e2c8)

  Location is heap block of size 32 at 0x7b0800000080 allocated by main thread:
    #0 operator new(unsigned long) ../../../../src/libsanitizer/tsan/tsan_new_delete.cpp:64 (libtsan.so.0+0x8f162)
    #1 __gnu_cxx::new_allocator<Edge>::allocate(unsigned long, void const*) /usr/include/c++/11/ext/new_allocator.h:127 (test_move_nodes_fast+0x23184)
    #2 std::allocator_traits<std::allocator<Edge> >::allocate(std::allocator<Edge>&, unsigned long) /usr/include/c++/11/bits/alloc_traits.h:464 (test_move_nodes_fast+0x23184)
    #3 std::_Vector_base<Edge, std::allocator<Edge> >::_M_allocate(unsigned long) /usr/include/c++/11/bits/stl_vector.h:346 (test_move_nodes_fast+0x23184)
    #4 void std::vector<Edge, std::allocator<Edge> >::_M_realloc_insert<Edge>(__gnu_cxx::__normal_iterator<Edge*, std::vector<Edge, std::allocator<Edge> > >, Edge&&) /usr/include/c++/11/bits/vector.tcc:440 (test_move_nodes_fast+0x23184)
    #5 Edge& std::vector<Edge, std::allocator<Edge> >::emplace_back<Edge>(Edge&&) /usr/include/c++/11/bits/vector.tcc:121 (test_move_nodes_fast+0x2322d)
    #6 std::vector<Edge, std::allocator<Edge> >::push_back(Edge&&) /usr/include/c++/11/bits/stl_vector.h:1204 (test_move_nodes_fast+0x2f4a6)
    #7 add_undirected_edge(SimpleGraph&, int, int, double) common/Types.hpp:42 (test_move_nodes_fast+0x2f4a6)
    #8 MakeUnweightedGraph tests/test_move_nodes_fast.cpp:223 (test_move_nodes_fast+0x261ce)
    #9 TestStage4ABasicAndEdgeCases tests/test_move_nodes_fast.cpp:473 (test_move_nodes_fast+0x2b908)
    #10 main tests/test_move_nodes_fast.cpp:674 (test_move_nodes_fast+0x2e2c8)

  Thread T1 (tid=4, running) created by main thread at:
    #0 pthread_create ../../../../src/libsanitizer/tsan/tsan_interceptors_posix.cpp:969 (libtsan.so.0+0x605b8)
    #1 <null> <null> (libgomp.so.1+0x1e25f)
    #2 RunStage4AAndCheck tests/test_move_nodes_fast.cpp:201 (test_move_nodes_fast+0x2b4c1)
    #3 TestStage4ABasicAndEdgeCases tests/test_move_nodes_fast.cpp:464 (test_move_nodes_fast+0x2b7d4)
    #4 main tests/test_move_nodes_fast.cpp:674 (test_move_nodes_fast+0x2e2c8)

SUMMARY: ThreadSanitizer: data race /home/stomo/WorkSpace/MyLeiden/QualityFunction.cpp:187 in BuildNeighborCommunityWeights(SimpleGraph const&, LeidenPartition const&, int, NeighborCommunityScratch&)
==================
==================
WARNING: ThreadSanitizer: data race (pid=2)
  Read of size 8 at 0x7b0800000088 by thread T1:
    #0 BuildNeighborCommunityWeights(SimpleGraph const&, LeidenPartition const&, int, NeighborCommunityScratch&) /home/stomo/WorkSpace/MyLeiden/QualityFunction.cpp:201 (test_move_nodes_fast+0x6620)
    #1 MoveNodesFastParallelStage4A(SimpleGraph const&, LeidenGraphStats const&, LeidenPartition, QualityFunction const&, unsigned long, unsigned long, LeidenOptions const*) [clone ._omp_fn.0] /home/stomo/WorkSpace/MyLeiden/Leiden.cpp:1191 (test_move_nodes_fast+0xc5d4)
    #2 <null> <null> (libgomp.so.1+0x1dc0d)

  Previous write of size 8 at 0x7b0800000088 by main thread:
    #0 operator new(unsigned long) ../../../../src/libsanitizer/tsan/tsan_new_delete.cpp:64 (libtsan.so.0+0x8f162)
    #1 __gnu_cxx::new_allocator<Edge>::allocate(unsigned long, void const*) /usr/include/c++/11/ext/new_allocator.h:127 (test_move_nodes_fast+0x23184)
    #2 std::allocator_traits<std::allocator<Edge> >::allocate(std::allocator<Edge>&, unsigned long) /usr/include/c++/11/bits/alloc_traits.h:464 (test_move_nodes_fast+0x23184)
    #3 std::_Vector_base<Edge, std::allocator<Edge> >::_M_allocate(unsigned long) /usr/include/c++/11/bits/stl_vector.h:346 (test_move_nodes_fast+0x23184)
    #4 void std::vector<Edge, std::allocator<Edge> >::_M_realloc_insert<Edge>(__gnu_cxx::__normal_iterator<Edge*, std::vector<Edge, std::allocator<Edge> > >, Edge&&) /usr/include/c++/11/bits/vector.tcc:440 (test_move_nodes_fast+0x23184)
    #5 Edge& std::vector<Edge, std::allocator<Edge> >::emplace_back<Edge>(Edge&&) /usr/include/c++/11/bits/vector.tcc:121 (test_move_nodes_fast+0x2322d)
    #6 std::vector<Edge, std::allocator<Edge> >::push_back(Edge&&) /usr/include/c++/11/bits/stl_vector.h:1204 (test_move_nodes_fast+0x2f4a6)
    #7 add_undirected_edge(SimpleGraph&, int, int, double) common/Types.hpp:42 (test_move_nodes_fast+0x2f4a6)
    #8 MakeUnweightedGraph tests/test_move_nodes_fast.cpp:223 (test_move_nodes_fast+0x261ce)
    #9 TestStage4ABasicAndEdgeCases tests/test_move_nodes_fast.cpp:473 (test_move_nodes_fast+0x2b908)
    #10 main tests/test_move_nodes_fast.cpp:674 (test_move_nodes_fast+0x2e2c8)

  Location is heap block of size 32 at 0x7b0800000080 allocated by main thread:
    #0 operator new(unsigned long) ../../../../src/libsanitizer/tsan/tsan_new_delete.cpp:64 (libtsan.so.0+0x8f162)
    #1 __gnu_cxx::new_allocator<Edge>::allocate(unsigned long, void const*) /usr/include/c++/11/ext/new_allocator.h:127 (test_move_nodes_fast+0x23184)
    #2 std::allocator_traits<std::allocator<Edge> >::allocate(std::allocator<Edge>&, unsigned long) /usr/include/c++/11/bits/alloc_traits.h:464 (test_move_nodes_fast+0x23184)
    #3 std::_Vector_base<Edge, std::allocator<Edge> >::_M_allocate(unsigned long) /usr/include/c++/11/bits/stl_vector.h:346 (test_move_nodes_fast+0x23184)
    #4 void std::vector<Edge, std::allocator<Edge> >::_M_realloc_insert<Edge>(__gnu_cxx::__normal_iterator<Edge*, std::vector<Edge, std::allocator<Edge> > >, Edge&&) /usr/include/c++/11/bits/vector.tcc:440 (test_move_nodes_fast+0x23184)
    #5 Edge& std::vector<Edge, std::allocator<Edge> >::emplace_back<Edge>(Edge&&) /usr/include/c++/11/bits/vector.tcc:121 (test_move_nodes_fast+0x2322d)
    #6 std::vector<Edge, std::allocator<Edge> >::push_back(Edge&&) /usr/include/c++/11/bits/stl_vector.h:1204 (test_move_nodes_fast+0x2f4a6)
    #7 add_undirected_edge(SimpleGraph&, int, int, double) common/Types.hpp:42 (test_move_nodes_fast+0x2f4a6)
    #8 MakeUnweightedGraph tests/test_move_nodes_fast.cpp:223 (test_move_nodes_fast+0x261ce)
    #9 TestStage4ABasicAndEdgeCases tests/test_move_nodes_fast.cpp:473 (test_move_nodes_fast+0x2b908)
    #10 main tests/test_move_nodes_fast.cpp:674 (test_move_nodes_fast+0x2e2c8)

  Thread T1 (tid=4, running) created by main thread at:
    #0 pthread_create ../../../../src/libsanitizer/tsan/tsan_interceptors_posix.cpp:969 (libtsan.so.0+0x605b8)
    #1 <null> <null> (libgomp.so.1+0x1e25f)
    #2 RunStage4AAndCheck tests/test_move_nodes_fast.cpp:201 (test_move_nodes_fast+0x2b4c1)
    #3 TestStage4ABasicAndEdgeCases tests/test_move_nodes_fast.cpp:464 (test_move_nodes_fast+0x2b7d4)
    #4 main tests/test_move_nodes_fast.cpp:674 (test_move_nodes_fast+0x2e2c8)

SUMMARY: ThreadSanitizer: data race /home/stomo/WorkSpace/MyLeiden/QualityFunction.cpp:201 in BuildNeighborCommunityWeights(SimpleGraph const&, LeidenPartition const&, int, NeighborCommunityScratch&)
==================
==================
WARNING: ThreadSanitizer: data race (pid=2)
  Read of size 4 at 0x7b0800000020 by thread T1:
    #0 BuildNeighborCommunityWeights(SimpleGraph const&, LeidenPartition const&, int, NeighborCommunityScratch&) /home/stomo/WorkSpace/MyLeiden/QualityFunction.cpp:187 (test_move_nodes_fast+0x6658)
    #1 MoveNodesFastParallelStage4A(SimpleGraph const&, LeidenGraphStats const&, LeidenPartition, QualityFunction const&, unsigned long, unsigned long, LeidenOptions const*) [clone ._omp_fn.0] /home/stomo/WorkSpace/MyLeiden/Leiden.cpp:1191 (test_move_nodes_fast+0xc5d4)
    #2 <null> <null> (libgomp.so.1+0x1dc0d)

  Previous write of size 8 at 0x7b0800000020 by main thread:
    #0 operator new(unsigned long) ../../../../src/libsanitizer/tsan/tsan_new_delete.cpp:64 (libtsan.so.0+0x8f162)
    #1 __gnu_cxx::new_allocator<Edge>::allocate(unsigned long, void const*) /usr/include/c++/11/ext/new_allocator.h:127 (test_move_nodes_fast+0x23184)
    #2 std::allocator_traits<std::allocator<Edge> >::allocate(std::allocator<Edge>&, unsigned long) /usr/include/c++/11/bits/alloc_traits.h:464 (test_move_nodes_fast+0x23184)
    #3 std::_Vector_base<Edge, std::allocator<Edge> >::_M_allocate(unsigned long) /usr/include/c++/11/bits/stl_vector.h:346 (test_move_nodes_fast+0x23184)
    #4 void std::vector<Edge, std::allocator<Edge> >::_M_realloc_insert<Edge>(__gnu_cxx::__normal_iterator<Edge*, std::vector<Edge, std::allocator<Edge> > >, Edge&&) /usr/include/c++/11/bits/vector.tcc:440 (test_move_nodes_fast+0x23184)
    #5 Edge& std::vector<Edge, std::allocator<Edge> >::emplace_back<Edge>(Edge&&) /usr/include/c++/11/bits/vector.tcc:121 (test_move_nodes_fast+0x2322d)
    #6 std::vector<Edge, std::allocator<Edge> >::push_back(Edge&&) /usr/include/c++/11/bits/stl_vector.h:1204 (test_move_nodes_fast+0x2f4a6)
    #7 add_undirected_edge(SimpleGraph&, int, int, double) common/Types.hpp:42 (test_move_nodes_fast+0x2f4a6)
    #8 MakeUnweightedGraph tests/test_move_nodes_fast.cpp:224 (test_move_nodes_fast+0x261e8)
    #9 TestStage4ABasicAndEdgeCases tests/test_move_nodes_fast.cpp:473 (test_move_nodes_fast+0x2b908)
    #10 main tests/test_move_nodes_fast.cpp:674 (test_move_nodes_fast+0x2e2c8)

  Location is heap block of size 32 at 0x7b0800000020 allocated by main thread:
    #0 operator new(unsigned long) ../../../../src/libsanitizer/tsan/tsan_new_delete.cpp:64 (libtsan.so.0+0x8f162)
    #1 __gnu_cxx::new_allocator<Edge>::allocate(unsigned long, void const*) /usr/include/c++/11/ext/new_allocator.h:127 (test_move_nodes_fast+0x23184)
    #2 std::allocator_traits<std::allocator<Edge> >::allocate(std::allocator<Edge>&, unsigned long) /usr/include/c++/11/bits/alloc_traits.h:464 (test_move_nodes_fast+0x23184)
    #3 std::_Vector_base<Edge, std::allocator<Edge> >::_M_allocate(unsigned long) /usr/include/c++/11/bits/stl_vector.h:346 (test_move_nodes_fast+0x23184)
    #4 void std::vector<Edge, std::allocator<Edge> >::_M_realloc_insert<Edge>(__gnu_cxx::__normal_iterator<Edge*, std::vector<Edge, std::allocator<Edge> > >, Edge&&) /usr/include/c++/11/bits/vector.tcc:440 (test_move_nodes_fast+0x23184)
    #5 Edge& std::vector<Edge, std::allocator<Edge> >::emplace_back<Edge>(Edge&&) /usr/include/c++/11/bits/vector.tcc:121 (test_move_nodes_fast+0x2322d)
    #6 std::vector<Edge, std::allocator<Edge> >::push_back(Edge&&) /usr/include/c++/11/bits/stl_vector.h:1204 (test_move_nodes_fast+0x2f4a6)
    #7 add_undirected_edge(SimpleGraph&, int, int, double) common/Types.hpp:42 (test_move_nodes_fast+0x2f4a6)
    #8 MakeUnweightedGraph tests/test_move_nodes_fast.cpp:224 (test_move_nodes_fast+0x261e8)
    #9 TestStage4ABasicAndEdgeCases tests/test_move_nodes_fast.cpp:473 (test_move_nodes_fast+0x2b908)
    #10 main tests/test_move_nodes_fast.cpp:674 (test_move_nodes_fast+0x2e2c8)

  Thread T1 (tid=4, running) created by main thread at:
    #0 pthread_create ../../../../src/libsanitizer/tsan/tsan_interceptors_posix.cpp:969 (libtsan.so.0+0x605b8)
    #1 <null> <null> (libgomp.so.1+0x1e25f)
    #2 RunStage4AAndCheck tests/test_move_nodes_fast.cpp:201 (test_move_nodes_fast+0x2b4c1)
    #3 TestStage4ABasicAndEdgeCases tests/test_move_nodes_fast.cpp:464 (test_move_nodes_fast+0x2b7d4)
    #4 main tests/test_move_nodes_fast.cpp:674 (test_move_nodes_fast+0x2e2c8)

SUMMARY: ThreadSanitizer: data race /home/stomo/WorkSpace/MyLeiden/QualityFunction.cpp:187 in BuildNeighborCommunityWeights(SimpleGraph const&, LeidenPartition const&, int, NeighborCommunityScratch&)
==================
==================
WARNING: ThreadSanitizer: data race (pid=2)
  Read of size 8 at 0x7b0800000028 by thread T1:
    #0 BuildNeighborCommunityWeights(SimpleGraph const&, LeidenPartition const&, int, NeighborCommunityScratch&) /home/stomo/WorkSpace/MyLeiden/QualityFunction.cpp:201 (test_move_nodes_fast+0x6620)
    #1 MoveNodesFastParallelStage4A(SimpleGraph const&, LeidenGraphStats const&, LeidenPartition, QualityFunction const&, unsigned long, unsigned long, LeidenOptions const*) [clone ._omp_fn.0] /home/stomo/WorkSpace/MyLeiden/Leiden.cpp:1191 (test_move_nodes_fast+0xc5d4)
    #2 <null> <null> (libgomp.so.1+0x1dc0d)

  Previous write of size 8 at 0x7b0800000028 by main thread:
    #0 operator new(unsigned long) ../../../../src/libsanitizer/tsan/tsan_new_delete.cpp:64 (libtsan.so.0+0x8f162)
    #1 __gnu_cxx::new_allocator<Edge>::allocate(unsigned long, void const*) /usr/include/c++/11/ext/new_allocator.h:127 (test_move_nodes_fast+0x23184)
    #2 std::allocator_traits<std::allocator<Edge> >::allocate(std::allocator<Edge>&, unsigned long) /usr/include/c++/11/bits/alloc_traits.h:464 (test_move_nodes_fast+0x23184)
    #3 std::_Vector_base<Edge, std::allocator<Edge> >::_M_allocate(unsigned long) /usr/include/c++/11/bits/stl_vector.h:346 (test_move_nodes_fast+0x23184)
    #4 void std::vector<Edge, std::allocator<Edge> >::_M_realloc_insert<Edge>(__gnu_cxx::__normal_iterator<Edge*, std::vector<Edge, std::allocator<Edge> > >, Edge&&) /usr/include/c++/11/bits/vector.tcc:440 (test_move_nodes_fast+0x23184)
    #5 Edge& std::vector<Edge, std::allocator<Edge> >::emplace_back<Edge>(Edge&&) /usr/include/c++/11/bits/vector.tcc:121 (test_move_nodes_fast+0x2322d)
    #6 std::vector<Edge, std::allocator<Edge> >::push_back(Edge&&) /usr/include/c++/11/bits/stl_vector.h:1204 (test_move_nodes_fast+0x2f4a6)
    #7 add_undirected_edge(SimpleGraph&, int, int, double) common/Types.hpp:42 (test_move_nodes_fast+0x2f4a6)
    #8 MakeUnweightedGraph tests/test_move_nodes_fast.cpp:224 (test_move_nodes_fast+0x261e8)
    #9 TestStage4ABasicAndEdgeCases tests/test_move_nodes_fast.cpp:473 (test_move_nodes_fast+0x2b908)
    #10 main tests/test_move_nodes_fast.cpp:674 (test_move_nodes_fast+0x2e2c8)

  Location is heap block of size 32 at 0x7b0800000020 allocated by main thread:
    #0 operator new(unsigned long) ../../../../src/libsanitizer/tsan/tsan_new_delete.cpp:64 (libtsan.so.0+0x8f162)
    #1 __gnu_cxx::new_allocator<Edge>::allocate(unsigned long, void const*) /usr/include/c++/11/ext/new_allocator.h:127 (test_move_nodes_fast+0x23184)
    #2 std::allocator_traits<std::allocator<Edge> >::allocate(std::allocator<Edge>&, unsigned long) /usr/include/c++/11/bits/alloc_traits.h:464 (test_move_nodes_fast+0x23184)
    #3 std::_Vector_base<Edge, std::allocator<Edge> >::_M_allocate(unsigned long) /usr/include/c++/11/bits/stl_vector.h:346 (test_move_nodes_fast+0x23184)
    #4 void std::vector<Edge, std::allocator<Edge> >::_M_realloc_insert<Edge>(__gnu_cxx::__normal_iterator<Edge*, std::vector<Edge, std::allocator<Edge> > >, Edge&&) /usr/include/c++/11/bits/vector.tcc:440 (test_move_nodes_fast+0x23184)
    #5 Edge& std::vector<Edge, std::allocator<Edge> >::emplace_back<Edge>(Edge&&) /usr/include/c++/11/bits/vector.tcc:121 (test_move_nodes_fast+0x2322d)
    #6 std::vector<Edge, std::allocator<Edge> >::push_back(Edge&&) /usr/include/c++/11/bits/stl_vector.h:1204 (test_move_nodes_fast+0x2f4a6)
    #7 add_undirected_edge(SimpleGraph&, int, int, double) common/Types.hpp:42 (test_move_nodes_fast+0x2f4a6)
    #8 MakeUnweightedGraph tests/test_move_nodes_fast.cpp:224 (test_move_nodes_fast+0x261e8)
    #9 TestStage4ABasicAndEdgeCases tests/test_move_nodes_fast.cpp:473 (test_move_nodes_fast+0x2b908)
    #10 main tests/test_move_nodes_fast.cpp:674 (test_move_nodes_fast+0x2e2c8)

  Thread T1 (tid=4, running) created by main thread at:
    #0 pthread_create ../../../../src/libsanitizer/tsan/tsan_interceptors_posix.cpp:969 (libtsan.so.0+0x605b8)
    #1 <null> <null> (libgomp.so.1+0x1e25f)
    #2 RunStage4AAndCheck tests/test_move_nodes_fast.cpp:201 (test_move_nodes_fast+0x2b4c1)
    #3 TestStage4ABasicAndEdgeCases tests/test_move_nodes_fast.cpp:464 (test_move_nodes_fast+0x2b7d4)
    #4 main tests/test_move_nodes_fast.cpp:674 (test_move_nodes_fast+0x2e2c8)

SUMMARY: ThreadSanitizer: data race /home/stomo/WorkSpace/MyLeiden/QualityFunction.cpp:201 in BuildNeighborCommunityWeights(SimpleGraph const&, LeidenPartition const&, int, NeighborCommunityScratch&)
==================
==================
WARNING: ThreadSanitizer: data race (pid=2)
  Read of size 1 at 0x7b04000000d5 by thread T1:
    #0 MoveNodesFastParallelStage4A(SimpleGraph const&, LeidenGraphStats const&, LeidenPartition, QualityFunction const&, unsigned long, unsigned long, LeidenOptions const*) [clone ._omp_fn.0] /home/stomo/WorkSpace/MyLeiden/Leiden.cpp:1180 (test_move_nodes_fast+0xc55a)
    #1 <null> <null> (libgomp.so.1+0x1dc0d)

  Previous write of size 1 at 0x7b04000000d5 by main thread:
    #0 __gnu_cxx::__enable_if<std::__is_scalar<int>::__value, void>::__type std::__fill_a1<unsigned char*, int>(unsigned char*, unsigned char*, int const&) /usr/include/c++/11/bits/stl_algobase.h:924 (test_move_nodes_fast+0xdb20)
    #1 void std::__fill_a1<unsigned char*, std::vector<unsigned char, std::allocator<unsigned char> >, int>(__gnu_cxx::__normal_iterator<unsigned char*, std::vector<unsigned char, std::allocator<unsigned char> > >, __gnu_cxx::__normal_iterator<unsigned char*, std::vector<unsigned char, std::allocator<unsigned char> > >, int const&) /usr/include/c++/11/bits/stl_algobase.h:953 (test_move_nodes_fast+0xdb20)
    #2 void std::__fill_a<__gnu_cxx::__normal_iterator<unsigned char*, std::vector<unsigned char, std::allocator<unsigned char> > >, int>(__gnu_cxx::__normal_iterator<unsigned char*, std::vector<unsigned char, std::allocator<unsigned char> > >, __gnu_cxx::__normal_iterator<unsigned char*, std::vector<unsigned char, std::allocator<unsigned char> > >, int const&) /usr/include/c++/11/bits/stl_algobase.h:969 (test_move_nodes_fast+0xdb20)
    #3 void std::fill<__gnu_cxx::__normal_iterator<unsigned char*, std::vector<unsigned char, std::allocator<unsigned char> > >, int>(__gnu_cxx::__normal_iterator<unsigned char*, std::vector<unsigned char, std::allocator<unsigned char> > >, __gnu_cxx::__normal_iterator<unsigned char*, std::vector<unsigned char, std::allocator<unsigned char> > >, int const&) /usr/include/c++/11/bits/stl_algobase.h:999 (test_move_nodes_fast+0xdb20)
    #4 MoveNodesFastParallelStage4A(SimpleGraph const&, LeidenGraphStats const&, LeidenPartition, QualityFunction const&, unsigned long, unsigned long, LeidenOptions const*) /home/stomo/WorkSpace/MyLeiden/Leiden.cpp:1409 (test_move_nodes_fast+0xdb20)
    #5 RunStage4AAndCheck tests/test_move_nodes_fast.cpp:201 (test_move_nodes_fast+0x2b4c1)
    #6 TestStage4ABasicAndEdgeCases tests/test_move_nodes_fast.cpp:472 (test_move_nodes_fast+0x2b94b)
    #7 main tests/test_move_nodes_fast.cpp:674 (test_move_nodes_fast+0x2e2c8)

  Location is heap block of size 6 at 0x7b04000000d0 allocated by main thread:
    #0 operator new(unsigned long) ../../../../src/libsanitizer/tsan/tsan_new_delete.cpp:64 (libtsan.so.0+0x8f162)
    #1 __gnu_cxx::new_allocator<unsigned char>::allocate(unsigned long, void const*) /usr/include/c++/11/ext/new_allocator.h:127 (test_move_nodes_fast+0xcb06)
    #2 std::allocator_traits<std::allocator<unsigned char> >::allocate(std::allocator<unsigned char>&, unsigned long) /usr/include/c++/11/bits/alloc_traits.h:464 (test_move_nodes_fast+0xcb06)
    #3 std::_Vector_base<unsigned char, std::allocator<unsigned char> >::_M_allocate(unsigned long) /usr/include/c++/11/bits/stl_vector.h:346 (test_move_nodes_fast+0xcb06)
    #4 std::_Vector_base<unsigned char, std::allocator<unsigned char> >::_M_create_storage(unsigned long) /usr/include/c++/11/bits/stl_vector.h:361 (test_move_nodes_fast+0xcb06)
    #5 std::_Vector_base<unsigned char, std::allocator<unsigned char> >::_Vector_base(unsigned long, std::allocator<unsigned char> const&) /usr/include/c++/11/bits/stl_vector.h:305 (test_move_nodes_fast+0xcb06)
    #6 std::vector<unsigned char, std::allocator<unsigned char> >::vector(unsigned long, unsigned char const&, std::allocator<unsigned char> const&) /usr/include/c++/11/bits/stl_vector.h:524 (test_move_nodes_fast+0xcb06)
    #7 MoveNodesFastParallelStage4A(SimpleGraph const&, LeidenGraphStats const&, LeidenPartition, QualityFunction const&, unsigned long, unsigned long, LeidenOptions const*) /home/stomo/WorkSpace/MyLeiden/Leiden.cpp:1144 (test_move_nodes_fast+0xcb06)
    #8 RunStage4AAndCheck tests/test_move_nodes_fast.cpp:201 (test_move_nodes_fast+0x2b4c1)
    #9 TestStage4ABasicAndEdgeCases tests/test_move_nodes_fast.cpp:472 (test_move_nodes_fast+0x2b94b)
    #10 main tests/test_move_nodes_fast.cpp:674 (test_move_nodes_fast+0x2e2c8)

  Thread T1 (tid=4, running) created by main thread at:
    #0 pthread_create ../../../../src/libsanitizer/tsan/tsan_interceptors_posix.cpp:969 (libtsan.so.0+0x605b8)
    #1 <null> <null> (libgomp.so.1+0x1e25f)
    #2 RunStage4AAndCheck tests/test_move_nodes_fast.cpp:201 (test_move_nodes_fast+0x2b4c1)
    #3 TestStage4ABasicAndEdgeCases tests/test_move_nodes_fast.cpp:464 (test_move_nodes_fast+0x2b7d4)
    #4 main tests/test_move_nodes_fast.cpp:674 (test_move_nodes_fast+0x2e2c8)

SUMMARY: ThreadSanitizer: data race /home/stomo/WorkSpace/MyLeiden/Leiden.cpp:1180 in MoveNodesFastParallelStage4A(SimpleGraph const&, LeidenGraphStats const&, LeidenPartition, QualityFunction const&, unsigned long, unsigned long, LeidenOptions const*) [clone ._omp_fn.0]
==================
==================
WARNING: ThreadSanitizer: data race (pid=2)
  Read of size 8 at 0x7ffd2222e4e8 by thread T3:
    #0 std::vector<double, std::allocator<double> >::size() const /usr/include/c++/11/bits/stl_vector.h:919 (test_move_nodes_fast+0xc08a)
    #1 MoveNodesFastParallelStage4A(SimpleGraph const&, LeidenGraphStats const&, LeidenPartition, QualityFunction const&, unsigned long, unsigned long, LeidenOptions const*) [clone ._omp_fn.0] /home/stomo/WorkSpace/MyLeiden/Leiden.cpp:1172 (test_move_nodes_fast+0xc08a)
    #2 <null> <null> (libgomp.so.1+0x1dc0d)

  Previous write of size 8 at 0x7ffd2222e4e8 by main thread:
    #0 std::_Vector_base<double, std::allocator<double> >::_Vector_impl_data::_Vector_impl_data() /usr/include/c++/11/bits/stl_vector.h:98 (test_move_nodes_fast+0xc89f)
    #1 std::_Vector_base<double, std::allocator<double> >::_Vector_impl::_Vector_impl() /usr/include/c++/11/bits/stl_vector.h:133 (test_move_nodes_fast+0xc89f)
    #2 std::_Vector_base<double, std::allocator<double> >::_Vector_base() /usr/include/c++/11/bits/stl_vector.h:288 (test_move_nodes_fast+0xc89f)
    #3 std::vector<double, std::allocator<double> >::vector() /usr/include/c++/11/bits/stl_vector.h:487 (test_move_nodes_fast+0xc89f)
    #4 LeidenPartition::LeidenPartition() /home/stomo/WorkSpace/MyLeiden/LeidenTypes.hpp:21 (test_move_nodes_fast+0xc89f)
    #5 MoveNodesFastResult::MoveNodesFastResult() /home/stomo/WorkSpace/MyLeiden/Leiden.hpp:11 (test_move_nodes_fast+0xc89f)
    #6 MoveNodesFastParallelStage4A(SimpleGraph const&, LeidenGraphStats const&, LeidenPartition, QualityFunction const&, unsigned long, unsigned long, LeidenOptions const*) /home/stomo/WorkSpace/MyLeiden/Leiden.cpp:1138 (test_move_nodes_fast+0xc89f)
    #7 RunStage4AAndCheck tests/test_move_nodes_fast.cpp:201 (test_move_nodes_fast+0x2b4c1)
    #8 TestStage4ABasicAndEdgeCases tests/test_move_nodes_fast.cpp:474 (test_move_nodes_fast+0x2b9bb)
    #9 main tests/test_move_nodes_fast.cpp:674 (test_move_nodes_fast+0x2e2c8)

  Location is stack of main thread.

  Location is global '<null>' at 0x000000000000 ([stack]+0x00000001f4e8)

  Thread T3 (tid=6, running) created by main thread at:
    #0 pthread_create ../../../../src/libsanitizer/tsan/tsan_interceptors_posix.cpp:969 (libtsan.so.0+0x605b8)
    #1 <null> <null> (libgomp.so.1+0x1e25f)
    #2 RunStage4AAndCheck tests/test_move_nodes_fast.cpp:201 (test_move_nodes_fast+0x2b4c1)
    #3 TestStage4ABasicAndEdgeCases tests/test_move_nodes_fast.cpp:464 (test_move_nodes_fast+0x2b7d4)
    #4 main tests/test_move_nodes_fast.cpp:674 (test_move_nodes_fast+0x2e2c8)

SUMMARY: ThreadSanitizer: data race /usr/include/c++/11/bits/stl_vector.h:919 in std::vector<double, std::allocator<double> >::size() const
==================
==================
WARNING: ThreadSanitizer: data race (pid=2)
  Read of size 8 at 0x7ffd2222e4d0 by thread T1:
    #0 std::vector<int, std::allocator<int> >::operator[](unsigned long) /usr/include/c++/11/bits/stl_vector.h:1046 (test_move_nodes_fast+0xc582)
    #1 MoveNodesFastParallelStage4A(SimpleGraph const&, LeidenGraphStats const&, LeidenPartition, QualityFunction const&, unsigned long, unsigned long, LeidenOptions const*) [clone ._omp_fn.0] /home/stomo/WorkSpace/MyLeiden/Leiden.cpp:1187 (test_move_nodes_fast+0xc582)
    #2 <null> <null> (libgomp.so.1+0x1dc0d)

  Previous write of size 8 at 0x7ffd2222e4d0 by main thread:
    #0 std::_Vector_base<int, std::allocator<int> >::_Vector_impl_data::_Vector_impl_data() /usr/include/c++/11/bits/stl_vector.h:98 (test_move_nodes_fast+0xc86d)
    #1 std::_Vector_base<int, std::allocator<int> >::_Vector_impl::_Vector_impl() /usr/include/c++/11/bits/stl_vector.h:133 (test_move_nodes_fast+0xc86d)
    #2 std::_Vector_base<int, std::allocator<int> >::_Vector_base() /usr/include/c++/11/bits/stl_vector.h:288 (test_move_nodes_fast+0xc86d)
    #3 std::vector<int, std::allocator<int> >::vector() /usr/include/c++/11/bits/stl_vector.h:487 (test_move_nodes_fast+0xc86d)
    #4 LeidenPartition::LeidenPartition() /home/stomo/WorkSpace/MyLeiden/LeidenTypes.hpp:21 (test_move_nodes_fast+0xc86d)
    #5 MoveNodesFastResult::MoveNodesFastResult() /home/stomo/WorkSpace/MyLeiden/Leiden.hpp:11 (test_move_nodes_fast+0xc86d)
    #6 MoveNodesFastParallelStage4A(SimpleGraph const&, LeidenGraphStats const&, LeidenPartition, QualityFunction const&, unsigned long, unsigned long, LeidenOptions const*) /home/stomo/WorkSpace/MyLeiden/Leiden.cpp:1138 (test_move_nodes_fast+0xc86d)
    #7 RunStage4AAndCheck tests/test_move_nodes_fast.cpp:201 (test_move_nodes_fast+0x2b4c1)
    #8 TestStage4ABasicAndEdgeCases tests/test_move_nodes_fast.cpp:474 (test_move_nodes_fast+0x2b9bb)
    #9 main tests/test_move_nodes_fast.cpp:674 (test_move_nodes_fast+0x2e2c8)

  Location is stack of main thread.

  Location is global '<null>' at 0x000000000000 ([stack]+0x00000001f4d0)

  Thread T1 (tid=4, running) created by main thread at:
    #0 pthread_create ../../../../src/libsanitizer/tsan/tsan_interceptors_posix.cpp:969 (libtsan.so.0+0x605b8)
    #1 <null> <null> (libgomp.so.1+0x1e25f)
    #2 RunStage4AAndCheck tests/test_move_nodes_fast.cpp:201 (test_move_nodes_fast+0x2b4c1)
    #3 TestStage4ABasicAndEdgeCases tests/test_move_nodes_fast.cpp:464 (test_move_nodes_fast+0x2b7d4)
    #4 main tests/test_move_nodes_fast.cpp:674 (test_move_nodes_fast+0x2e2c8)

SUMMARY: ThreadSanitizer: data race /usr/include/c++/11/bits/stl_vector.h:1046 in std::vector<int, std::allocator<int> >::operator[](unsigned long)
==================
==================
WARNING: ThreadSanitizer: data race (pid=2)
  Read of size 8 at 0x7ffd2222e4d8 by thread T1:
    #0 std::vector<int, std::allocator<int> >::size() const /usr/include/c++/11/bits/stl_vector.h:919 (test_move_nodes_fast+0x432e)
    #1 ValidatePartitionSize /home/stomo/WorkSpace/MyLeiden/QualityFunction.cpp:34 (test_move_nodes_fast+0x432e)
    #2 BuildNeighborCommunityWeights(SimpleGraph const&, LeidenPartition const&, int, NeighborCommunityScratch&) /home/stomo/WorkSpace/MyLeiden/QualityFunction.cpp:170 (test_move_nodes_fast+0x63ac)
    #3 MoveNodesFastParallelStage4A(SimpleGraph const&, LeidenGraphStats const&, LeidenPartition, QualityFunction const&, unsigned long, unsigned long, LeidenOptions const*) [clone ._omp_fn.0] /home/stomo/WorkSpace/MyLeiden/Leiden.cpp:1191 (test_move_nodes_fast+0xc5d4)
    #4 <null> <null> (libgomp.so.1+0x1dc0d)

  Previous write of size 8 at 0x7ffd2222e4d8 by main thread:
    #0 std::_Vector_base<int, std::allocator<int> >::_Vector_impl_data::_Vector_impl_data() /usr/include/c++/11/bits/stl_vector.h:98 (test_move_nodes_fast+0xc87d)
    #1 std::_Vector_base<int, std::allocator<int> >::_Vector_impl::_Vector_impl() /usr/include/c++/11/bits/stl_vector.h:133 (test_move_nodes_fast+0xc87d)
    #2 std::_Vector_base<int, std::allocator<int> >::_Vector_base() /usr/include/c++/11/bits/stl_vector.h:288 (test_move_nodes_fast+0xc87d)
    #3 std::vector<int, std::allocator<int> >::vector() /usr/include/c++/11/bits/stl_vector.h:487 (test_move_nodes_fast+0xc87d)
    #4 LeidenPartition::LeidenPartition() /home/stomo/WorkSpace/MyLeiden/LeidenTypes.hpp:21 (test_move_nodes_fast+0xc87d)
    #5 MoveNodesFastResult::MoveNodesFastResult() /home/stomo/WorkSpace/MyLeiden/Leiden.hpp:11 (test_move_nodes_fast+0xc87d)
    #6 MoveNodesFastParallelStage4A(SimpleGraph const&, LeidenGraphStats const&, LeidenPartition, QualityFunction const&, unsigned long, unsigned long, LeidenOptions const*) /home/stomo/WorkSpace/MyLeiden/Leiden.cpp:1138 (test_move_nodes_fast+0xc87d)
    #7 RunStage4AAndCheck tests/test_move_nodes_fast.cpp:201 (test_move_nodes_fast+0x2b4c1)
    #8 TestStage4ABasicAndEdgeCases tests/test_move_nodes_fast.cpp:474 (test_move_nodes_fast+0x2b9bb)
    #9 main tests/test_move_nodes_fast.cpp:674 (test_move_nodes_fast+0x2e2c8)

  Location is stack of main thread.

  Location is global '<null>' at 0x000000000000 ([stack]+0x00000001f4d8)

  Thread T1 (tid=4, running) created by main thread at:
    #0 pthread_create ../../../../src/libsanitizer/tsan/tsan_interceptors_posix.cpp:969 (libtsan.so.0+0x605b8)
    #1 <null> <null> (libgomp.so.1+0x1e25f)
    #2 RunStage4AAndCheck tests/test_move_nodes_fast.cpp:201 (test_move_nodes_fast+0x2b4c1)
    #3 TestStage4ABasicAndEdgeCases tests/test_move_nodes_fast.cpp:464 (test_move_nodes_fast+0x2b7d4)
    #4 main tests/test_move_nodes_fast.cpp:674 (test_move_nodes_fast+0x2e2c8)

SUMMARY: ThreadSanitizer: data race /usr/include/c++/11/bits/stl_vector.h:919 in std::vector<int, std::allocator<int> >::size() const
==================
==================
WARNING: ThreadSanitizer: data race (pid=2)
  Read of size 8 at 0x7ffd2222e508 by thread T1:
    #0 std::vector<double, std::allocator<double> >::size() const /usr/include/c++/11/bits/stl_vector.h:919 (test_move_nodes_fast+0x4384)
    #1 ValidatePartitionSize /home/stomo/WorkSpace/MyLeiden/QualityFunction.cpp:38 (test_move_nodes_fast+0x4384)
    #2 BuildNeighborCommunityWeights(SimpleGraph const&, LeidenPartition const&, int, NeighborCommunityScratch&) /home/stomo/WorkSpace/MyLeiden/QualityFunction.cpp:170 (test_move_nodes_fast+0x63ac)
    #3 MoveNodesFastParallelStage4A(SimpleGraph const&, LeidenGraphStats const&, LeidenPartition, QualityFunction const&, unsigned long, unsigned long, LeidenOptions const*) [clone ._omp_fn.0] /home/stomo/WorkSpace/MyLeiden/Leiden.cpp:1191 (test_move_nodes_fast+0xc5d4)
    #4 <null> <null> (libgomp.so.1+0x1dc0d)

  Previous write of size 8 at 0x7ffd2222e508 by main thread:
    #0 std::_Vector_base<double, std::allocator<double> >::_Vector_impl_data::_Vector_impl_data() /usr/include/c++/11/bits/stl_vector.h:98 (test_move_nodes_fast+0xc8e3)
    #1 std::_Vector_base<double, std::allocator<double> >::_Vector_impl::_Vector_impl() /usr/include/c++/11/bits/stl_vector.h:133 (test_move_nodes_fast+0xc8e3)
    #2 std::_Vector_base<double, std::allocator<double> >::_Vector_base() /usr/include/c++/11/bits/stl_vector.h:288 (test_move_nodes_fast+0xc8e3)
    #3 std::vector<double, std::allocator<double> >::vector() /usr/include/c++/11/bits/stl_vector.h:487 (test_move_nodes_fast+0xc8e3)
    #4 LeidenPartition::LeidenPartition() /home/stomo/WorkSpace/MyLeiden/LeidenTypes.hpp:21 (test_move_nodes_fast+0xc8e3)
    #5 MoveNodesFastResult::MoveNodesFastResult() /home/stomo/WorkSpace/MyLeiden/Leiden.hpp:11 (test_move_nodes_fast+0xc8e3)
    #6 MoveNodesFastParallelStage4A(SimpleGraph const&, LeidenGraphStats const&, LeidenPartition, QualityFunction const&, unsigned long, unsigned long, LeidenOptions const*) /home/stomo/WorkSpace/MyLeiden/Leiden.cpp:1138 (test_move_nodes_fast+0xc8e3)
    #7 RunStage4AAndCheck tests/test_move_nodes_fast.cpp:201 (test_move_nodes_fast+0x2b4c1)
    #8 TestStage4ABasicAndEdgeCases tests/test_move_nodes_fast.cpp:474 (test_move_nodes_fast+0x2b9bb)
    #9 main tests/test_move_nodes_fast.cpp:674 (test_move_nodes_fast+0x2e2c8)

  Location is stack of main thread.

  Location is global '<null>' at 0x000000000000 ([stack]+0x00000001f508)

  Thread T1 (tid=4, running) created by main thread at:
    #0 pthread_create ../../../../src/libsanitizer/tsan/tsan_interceptors_posix.cpp:969 (libtsan.so.0+0x605b8)
    #1 <null> <null> (libgomp.so.1+0x1e25f)
    #2 RunStage4AAndCheck tests/test_move_nodes_fast.cpp:201 (test_move_nodes_fast+0x2b4c1)
    #3 TestStage4ABasicAndEdgeCases tests/test_move_nodes_fast.cpp:464 (test_move_nodes_fast+0x2b7d4)
    #4 main tests/test_move_nodes_fast.cpp:674 (test_move_nodes_fast+0x2e2c8)

SUMMARY: ThreadSanitizer: data race /usr/include/c++/11/bits/stl_vector.h:919 in std::vector<double, std::allocator<double> >::size() const
==================
==================
WARNING: ThreadSanitizer: data race (pid=2)
  Read of size 8 at 0x7ffd2222e4f0 by thread T2:
    #0 std::vector<double, std::allocator<double> >::size() const /usr/include/c++/11/bits/stl_vector.h:919 (test_move_nodes_fast+0xc072)
    #1 MoveNodesFastParallelStage4A(SimpleGraph const&, LeidenGraphStats const&, LeidenPartition, QualityFunction const&, unsigned long, unsigned long, LeidenOptions const*) [clone ._omp_fn.0] /home/stomo/WorkSpace/MyLeiden/Leiden.cpp:1172 (test_move_nodes_fast+0xc072)
    #2 <null> <null> (libgomp.so.1+0x1dc0d)

  Previous write of size 8 at 0x7ffd2222e4f0 by main thread:
    #0 std::_Vector_base<double, std::allocator<double> >::_Vector_impl_data::_Vector_impl_data() /usr/include/c++/11/bits/stl_vector.h:98 (test_move_nodes_fast+0xc8b0)
    #1 std::_Vector_base<double, std::allocator<double> >::_Vector_impl::_Vector_impl() /usr/include/c++/11/bits/stl_vector.h:133 (test_move_nodes_fast+0xc8b0)
    #2 std::_Vector_base<double, std::allocator<double> >::_Vector_base() /usr/include/c++/11/bits/stl_vector.h:288 (test_move_nodes_fast+0xc8b0)
    #3 std::vector<double, std::allocator<double> >::vector() /usr/include/c++/11/bits/stl_vector.h:487 (test_move_nodes_fast+0xc8b0)
    #4 LeidenPartition::LeidenPartition() /home/stomo/WorkSpace/MyLeiden/LeidenTypes.hpp:21 (test_move_nodes_fast+0xc8b0)
    #5 MoveNodesFastResult::MoveNodesFastResult() /home/stomo/WorkSpace/MyLeiden/Leiden.hpp:11 (test_move_nodes_fast+0xc8b0)
    #6 MoveNodesFastParallelStage4A(SimpleGraph const&, LeidenGraphStats const&, LeidenPartition, QualityFunction const&, unsigned long, unsigned long, LeidenOptions const*) /home/stomo/WorkSpace/MyLeiden/Leiden.cpp:1138 (test_move_nodes_fast+0xc8b0)
    #7 RunStage4AAndCheck tests/test_move_nodes_fast.cpp:201 (test_move_nodes_fast+0x2b4c1)
    #8 TestStage4ABasicAndEdgeCases tests/test_move_nodes_fast.cpp:474 (test_move_nodes_fast+0x2b9bb)
    #9 main tests/test_move_nodes_fast.cpp:674 (test_move_nodes_fast+0x2e2c8)

  Location is stack of main thread.

  Location is global '<null>' at 0x000000000000 ([stack]+0x00000001f4f0)

  Thread T2 (tid=5, running) created by main thread at:
    #0 pthread_create ../../../../src/libsanitizer/tsan/tsan_interceptors_posix.cpp:969 (libtsan.so.0+0x605b8)
    #1 <null> <null> (libgomp.so.1+0x1e25f)
    #2 RunStage4AAndCheck tests/test_move_nodes_fast.cpp:201 (test_move_nodes_fast+0x2b4c1)
    #3 TestStage4ABasicAndEdgeCases tests/test_move_nodes_fast.cpp:464 (test_move_nodes_fast+0x2b7d4)
    #4 main tests/test_move_nodes_fast.cpp:674 (test_move_nodes_fast+0x2e2c8)

SUMMARY: ThreadSanitizer: data race /usr/include/c++/11/bits/stl_vector.h:919 in std::vector<double, std::allocator<double> >::size() const
==================
==================
WARNING: ThreadSanitizer: data race (pid=2)
  Read of size 8 at 0x7ffd2222e500 by thread T1:
    #0 std::vector<double, std::allocator<double> >::size() const /usr/include/c++/11/bits/stl_vector.h:919 (test_move_nodes_fast+0x4390)
    #1 ValidatePartitionSize /home/stomo/WorkSpace/MyLeiden/QualityFunction.cpp:38 (test_move_nodes_fast+0x4390)
    #2 BuildNeighborCommunityWeights(SimpleGraph const&, LeidenPartition const&, int, NeighborCommunityScratch&) /home/stomo/WorkSpace/MyLeiden/QualityFunction.cpp:170 (test_move_nodes_fast+0x63ac)
    #3 MoveNodesFastParallelStage4A(SimpleGraph const&, LeidenGraphStats const&, LeidenPartition, QualityFunction const&, unsigned long, unsigned long, LeidenOptions const*) [clone ._omp_fn.0] /home/stomo/WorkSpace/MyLeiden/Leiden.cpp:1191 (test_move_nodes_fast+0xc5d4)
    #4 <null> <null> (libgomp.so.1+0x1dc0d)

  Previous write of size 8 at 0x7ffd2222e500 by main thread:
    #0 std::_Vector_base<double, std::allocator<double> >::_Vector_impl_data::_Vector_impl_data() /usr/include/c++/11/bits/stl_vector.h:98 (test_move_nodes_fast+0xc8d2)
    #1 std::_Vector_base<double, std::allocator<double> >::_Vector_impl::_Vector_impl() /usr/include/c++/11/bits/stl_vector.h:133 (test_move_nodes_fast+0xc8d2)
    #2 std::_Vector_base<double, std::allocator<double> >::_Vector_base() /usr/include/c++/11/bits/stl_vector.h:288 (test_move_nodes_fast+0xc8d2)
    #3 std::vector<double, std::allocator<double> >::vector() /usr/include/c++/11/bits/stl_vector.h:487 (test_move_nodes_fast+0xc8d2)
    #4 LeidenPartition::LeidenPartition() /home/stomo/WorkSpace/MyLeiden/LeidenTypes.hpp:21 (test_move_nodes_fast+0xc8d2)
    #5 MoveNodesFastResult::MoveNodesFastResult() /home/stomo/WorkSpace/MyLeiden/Leiden.hpp:11 (test_move_nodes_fast+0xc8d2)
    #6 MoveNodesFastParallelStage4A(SimpleGraph const&, LeidenGraphStats const&, LeidenPartition, QualityFunction const&, unsigned long, unsigned long, LeidenOptions const*) /home/stomo/WorkSpace/MyLeiden/Leiden.cpp:1138 (test_move_nodes_fast+0xc8d2)
    #7 RunStage4AAndCheck tests/test_move_nodes_fast.cpp:201 (test_move_nodes_fast+0x2b4c1)
    #8 TestStage4ABasicAndEdgeCases tests/test_move_nodes_fast.cpp:474 (test_move_nodes_fast+0x2b9bb)
    #9 main tests/test_move_nodes_fast.cpp:674 (test_move_nodes_fast+0x2e2c8)

  Location is stack of main thread.

  Location is global '<null>' at 0x000000000000 ([stack]+0x00000001f500)

  Thread T1 (tid=4, running) created by main thread at:
    #0 pthread_create ../../../../src/libsanitizer/tsan/tsan_interceptors_posix.cpp:969 (libtsan.so.0+0x605b8)
    #1 <null> <null> (libgomp.so.1+0x1e25f)
    #2 RunStage4AAndCheck tests/test_move_nodes_fast.cpp:201 (test_move_nodes_fast+0x2b4c1)
    #3 TestStage4ABasicAndEdgeCases tests/test_move_nodes_fast.cpp:464 (test_move_nodes_fast+0x2b7d4)
    #4 main tests/test_move_nodes_fast.cpp:674 (test_move_nodes_fast+0x2e2c8)

SUMMARY: ThreadSanitizer: data race /usr/include/c++/11/bits/stl_vector.h:919 in std::vector<double, std::allocator<double> >::size() const
==================
==================
WARNING: ThreadSanitizer: data race (pid=2)
  Read of size 8 at 0x7ffd2222e520 by thread T1:
    #0 std::vector<double, std::allocator<double> >::size() const /usr/include/c++/11/bits/stl_vector.h:919 (test_move_nodes_fast+0x43aa)
    #1 ValidatePartitionSize /home/stomo/WorkSpace/MyLeiden/QualityFunction.cpp:39 (test_move_nodes_fast+0x43aa)
    #2 BuildNeighborCommunityWeights(SimpleGraph const&, LeidenPartition const&, int, NeighborCommunityScratch&) /home/stomo/WorkSpace/MyLeiden/QualityFunction.cpp:170 (test_move_nodes_fast+0x63ac)
    #3 MoveNodesFastParallelStage4A(SimpleGraph const&, LeidenGraphStats const&, LeidenPartition, QualityFunction const&, unsigned long, unsigned long, LeidenOptions const*) [clone ._omp_fn.0] /home/stomo/WorkSpace/MyLeiden/Leiden.cpp:1191 (test_move_nodes_fast+0xc5d4)
    #4 <null> <null> (libgomp.so.1+0x1dc0d)

  Previous write of size 8 at 0x7ffd2222e520 by main thread:
    #0 std::_Vector_base<double, std::allocator<double> >::_Vector_impl_data::_Vector_impl_data() /usr/include/c++/11/bits/stl_vector.h:98 (test_move_nodes_fast+0xc916)
    #1 std::_Vector_base<double, std::allocator<double> >::_Vector_impl::_Vector_impl() /usr/include/c++/11/bits/stl_vector.h:133 (test_move_nodes_fast+0xc916)
    #2 std::_Vector_base<double, std::allocator<double> >::_Vector_base() /usr/include/c++/11/bits/stl_vector.h:288 (test_move_nodes_fast+0xc916)
    #3 std::vector<double, std::allocator<double> >::vector() /usr/include/c++/11/bits/stl_vector.h:487 (test_move_nodes_fast+0xc916)
    #4 LeidenPartition::LeidenPartition() /home/stomo/WorkSpace/MyLeiden/LeidenTypes.hpp:21 (test_move_nodes_fast+0xc916)
    #5 MoveNodesFastResult::MoveNodesFastResult() /home/stomo/WorkSpace/MyLeiden/Leiden.hpp:11 (test_move_nodes_fast+0xc916)
    #6 MoveNodesFastParallelStage4A(SimpleGraph const&, LeidenGraphStats const&, LeidenPartition, QualityFunction const&, unsigned long, unsigned long, LeidenOptions const*) /home/stomo/WorkSpace/MyLeiden/Leiden.cpp:1138 (test_move_nodes_fast+0xc916)
    #7 RunStage4AAndCheck tests/test_move_nodes_fast.cpp:201 (test_move_nodes_fast+0x2b4c1)
    #8 TestStage4ABasicAndEdgeCases tests/test_move_nodes_fast.cpp:474 (test_move_nodes_fast+0x2b9bb)
    #9 main tests/test_move_nodes_fast.cpp:674 (test_move_nodes_fast+0x2e2c8)

  Location is stack of main thread.

  Location is global '<null>' at 0x000000000000 ([stack]+0x00000001f520)

  Thread T1 (tid=4, running) created by main thread at:
    #0 pthread_create ../../../../src/libsanitizer/tsan/tsan_interceptors_posix.cpp:969 (libtsan.so.0+0x605b8)
    #1 <null> <null> (libgomp.so.1+0x1e25f)
    #2 RunStage4AAndCheck tests/test_move_nodes_fast.cpp:201 (test_move_nodes_fast+0x2b4c1)
    #3 TestStage4ABasicAndEdgeCases tests/test_move_nodes_fast.cpp:464 (test_move_nodes_fast+0x2b7d4)
    #4 main tests/test_move_nodes_fast.cpp:674 (test_move_nodes_fast+0x2e2c8)

SUMMARY: ThreadSanitizer: data race /usr/include/c++/11/bits/stl_vector.h:919 in std::vector<double, std::allocator<double> >::size() const
==================
==================
WARNING: ThreadSanitizer: data race (pid=2)
  Read of size 8 at 0x7ffd2222e518 by thread T1:
    #0 std::vector<double, std::allocator<double> >::size() const /usr/include/c++/11/bits/stl_vector.h:919 (test_move_nodes_fast+0x43b6)
    #1 ValidatePartitionSize /home/stomo/WorkSpace/MyLeiden/QualityFunction.cpp:39 (test_move_nodes_fast+0x43b6)
    #2 BuildNeighborCommunityWeights(SimpleGraph const&, LeidenPartition const&, int, NeighborCommunityScratch&) /home/stomo/WorkSpace/MyLeiden/QualityFunction.cpp:170 (test_move_nodes_fast+0x63ac)
    #3 MoveNodesFastParallelStage4A(SimpleGraph const&, LeidenGraphStats const&, LeidenPartition, QualityFunction const&, unsigned long, unsigned long, LeidenOptions const*) [clone ._omp_fn.0] /home/stomo/WorkSpace/MyLeiden/Leiden.cpp:1191 (test_move_nodes_fast+0xc5d4)
    #4 <null> <null> (libgomp.so.1+0x1dc0d)

  Previous write of size 8 at 0x7ffd2222e518 by main thread:
    #0 std::_Vector_base<double, std::allocator<double> >::_Vector_impl_data::_Vector_impl_data() /usr/include/c++/11/bits/stl_vector.h:98 (test_move_nodes_fast+0xc905)
    #1 std::_Vector_base<double, std::allocator<double> >::_Vector_impl::_Vector_impl() /usr/include/c++/11/bits/stl_vector.h:133 (test_move_nodes_fast+0xc905)
    #2 std::_Vector_base<double, std::allocator<double> >::_Vector_base() /usr/include/c++/11/bits/stl_vector.h:288 (test_move_nodes_fast+0xc905)
    #3 std::vector<double, std::allocator<double> >::vector() /usr/include/c++/11/bits/stl_vector.h:487 (test_move_nodes_fast+0xc905)
    #4 LeidenPartition::LeidenPartition() /home/stomo/WorkSpace/MyLeiden/LeidenTypes.hpp:21 (test_move_nodes_fast+0xc905)
    #5 MoveNodesFastResult::MoveNodesFastResult() /home/stomo/WorkSpace/MyLeiden/Leiden.hpp:11 (test_move_nodes_fast+0xc905)
    #6 MoveNodesFastParallelStage4A(SimpleGraph const&, LeidenGraphStats const&, LeidenPartition, QualityFunction const&, unsigned long, unsigned long, LeidenOptions const*) /home/stomo/WorkSpace/MyLeiden/Leiden.cpp:1138 (test_move_nodes_fast+0xc905)
    #7 RunStage4AAndCheck tests/test_move_nodes_fast.cpp:201 (test_move_nodes_fast+0x2b4c1)
    #8 TestStage4ABasicAndEdgeCases tests/test_move_nodes_fast.cpp:474 (test_move_nodes_fast+0x2b9bb)
    #9 main tests/test_move_nodes_fast.cpp:674 (test_move_nodes_fast+0x2e2c8)

  Location is stack of main thread.

  Location is global '<null>' at 0x000000000000 ([stack]+0x00000001f518)

  Thread T1 (tid=4, running) created by main thread at:
    #0 pthread_create ../../../../src/libsanitizer/tsan/tsan_interceptors_posix.cpp:969 (libtsan.so.0+0x605b8)
    #1 <null> <null> (libgomp.so.1+0x1e25f)
    #2 RunStage4AAndCheck tests/test_move_nodes_fast.cpp:201 (test_move_nodes_fast+0x2b4c1)
    #3 TestStage4ABasicAndEdgeCases tests/test_move_nodes_fast.cpp:464 (test_move_nodes_fast+0x2b7d4)
    #4 main tests/test_move_nodes_fast.cpp:674 (test_move_nodes_fast+0x2e2c8)

SUMMARY: ThreadSanitizer: data race /usr/include/c++/11/bits/stl_vector.h:919 in std::vector<double, std::allocator<double> >::size() const
==================
==================
WARNING: ThreadSanitizer: data race (pid=2)
  Read of size 8 at 0x7ffd2222e538 by thread T1:
    #0 std::vector<unsigned char, std::allocator<unsigned char> >::size() const /usr/include/c++/11/bits/stl_vector.h:919 (test_move_nodes_fast+0x43d0)
    #1 ValidatePartitionSize /home/stomo/WorkSpace/MyLeiden/QualityFunction.cpp:40 (test_move_nodes_fast+0x43d0)
    #2 BuildNeighborCommunityWeights(SimpleGraph const&, LeidenPartition const&, int, NeighborCommunityScratch&) /home/stomo/WorkSpace/MyLeiden/QualityFunction.cpp:170 (test_move_nodes_fast+0x63ac)
    #3 MoveNodesFastParallelStage4A(SimpleGraph const&, LeidenGraphStats const&, LeidenPartition, QualityFunction const&, unsigned long, unsigned long, LeidenOptions const*) [clone ._omp_fn.0] /home/stomo/WorkSpace/MyLeiden/Leiden.cpp:1191 (test_move_nodes_fast+0xc5d4)
    #4 <null> <null> (libgomp.so.1+0x1dc0d)

  Previous write of size 8 at 0x7ffd2222e538 by main thread:
    #0 std::_Vector_base<unsigned char, std::allocator<unsigned char> >::_Vector_impl_data::_Vector_impl_data() /usr/include/c++/11/bits/stl_vector.h:98 (test_move_nodes_fast+0xc949)
    #1 std::_Vector_base<unsigned char, std::allocator<unsigned char> >::_Vector_impl::_Vector_impl() /usr/include/c++/11/bits/stl_vector.h:133 (test_move_nodes_fast+0xc949)
    #2 std::_Vector_base<unsigned char, std::allocator<unsigned char> >::_Vector_base() /usr/include/c++/11/bits/stl_vector.h:288 (test_move_nodes_fast+0xc949)
    #3 std::vector<unsigned char, std::allocator<unsigned char> >::vector() /usr/include/c++/11/bits/stl_vector.h:487 (test_move_nodes_fast+0xc949)
    #4 LeidenPartition::LeidenPartition() /home/stomo/WorkSpace/MyLeiden/LeidenTypes.hpp:21 (test_move_nodes_fast+0xc949)
    #5 MoveNodesFastResult::MoveNodesFastResult() /home/stomo/WorkSpace/MyLeiden/Leiden.hpp:11 (test_move_nodes_fast+0xc949)
    #6 MoveNodesFastParallelStage4A(SimpleGraph const&, LeidenGraphStats const&, LeidenPartition, QualityFunction const&, unsigned long, unsigned long, LeidenOptions const*) /home/stomo/WorkSpace/MyLeiden/Leiden.cpp:1138 (test_move_nodes_fast+0xc949)
    #7 RunStage4AAndCheck tests/test_move_nodes_fast.cpp:201 (test_move_nodes_fast+0x2b4c1)
    #8 TestStage4ABasicAndEdgeCases tests/test_move_nodes_fast.cpp:474 (test_move_nodes_fast+0x2b9bb)
    #9 main tests/test_move_nodes_fast.cpp:674 (test_move_nodes_fast+0x2e2c8)

  Location is stack of main thread.

  Location is global '<null>' at 0x000000000000 ([stack]+0x00000001f538)

  Thread T1 (tid=4, running) created by main thread at:
    #0 pthread_create ../../../../src/libsanitizer/tsan/tsan_interceptors_posix.cpp:969 (libtsan.so.0+0x605b8)
    #1 <null> <null> (libgomp.so.1+0x1e25f)
    #2 RunStage4AAndCheck tests/test_move_nodes_fast.cpp:201 (test_move_nodes_fast+0x2b4c1)
    #3 TestStage4ABasicAndEdgeCases tests/test_move_nodes_fast.cpp:464 (test_move_nodes_fast+0x2b7d4)
    #4 main tests/test_move_nodes_fast.cpp:674 (test_move_nodes_fast+0x2e2c8)

SUMMARY: ThreadSanitizer: data race /usr/include/c++/11/bits/stl_vector.h:919 in std::vector<unsigned char, std::allocator<unsigned char> >::size() const
==================
==================
WARNING: ThreadSanitizer: data race (pid=2)
  Read of size 8 at 0x7ffd2222e530 by thread T1:
    #0 std::vector<unsigned char, std::allocator<unsigned char> >::size() const /usr/include/c++/11/bits/stl_vector.h:919 (test_move_nodes_fast+0x43dc)
    #1 ValidatePartitionSize /home/stomo/WorkSpace/MyLeiden/QualityFunction.cpp:40 (test_move_nodes_fast+0x43dc)
    #2 BuildNeighborCommunityWeights(SimpleGraph const&, LeidenPartition const&, int, NeighborCommunityScratch&) /home/stomo/WorkSpace/MyLeiden/QualityFunction.cpp:170 (test_move_nodes_fast+0x63ac)
    #3 MoveNodesFastParallelStage4A(SimpleGraph const&, LeidenGraphStats const&, LeidenPartition, QualityFunction const&, unsigned long, unsigned long, LeidenOptions const*) [clone ._omp_fn.0] /home/stomo/WorkSpace/MyLeiden/Leiden.cpp:1191 (test_move_nodes_fast+0xc5d4)
    #4 <null> <null> (libgomp.so.1+0x1dc0d)

  Previous write of size 8 at 0x7ffd2222e530 by main thread:
    #0 std::_Vector_base<unsigned char, std::allocator<unsigned char> >::_Vector_impl_data::_Vector_impl_data() /usr/include/c++/11/bits/stl_vector.h:98 (test_move_nodes_fast+0xc938)
    #1 std::_Vector_base<unsigned char, std::allocator<unsigned char> >::_Vector_impl::_Vector_impl() /usr/include/c++/11/bits/stl_vector.h:133 (test_move_nodes_fast+0xc938)
    #2 std::_Vector_base<unsigned char, std::allocator<unsigned char> >::_Vector_base() /usr/include/c++/11/bits/stl_vector.h:288 (test_move_nodes_fast+0xc938)
    #3 std::vector<unsigned char, std::allocator<unsigned char> >::vector() /usr/include/c++/11/bits/stl_vector.h:487 (test_move_nodes_fast+0xc938)
    #4 LeidenPartition::LeidenPartition() /home/stomo/WorkSpace/MyLeiden/LeidenTypes.hpp:21 (test_move_nodes_fast+0xc938)
    #5 MoveNodesFastResult::MoveNodesFastResult() /home/stomo/WorkSpace/MyLeiden/Leiden.hpp:11 (test_move_nodes_fast+0xc938)
    #6 MoveNodesFastParallelStage4A(SimpleGraph const&, LeidenGraphStats const&, LeidenPartition, QualityFunction const&, unsigned long, unsigned long, LeidenOptions const*) /home/stomo/WorkSpace/MyLeiden/Leiden.cpp:1138 (test_move_nodes_fast+0xc938)
    #7 RunStage4AAndCheck tests/test_move_nodes_fast.cpp:201 (test_move_nodes_fast+0x2b4c1)
    #8 TestStage4ABasicAndEdgeCases tests/test_move_nodes_fast.cpp:474 (test_move_nodes_fast+0x2b9bb)
    #9 main tests/test_move_nodes_fast.cpp:674 (test_move_nodes_fast+0x2e2c8)

  Location is stack of main thread.

  Location is global '<null>' at 0x000000000000 ([stack]+0x00000001f530)

  Thread T1 (tid=4, running) created by main thread at:
    #0 pthread_create ../../../../src/libsanitizer/tsan/tsan_interceptors_posix.cpp:969 (libtsan.so.0+0x605b8)
    #1 <null> <null> (libgomp.so.1+0x1e25f)
    #2 RunStage4AAndCheck tests/test_move_nodes_fast.cpp:201 (test_move_nodes_fast+0x2b4c1)
    #3 TestStage4ABasicAndEdgeCases tests/test_move_nodes_fast.cpp:464 (test_move_nodes_fast+0x2b7d4)
    #4 main tests/test_move_nodes_fast.cpp:674 (test_move_nodes_fast+0x2e2c8)

SUMMARY: ThreadSanitizer: data race /usr/include/c++/11/bits/stl_vector.h:919 in std::vector<unsigned char, std::allocator<unsigned char> >::size() const
==================
==================
WARNING: ThreadSanitizer: data race (pid=2)
  Read of size 4 at 0x7ffd2222e548 by thread T1:
    #0 ValidatePartitionSize /home/stomo/WorkSpace/MyLeiden/QualityFunction.cpp:43 (test_move_nodes_fast+0x43ee)
    #1 BuildNeighborCommunityWeights(SimpleGraph const&, LeidenPartition const&, int, NeighborCommunityScratch&) /home/stomo/WorkSpace/MyLeiden/QualityFunction.cpp:170 (test_move_nodes_fast+0x63ac)
    #2 MoveNodesFastParallelStage4A(SimpleGraph const&, LeidenGraphStats const&, LeidenPartition, QualityFunction const&, unsigned long, unsigned long, LeidenOptions const*) [clone ._omp_fn.0] /home/stomo/WorkSpace/MyLeiden/Leiden.cpp:1191 (test_move_nodes_fast+0xc5d4)
    #3 <null> <null> (libgomp.so.1+0x1dc0d)

  Previous write of size 4 at 0x7ffd2222e548 by main thread:
    #0 LeidenPartition::LeidenPartition() /home/stomo/WorkSpace/MyLeiden/LeidenTypes.hpp:21 (test_move_nodes_fast+0xc96b)
    #1 MoveNodesFastResult::MoveNodesFastResult() /home/stomo/WorkSpace/MyLeiden/Leiden.hpp:11 (test_move_nodes_fast+0xc96b)
    #2 MoveNodesFastParallelStage4A(SimpleGraph const&, LeidenGraphStats const&, LeidenPartition, QualityFunction const&, unsigned long, unsigned long, LeidenOptions const*) /home/stomo/WorkSpace/MyLeiden/Leiden.cpp:1138 (test_move_nodes_fast+0xc96b)
    #3 RunStage4AAndCheck tests/test_move_nodes_fast.cpp:201 (test_move_nodes_fast+0x2b4c1)
    #4 TestStage4ABasicAndEdgeCases tests/test_move_nodes_fast.cpp:474 (test_move_nodes_fast+0x2b9bb)
    #5 main tests/test_move_nodes_fast.cpp:674 (test_move_nodes_fast+0x2e2c8)

  Location is stack of main thread.

  Location is global '<null>' at 0x000000000000 ([stack]+0x00000001f548)

  Thread T1 (tid=4, running) created by main thread at:
    #0 pthread_create ../../../../src/libsanitizer/tsan/tsan_interceptors_posix.cpp:969 (libtsan.so.0+0x605b8)
    #1 <null> <null> (libgomp.so.1+0x1e25f)
    #2 RunStage4AAndCheck tests/test_move_nodes_fast.cpp:201 (test_move_nodes_fast+0x2b4c1)
    #3 TestStage4ABasicAndEdgeCases tests/test_move_nodes_fast.cpp:464 (test_move_nodes_fast+0x2b7d4)
    #4 main tests/test_move_nodes_fast.cpp:674 (test_move_nodes_fast+0x2e2c8)

SUMMARY: ThreadSanitizer: data race /home/stomo/WorkSpace/MyLeiden/QualityFunction.cpp:43 in ValidatePartitionSize
==================
==================
WARNING: ThreadSanitizer: data race (pid=2)
  Read of size 8 at 0x7b18000000c0 by thread T1:
    #0 __gnu_cxx::__normal_iterator<Edge const*, std::vector<Edge, std::allocator<Edge> > >::__normal_iterator(Edge const* const&) /usr/include/c++/11/bits/stl_iterator.h:1028 (test_move_nodes_fast+0x64d5)
    #1 std::vector<Edge, std::allocator<Edge> >::begin() const /usr/include/c++/11/bits/stl_vector.h:821 (test_move_nodes_fast+0x64d5)
    #2 BuildNeighborCommunityWeights(SimpleGraph const&, LeidenPartition const&, int, NeighborCommunityScratch&) /home/stomo/WorkSpace/MyLeiden/QualityFunction.cpp:186 (test_move_nodes_fast+0x64d5)
    #3 MoveNodesFastParallelStage4A(SimpleGraph const&, LeidenGraphStats const&, LeidenPartition, QualityFunction const&, unsigned long, unsigned long, LeidenOptions const*) [clone ._omp_fn.0] /home/stomo/WorkSpace/MyLeiden/Leiden.cpp:1191 (test_move_nodes_fast+0xc5d4)
    #4 <null> <null> (libgomp.so.1+0x1dc0d)

  Previous write of size 8 at 0x7b18000000c0 by main thread:
    #0 operator new(unsigned long) ../../../../src/libsanitizer/tsan/tsan_new_delete.cpp:64 (libtsan.so.0+0x8f162)
    #1 __gnu_cxx::new_allocator<std::vector<Edge, std::allocator<Edge> > >::allocate(unsigned long, void const*) /usr/include/c++/11/ext/new_allocator.h:127 (test_move_nodes_fast+0x2e408)
    #2 std::allocator_traits<std::allocator<std::vector<Edge, std::allocator<Edge> > > >::allocate(std::allocator<std::vector<Edge, std::allocator<Edge> > >&, unsigned long) /usr/include/c++/11/bits/alloc_traits.h:464 (test_move_nodes_fast+0x2e408)
    #3 std::_Vector_base<std::vector<Edge, std::allocator<Edge> >, std::allocator<std::vector<Edge, std::allocator<Edge> > > >::_M_allocate(unsigned long) /usr/include/c++/11/bits/stl_vector.h:346 (test_move_nodes_fast+0x2e408)
    #4 std::_Vector_base<std::vector<Edge, std::allocator<Edge> >, std::allocator<std::vector<Edge, std::allocator<Edge> > > >::_M_create_storage(unsigned long) /usr/include/c++/11/bits/stl_vector.h:361 (test_move_nodes_fast+0x2e408)
    #5 std::_Vector_base<std::vector<Edge, std::allocator<Edge> >, std::allocator<std::vector<Edge, std::allocator<Edge> > > >::_Vector_base(unsigned long, std::allocator<std::vector<Edge, std::allocator<Edge> > > const&) /usr/include/c++/11/bits/stl_vector.h:305 (test_move_nodes_fast+0x2e408)
    #6 std::vector<std::vector<Edge, std::allocator<Edge> >, std::allocator<std::vector<Edge, std::allocator<Edge> > > >::vector(unsigned long, std::allocator<std::vector<Edge, std::allocator<Edge> > > const&) /usr/include/c++/11/bits/stl_vector.h:511 (test_move_nodes_fast+0x2e408)
    #7 SimpleGraph::SimpleGraph(int) common/Types.hpp:16 (test_move_nodes_fast+0x2e408)
    #8 MakeGraph(int) common/Types.hpp:27 (test_move_nodes_fast+0x26240)
    #9 MakeSelfLoopGraph tests/test_move_nodes_fast.cpp:242 (test_move_nodes_fast+0x26240)
    #10 TestStage4ABasicAndEdgeCases tests/test_move_nodes_fast.cpp:475 (test_move_nodes_fast+0x2b978)
    #11 main tests/test_move_nodes_fast.cpp:674 (test_move_nodes_fast+0x2e2c8)

  Location is heap block of size 96 at 0x7b18000000c0 allocated by main thread:
    #0 operator new(unsigned long) ../../../../src/libsanitizer/tsan/tsan_new_delete.cpp:64 (libtsan.so.0+0x8f162)
    #1 __gnu_cxx::new_allocator<std::vector<Edge, std::allocator<Edge> > >::allocate(unsigned long, void const*) /usr/include/c++/11/ext/new_allocator.h:127 (test_move_nodes_fast+0x2e408)
    #2 std::allocator_traits<std::allocator<std::vector<Edge, std::allocator<Edge> > > >::allocate(std::allocator<std::vector<Edge, std::allocator<Edge> > >&, unsigned long) /usr/include/c++/11/bits/alloc_traits.h:464 (test_move_nodes_fast+0x2e408)
    #3 std::_Vector_base<std::vector<Edge, std::allocator<Edge> >, std::allocator<std::vector<Edge, std::allocator<Edge> > > >::_M_allocate(unsigned long) /usr/include/c++/11/bits/stl_vector.h:346 (test_move_nodes_fast+0x2e408)
    #4 std::_Vector_base<std::vector<Edge, std::allocator<Edge> >, std::allocator<std::vector<Edge, std::allocator<Edge> > > >::_M_create_storage(unsigned long) /usr/include/c++/11/bits/stl_vector.h:361 (test_move_nodes_fast+0x2e408)
    #5 std::_Vector_base<std::vector<Edge, std::allocator<Edge> >, std::allocator<std::vector<Edge, std::allocator<Edge> > > >::_Vector_base(unsigned long, std::allocator<std::vector<Edge, std::allocator<Edge> > > const&) /usr/include/c++/11/bits/stl_vector.h:305 (test_move_nodes_fast+0x2e408)
    #6 std::vector<std::vector<Edge, std::allocator<Edge> >, std::allocator<std::vector<Edge, std::allocator<Edge> > > >::vector(unsigned long, std::allocator<std::vector<Edge, std::allocator<Edge> > > const&) /usr/include/c++/11/bits/stl_vector.h:511 (test_move_nodes_fast+0x2e408)
    #7 SimpleGraph::SimpleGraph(int) common/Types.hpp:16 (test_move_nodes_fast+0x2e408)
    #8 MakeGraph(int) common/Types.hpp:27 (test_move_nodes_fast+0x26240)
    #9 MakeSelfLoopGraph tests/test_move_nodes_fast.cpp:242 (test_move_nodes_fast+0x26240)
    #10 TestStage4ABasicAndEdgeCases tests/test_move_nodes_fast.cpp:475 (test_move_nodes_fast+0x2b978)
    #11 main tests/test_move_nodes_fast.cpp:674 (test_move_nodes_fast+0x2e2c8)

  Thread T1 (tid=4, running) created by main thread at:
    #0 pthread_create ../../../../src/libsanitizer/tsan/tsan_interceptors_posix.cpp:969 (libtsan.so.0+0x605b8)
    #1 <null> <null> (libgomp.so.1+0x1e25f)
    #2 RunStage4AAndCheck tests/test_move_nodes_fast.cpp:201 (test_move_nodes_fast+0x2b4c1)
    #3 TestStage4ABasicAndEdgeCases tests/test_move_nodes_fast.cpp:464 (test_move_nodes_fast+0x2b7d4)
    #4 main tests/test_move_nodes_fast.cpp:674 (test_move_nodes_fast+0x2e2c8)

SUMMARY: ThreadSanitizer: data race /usr/include/c++/11/bits/stl_iterator.h:1028 in __gnu_cxx::__normal_iterator<Edge const*, std::vector<Edge, std::allocator<Edge> > >::__normal_iterator(Edge const* const&)
==================
==================
WARNING: ThreadSanitizer: data race (pid=2)
  Read of size 8 at 0x7b18000000c8 by thread T1:
    #0 __gnu_cxx::__normal_iterator<Edge const*, std::vector<Edge, std::allocator<Edge> > >::__normal_iterator(Edge const* const&) /usr/include/c++/11/bits/stl_iterator.h:1028 (test_move_nodes_fast+0x64e1)
    #1 std::vector<Edge, std::allocator<Edge> >::end() const /usr/include/c++/11/bits/stl_vector.h:839 (test_move_nodes_fast+0x64e1)
    #2 BuildNeighborCommunityWeights(SimpleGraph const&, LeidenPartition const&, int, NeighborCommunityScratch&) /home/stomo/WorkSpace/MyLeiden/QualityFunction.cpp:186 (test_move_nodes_fast+0x64e1)
    #3 MoveNodesFastParallelStage4A(SimpleGraph const&, LeidenGraphStats const&, LeidenPartition, QualityFunction const&, unsigned long, unsigned long, LeidenOptions const*) [clone ._omp_fn.0] /home/stomo/WorkSpace/MyLeiden/Leiden.cpp:1191 (test_move_nodes_fast+0xc5d4)
    #4 <null> <null> (libgomp.so.1+0x1dc0d)

  Previous write of size 8 at 0x7b18000000c8 by main thread:
    #0 operator new(unsigned long) ../../../../src/libsanitizer/tsan/tsan_new_delete.cpp:64 (libtsan.so.0+0x8f162)
    #1 __gnu_cxx::new_allocator<std::vector<Edge, std::allocator<Edge> > >::allocate(unsigned long, void const*) /usr/include/c++/11/ext/new_allocator.h:127 (test_move_nodes_fast+0x2e408)
    #2 std::allocator_traits<std::allocator<std::vector<Edge, std::allocator<Edge> > > >::allocate(std::allocator<std::vector<Edge, std::allocator<Edge> > >&, unsigned long) /usr/include/c++/11/bits/alloc_traits.h:464 (test_move_nodes_fast+0x2e408)
    #3 std::_Vector_base<std::vector<Edge, std::allocator<Edge> >, std::allocator<std::vector<Edge, std::allocator<Edge> > > >::_M_allocate(unsigned long) /usr/include/c++/11/bits/stl_vector.h:346 (test_move_nodes_fast+0x2e408)
    #4 std::_Vector_base<std::vector<Edge, std::allocator<Edge> >, std::allocator<std::vector<Edge, std::allocator<Edge> > > >::_M_create_storage(unsigned long) /usr/include/c++/11/bits/stl_vector.h:361 (test_move_nodes_fast+0x2e408)
    #5 std::_Vector_base<std::vector<Edge, std::allocator<Edge> >, std::allocator<std::vector<Edge, std::allocator<Edge> > > >::_Vector_base(unsigned long, std::allocator<std::vector<Edge, std::allocator<Edge> > > const&) /usr/include/c++/11/bits/stl_vector.h:305 (test_move_nodes_fast+0x2e408)
    #6 std::vector<std::vector<Edge, std::allocator<Edge> >, std::allocator<std::vector<Edge, std::allocator<Edge> > > >::vector(unsigned long, std::allocator<std::vector<Edge, std::allocator<Edge> > > const&) /usr/include/c++/11/bits/stl_vector.h:511 (test_move_nodes_fast+0x2e408)
    #7 SimpleGraph::SimpleGraph(int) common/Types.hpp:16 (test_move_nodes_fast+0x2e408)
    #8 MakeGraph(int) common/Types.hpp:27 (test_move_nodes_fast+0x26240)
    #9 MakeSelfLoopGraph tests/test_move_nodes_fast.cpp:242 (test_move_nodes_fast+0x26240)
    #10 TestStage4ABasicAndEdgeCases tests/test_move_nodes_fast.cpp:475 (test_move_nodes_fast+0x2b978)
    #11 main tests/test_move_nodes_fast.cpp:674 (test_move_nodes_fast+0x2e2c8)

  Location is heap block of size 96 at 0x7b18000000c0 allocated by main thread:
    #0 operator new(unsigned long) ../../../../src/libsanitizer/tsan/tsan_new_delete.cpp:64 (libtsan.so.0+0x8f162)
    #1 __gnu_cxx::new_allocator<std::vector<Edge, std::allocator<Edge> > >::allocate(unsigned long, void const*) /usr/include/c++/11/ext/new_allocator.h:127 (test_move_nodes_fast+0x2e408)
    #2 std::allocator_traits<std::allocator<std::vector<Edge, std::allocator<Edge> > > >::allocate(std::allocator<std::vector<Edge, std::allocator<Edge> > >&, unsigned long) /usr/include/c++/11/bits/alloc_traits.h:464 (test_move_nodes_fast+0x2e408)
    #3 std::_Vector_base<std::vector<Edge, std::allocator<Edge> >, std::allocator<std::vector<Edge, std::allocator<Edge> > > >::_M_allocate(unsigned long) /usr/include/c++/11/bits/stl_vector.h:346 (test_move_nodes_fast+0x2e408)
    #4 std::_Vector_base<std::vector<Edge, std::allocator<Edge> >, std::allocator<std::vector<Edge, std::allocator<Edge> > > >::_M_create_storage(unsigned long) /usr/include/c++/11/bits/stl_vector.h:361 (test_move_nodes_fast+0x2e408)
    #5 std::_Vector_base<std::vector<Edge, std::allocator<Edge> >, std::allocator<std::vector<Edge, std::allocator<Edge> > > >::_Vector_base(unsigned long, std::allocator<std::vector<Edge, std::allocator<Edge> > > const&) /usr/include/c++/11/bits/stl_vector.h:305 (test_move_nodes_fast+0x2e408)
    #6 std::vector<std::vector<Edge, std::allocator<Edge> >, std::allocator<std::vector<Edge, std::allocator<Edge> > > >::vector(unsigned long, std::allocator<std::vector<Edge, std::allocator<Edge> > > const&) /usr/include/c++/11/bits/stl_vector.h:511 (test_move_nodes_fast+0x2e408)
    #7 SimpleGraph::SimpleGraph(int) common/Types.hpp:16 (test_move_nodes_fast+0x2e408)
    #8 MakeGraph(int) common/Types.hpp:27 (test_move_nodes_fast+0x26240)
    #9 MakeSelfLoopGraph tests/test_move_nodes_fast.cpp:242 (test_move_nodes_fast+0x26240)
    #10 TestStage4ABasicAndEdgeCases tests/test_move_nodes_fast.cpp:475 (test_move_nodes_fast+0x2b978)
    #11 main tests/test_move_nodes_fast.cpp:674 (test_move_nodes_fast+0x2e2c8)

  Thread T1 (tid=4, running) created by main thread at:
    #0 pthread_create ../../../../src/libsanitizer/tsan/tsan_interceptors_posix.cpp:969 (libtsan.so.0+0x605b8)
    #1 <null> <null> (libgomp.so.1+0x1e25f)
    #2 RunStage4AAndCheck tests/test_move_nodes_fast.cpp:201 (test_move_nodes_fast+0x2b4c1)
    #3 TestStage4ABasicAndEdgeCases tests/test_move_nodes_fast.cpp:464 (test_move_nodes_fast+0x2b7d4)
    #4 main tests/test_move_nodes_fast.cpp:674 (test_move_nodes_fast+0x2e2c8)

SUMMARY: ThreadSanitizer: data race /usr/include/c++/11/bits/stl_iterator.h:1028 in __gnu_cxx::__normal_iterator<Edge const*, std::vector<Edge, std::allocator<Edge> > >::__normal_iterator(Edge const* const&)
==================
==================
WARNING: ThreadSanitizer: data race (pid=2)
  Read of size 8 at 0x7b0800000040 by thread T1:
    #0 ModularityQualityFunction::deltaMoveFromWeights(LeidenGraphStats const&, LeidenPartition const&, int, int, double, double) const /home/stomo/WorkSpace/MyLeiden/QualityFunction.cpp:721 (test_move_nodes_fast+0x4a5b)
    #1 MoveNodesFastParallelStage4A(SimpleGraph const&, LeidenGraphStats const&, LeidenPartition, QualityFunction const&, unsigned long, unsigned long, LeidenOptions const*) [clone ._omp_fn.0] /home/stomo/WorkSpace/MyLeiden/Leiden.cpp:1206 (test_move_nodes_fast+0xc39e)
    #2 <null> <null> (libgomp.so.1+0x1dc0d)

  Previous write of size 8 at 0x7b0800000040 by main thread:
    #0 operator new(unsigned long) ../../../../src/libsanitizer/tsan/tsan_new_delete.cpp:64 (libtsan.so.0+0x8f162)
    #1 __gnu_cxx::new_allocator<double>::allocate(unsigned long, void const*) /usr/include/c++/11/ext/new_allocator.h:127 (test_move_nodes_fast+0x2e920)
    #2 std::allocator_traits<std::allocator<double> >::allocate(std::allocator<double>&, unsigned long) /usr/include/c++/11/bits/alloc_traits.h:464 (test_move_nodes_fast+0x2e920)
    #3 std::_Vector_base<double, std::allocator<double> >::_M_allocate(unsigned long) /usr/include/c++/11/bits/stl_vector.h:346 (test_move_nodes_fast+0x2e920)
    #4 std::_Vector_base<double, std::allocator<double> >::_M_create_storage(unsigned long) /usr/include/c++/11/bits/stl_vector.h:361 (test_move_nodes_fast+0x2e920)
    #5 std::_Vector_base<double, std::allocator<double> >::_Vector_base(unsigned long, std::allocator<double> const&) /usr/include/c++/11/bits/stl_vector.h:305 (test_move_nodes_fast+0x2e920)
    #6 std::vector<double, std::allocator<double> >::vector(std::vector<double, std::allocator<double> > const&) /usr/include/c++/11/bits/stl_vector.h:555 (test_move_nodes_fast+0x2e920)
    #7 LeidenPartition::LeidenPartition(LeidenPartition const&) LeidenTypes.hpp:21 (test_move_nodes_fast+0x2e920)
    #8 RunStage4AAndCheck tests/test_move_nodes_fast.cpp:201 (test_move_nodes_fast+0x2b499)
    #9 TestStage4ABasicAndEdgeCases tests/test_move_nodes_fast.cpp:474 (test_move_nodes_fast+0x2b9bb)
    #10 main tests/test_move_nodes_fast.cpp:674 (test_move_nodes_fast+0x2e2c8)

  Location is heap block of size 32 at 0x7b0800000040 allocated by main thread:
    #0 operator new(unsigned long) ../../../../src/libsanitizer/tsan/tsan_new_delete.cpp:64 (libtsan.so.0+0x8f162)
    #1 __gnu_cxx::new_allocator<double>::allocate(unsigned long, void const*) /usr/include/c++/11/ext/new_allocator.h:127 (test_move_nodes_fast+0x2e920)
    #2 std::allocator_traits<std::allocator<double> >::allocate(std::allocator<double>&, unsigned long) /usr/include/c++/11/bits/alloc_traits.h:464 (test_move_nodes_fast+0x2e920)
    #3 std::_Vector_base<double, std::allocator<double> >::_M_allocate(unsigned long) /usr/include/c++/11/bits/stl_vector.h:346 (test_move_nodes_fast+0x2e920)
    #4 std::_Vector_base<double, std::allocator<double> >::_M_create_storage(unsigned long) /usr/include/c++/11/bits/stl_vector.h:361 (test_move_nodes_fast+0x2e920)
    #5 std::_Vector_base<double, std::allocator<double> >::_Vector_base(unsigned long, std::allocator<double> const&) /usr/include/c++/11/bits/stl_vector.h:305 (test_move_nodes_fast+0x2e920)
    #6 std::vector<double, std::allocator<double> >::vector(std::vector<double, std::allocator<double> > const&) /usr/include/c++/11/bits/stl_vector.h:555 (test_move_nodes_fast+0x2e920)
    #7 LeidenPartition::LeidenPartition(LeidenPartition const&) LeidenTypes.hpp:21 (test_move_nodes_fast+0x2e920)
    #8 RunStage4AAndCheck tests/test_move_nodes_fast.cpp:201 (test_move_nodes_fast+0x2b499)
    #9 TestStage4ABasicAndEdgeCases tests/test_move_nodes_fast.cpp:474 (test_move_nodes_fast+0x2b9bb)
    #10 main tests/test_move_nodes_fast.cpp:674 (test_move_nodes_fast+0x2e2c8)

  Thread T1 (tid=4, running) created by main thread at:
    #0 pthread_create ../../../../src/libsanitizer/tsan/tsan_interceptors_posix.cpp:969 (libtsan.so.0+0x605b8)
    #1 <null> <null> (libgomp.so.1+0x1e25f)
    #2 RunStage4AAndCheck tests/test_move_nodes_fast.cpp:201 (test_move_nodes_fast+0x2b4c1)
    #3 TestStage4ABasicAndEdgeCases tests/test_move_nodes_fast.cpp:464 (test_move_nodes_fast+0x2b7d4)
    #4 main tests/test_move_nodes_fast.cpp:674 (test_move_nodes_fast+0x2e2c8)

SUMMARY: ThreadSanitizer: data race /home/stomo/WorkSpace/MyLeiden/QualityFunction.cpp:721 in ModularityQualityFunction::deltaMoveFromWeights(LeidenGraphStats const&, LeidenPartition const&, int, int, double, double) const
==================
==================
WARNING: ThreadSanitizer: data race (pid=2)
  Read of size 8 at 0x7b0800000048 by thread T1:
    #0 ModularityQualityFunction::deltaMoveFromWeights(LeidenGraphStats const&, LeidenPartition const&, int, int, double, double) const /home/stomo/WorkSpace/MyLeiden/QualityFunction.cpp:724 (test_move_nodes_fast+0x4a9a)
    #1 MoveNodesFastParallelStage4A(SimpleGraph const&, LeidenGraphStats const&, LeidenPartition, QualityFunction const&, unsigned long, unsigned long, LeidenOptions const*) [clone ._omp_fn.0] /home/stomo/WorkSpace/MyLeiden/Leiden.cpp:1206 (test_move_nodes_fast+0xc39e)
    #2 <null> <null> (libgomp.so.1+0x1dc0d)

  Previous write of size 8 at 0x7b0800000048 by main thread:
    #0 operator new(unsigned long) ../../../../src/libsanitizer/tsan/tsan_new_delete.cpp:64 (libtsan.so.0+0x8f162)
    #1 __gnu_cxx::new_allocator<double>::allocate(unsigned long, void const*) /usr/include/c++/11/ext/new_allocator.h:127 (test_move_nodes_fast+0x2e920)
    #2 std::allocator_traits<std::allocator<double> >::allocate(std::allocator<double>&, unsigned long) /usr/include/c++/11/bits/alloc_traits.h:464 (test_move_nodes_fast+0x2e920)
    #3 std::_Vector_base<double, std::allocator<double> >::_M_allocate(unsigned long) /usr/include/c++/11/bits/stl_vector.h:346 (test_move_nodes_fast+0x2e920)
    #4 std::_Vector_base<double, std::allocator<double> >::_M_create_storage(unsigned long) /usr/include/c++/11/bits/stl_vector.h:361 (test_move_nodes_fast+0x2e920)
    #5 std::_Vector_base<double, std::allocator<double> >::_Vector_base(unsigned long, std::allocator<double> const&) /usr/include/c++/11/bits/stl_vector.h:305 (test_move_nodes_fast+0x2e920)
    #6 std::vector<double, std::allocator<double> >::vector(std::vector<double, std::allocator<double> > const&) /usr/include/c++/11/bits/stl_vector.h:555 (test_move_nodes_fast+0x2e920)
    #7 LeidenPartition::LeidenPartition(LeidenPartition const&) LeidenTypes.hpp:21 (test_move_nodes_fast+0x2e920)
    #8 RunStage4AAndCheck tests/test_move_nodes_fast.cpp:201 (test_move_nodes_fast+0x2b499)
    #9 TestStage4ABasicAndEdgeCases tests/test_move_nodes_fast.cpp:474 (test_move_nodes_fast+0x2b9bb)
    #10 main tests/test_move_nodes_fast.cpp:674 (test_move_nodes_fast+0x2e2c8)

  Location is heap block of size 32 at 0x7b0800000040 allocated by main thread:
    #0 operator new(unsigned long) ../../../../src/libsanitizer/tsan/tsan_new_delete.cpp:64 (libtsan.so.0+0x8f162)
    #1 __gnu_cxx::new_allocator<double>::allocate(unsigned long, void const*) /usr/include/c++/11/ext/new_allocator.h:127 (test_move_nodes_fast+0x2e920)
    #2 std::allocator_traits<std::allocator<double> >::allocate(std::allocator<double>&, unsigned long) /usr/include/c++/11/bits/alloc_traits.h:464 (test_move_nodes_fast+0x2e920)
    #3 std::_Vector_base<double, std::allocator<double> >::_M_allocate(unsigned long) /usr/include/c++/11/bits/stl_vector.h:346 (test_move_nodes_fast+0x2e920)
    #4 std::_Vector_base<double, std::allocator<double> >::_M_create_storage(unsigned long) /usr/include/c++/11/bits/stl_vector.h:361 (test_move_nodes_fast+0x2e920)
    #5 std::_Vector_base<double, std::allocator<double> >::_Vector_base(unsigned long, std::allocator<double> const&) /usr/include/c++/11/bits/stl_vector.h:305 (test_move_nodes_fast+0x2e920)
    #6 std::vector<double, std::allocator<double> >::vector(std::vector<double, std::allocator<double> > const&) /usr/include/c++/11/bits/stl_vector.h:555 (test_move_nodes_fast+0x2e920)
    #7 LeidenPartition::LeidenPartition(LeidenPartition const&) LeidenTypes.hpp:21 (test_move_nodes_fast+0x2e920)
    #8 RunStage4AAndCheck tests/test_move_nodes_fast.cpp:201 (test_move_nodes_fast+0x2b499)
    #9 TestStage4ABasicAndEdgeCases tests/test_move_nodes_fast.cpp:474 (test_move_nodes_fast+0x2b9bb)
    #10 main tests/test_move_nodes_fast.cpp:674 (test_move_nodes_fast+0x2e2c8)

  Thread T1 (tid=4, running) created by main thread at:
    #0 pthread_create ../../../../src/libsanitizer/tsan/tsan_interceptors_posix.cpp:969 (libtsan.so.0+0x605b8)
    #1 <null> <null> (libgomp.so.1+0x1e25f)
    #2 RunStage4AAndCheck tests/test_move_nodes_fast.cpp:201 (test_move_nodes_fast+0x2b4c1)
    #3 TestStage4ABasicAndEdgeCases tests/test_move_nodes_fast.cpp:464 (test_move_nodes_fast+0x2b7d4)
    #4 main tests/test_move_nodes_fast.cpp:674 (test_move_nodes_fast+0x2e2c8)

SUMMARY: ThreadSanitizer: data race /home/stomo/WorkSpace/MyLeiden/QualityFunction.cpp:724 in ModularityQualityFunction::deltaMoveFromWeights(LeidenGraphStats const&, LeidenPartition const&, int, int, double, double) const
==================
==================
WARNING: ThreadSanitizer: data race (pid=2)
  Write of size 1 at 0x7b1800000000 by thread T1:
    #0 MoveNodesFastParallelStage4A(SimpleGraph const&, LeidenGraphStats const&, LeidenPartition, QualityFunction const&, unsigned long, unsigned long, LeidenOptions const*) [clone ._omp_fn.0] /home/stomo/WorkSpace/MyLeiden/Leiden.cpp:1245 (test_move_nodes_fast+0xc486)
    #1 <null> <null> (libgomp.so.1+0x1dc0d)

  Previous write of size 8 at 0x7b1800000000 by main thread:
    #0 operator new(unsigned long) ../../../../src/libsanitizer/tsan/tsan_new_delete.cpp:64 (libtsan.so.0+0x8f162)
    #1 allocate /usr/include/c++/11/ext/new_allocator.h:127 (test_move_nodes_fast+0xcbe1)
    #2 allocate /usr/include/c++/11/bits/alloc_traits.h:464 (test_move_nodes_fast+0xcbe1)
    #3 _M_allocate /usr/include/c++/11/bits/stl_vector.h:346 (test_move_nodes_fast+0xcbe1)
    #4 _M_create_storage /usr/include/c++/11/bits/stl_vector.h:361 (test_move_nodes_fast+0xcbe1)
    #5 _Vector_base /usr/include/c++/11/bits/stl_vector.h:305 (test_move_nodes_fast+0xcbe1)
    #6 vector /usr/include/c++/11/bits/stl_vector.h:511 (test_move_nodes_fast+0xcbe1)
    #7 MoveNodesFastParallelStage4A(SimpleGraph const&, LeidenGraphStats const&, LeidenPartition, QualityFunction const&, unsigned long, unsigned long, LeidenOptions const*) /home/stomo/WorkSpace/MyLeiden/Leiden.cpp:1145 (test_move_nodes_fast+0xcbe1)
    #8 RunStage4AAndCheck tests/test_move_nodes_fast.cpp:201 (test_move_nodes_fast+0x2b4c1)
    #9 TestStage4ABasicAndEdgeCases tests/test_move_nodes_fast.cpp:474 (test_move_nodes_fast+0x2b9bb)
    #10 main tests/test_move_nodes_fast.cpp:674 (test_move_nodes_fast+0x2e2c8)

  Location is heap block of size 96 at 0x7b1800000000 allocated by main thread:
    #0 operator new(unsigned long) ../../../../src/libsanitizer/tsan/tsan_new_delete.cpp:64 (libtsan.so.0+0x8f162)
    #1 allocate /usr/include/c++/11/ext/new_allocator.h:127 (test_move_nodes_fast+0xcbe1)
    #2 allocate /usr/include/c++/11/bits/alloc_traits.h:464 (test_move_nodes_fast+0xcbe1)
    #3 _M_allocate /usr/include/c++/11/bits/stl_vector.h:346 (test_move_nodes_fast+0xcbe1)
    #4 _M_create_storage /usr/include/c++/11/bits/stl_vector.h:361 (test_move_nodes_fast+0xcbe1)
    #5 _Vector_base /usr/include/c++/11/bits/stl_vector.h:305 (test_move_nodes_fast+0xcbe1)
    #6 vector /usr/include/c++/11/bits/stl_vector.h:511 (test_move_nodes_fast+0xcbe1)
    #7 MoveNodesFastParallelStage4A(SimpleGraph const&, LeidenGraphStats const&, LeidenPartition, QualityFunction const&, unsigned long, unsigned long, LeidenOptions const*) /home/stomo/WorkSpace/MyLeiden/Leiden.cpp:1145 (test_move_nodes_fast+0xcbe1)
    #8 RunStage4AAndCheck tests/test_move_nodes_fast.cpp:201 (test_move_nodes_fast+0x2b4c1)
    #9 TestStage4ABasicAndEdgeCases tests/test_move_nodes_fast.cpp:474 (test_move_nodes_fast+0x2b9bb)
    #10 main tests/test_move_nodes_fast.cpp:674 (test_move_nodes_fast+0x2e2c8)

  Thread T1 (tid=4, running) created by main thread at:
    #0 pthread_create ../../../../src/libsanitizer/tsan/tsan_interceptors_posix.cpp:969 (libtsan.so.0+0x605b8)
    #1 <null> <null> (libgomp.so.1+0x1e25f)
    #2 RunStage4AAndCheck tests/test_move_nodes_fast.cpp:201 (test_move_nodes_fast+0x2b4c1)
    #3 TestStage4ABasicAndEdgeCases tests/test_move_nodes_fast.cpp:464 (test_move_nodes_fast+0x2b7d4)
    #4 main tests/test_move_nodes_fast.cpp:674 (test_move_nodes_fast+0x2e2c8)

SUMMARY: ThreadSanitizer: data race /home/stomo/WorkSpace/MyLeiden/Leiden.cpp:1245 in MoveNodesFastParallelStage4A(SimpleGraph const&, LeidenGraphStats const&, LeidenPartition, QualityFunction const&, unsigned long, unsigned long, LeidenOptions const*) [clone ._omp_fn.0]
==================
==================
WARNING: ThreadSanitizer: data race (pid=2)
  Write of size 4 at 0x7b1800000008 by thread T1:
    #0 MoveNodesFastParallelStage4A(SimpleGraph const&, LeidenGraphStats const&, LeidenPartition, QualityFunction const&, unsigned long, unsigned long, LeidenOptions const*) [clone ._omp_fn.0] /home/stomo/WorkSpace/MyLeiden/Leiden.cpp:1245 (test_move_nodes_fast+0xc4b9)
    #1 <null> <null> (libgomp.so.1+0x1dc0d)

  Previous write of size 8 at 0x7b1800000008 by main thread:
    #0 operator new(unsigned long) ../../../../src/libsanitizer/tsan/tsan_new_delete.cpp:64 (libtsan.so.0+0x8f162)
    #1 allocate /usr/include/c++/11/ext/new_allocator.h:127 (test_move_nodes_fast+0xcbe1)
    #2 allocate /usr/include/c++/11/bits/alloc_traits.h:464 (test_move_nodes_fast+0xcbe1)
    #3 _M_allocate /usr/include/c++/11/bits/stl_vector.h:346 (test_move_nodes_fast+0xcbe1)
    #4 _M_create_storage /usr/include/c++/11/bits/stl_vector.h:361 (test_move_nodes_fast+0xcbe1)
    #5 _Vector_base /usr/include/c++/11/bits/stl_vector.h:305 (test_move_nodes_fast+0xcbe1)
    #6 vector /usr/include/c++/11/bits/stl_vector.h:511 (test_move_nodes_fast+0xcbe1)
    #7 MoveNodesFastParallelStage4A(SimpleGraph const&, LeidenGraphStats const&, LeidenPartition, QualityFunction const&, unsigned long, unsigned long, LeidenOptions const*) /home/stomo/WorkSpace/MyLeiden/Leiden.cpp:1145 (test_move_nodes_fast+0xcbe1)
    #8 RunStage4AAndCheck tests/test_move_nodes_fast.cpp:201 (test_move_nodes_fast+0x2b4c1)
    #9 TestStage4ABasicAndEdgeCases tests/test_move_nodes_fast.cpp:474 (test_move_nodes_fast+0x2b9bb)
    #10 main tests/test_move_nodes_fast.cpp:674 (test_move_nodes_fast+0x2e2c8)

  Location is heap block of size 96 at 0x7b1800000000 allocated by main thread:
    #0 operator new(unsigned long) ../../../../src/libsanitizer/tsan/tsan_new_delete.cpp:64 (libtsan.so.0+0x8f162)
    #1 allocate /usr/include/c++/11/ext/new_allocator.h:127 (test_move_nodes_fast+0xcbe1)
    #2 allocate /usr/include/c++/11/bits/alloc_traits.h:464 (test_move_nodes_fast+0xcbe1)
    #3 _M_allocate /usr/include/c++/11/bits/stl_vector.h:346 (test_move_nodes_fast+0xcbe1)
    #4 _M_create_storage /usr/include/c++/11/bits/stl_vector.h:361 (test_move_nodes_fast+0xcbe1)
    #5 _Vector_base /usr/include/c++/11/bits/stl_vector.h:305 (test_move_nodes_fast+0xcbe1)
    #6 vector /usr/include/c++/11/bits/stl_vector.h:511 (test_move_nodes_fast+0xcbe1)
    #7 MoveNodesFastParallelStage4A(SimpleGraph const&, LeidenGraphStats const&, LeidenPartition, QualityFunction const&, unsigned long, unsigned long, LeidenOptions const*) /home/stomo/WorkSpace/MyLeiden/Leiden.cpp:1145 (test_move_nodes_fast+0xcbe1)
    #8 RunStage4AAndCheck tests/test_move_nodes_fast.cpp:201 (test_move_nodes_fast+0x2b4c1)
    #9 TestStage4ABasicAndEdgeCases tests/test_move_nodes_fast.cpp:474 (test_move_nodes_fast+0x2b9bb)
    #10 main tests/test_move_nodes_fast.cpp:674 (test_move_nodes_fast+0x2e2c8)

  Thread T1 (tid=4, running) created by main thread at:
    #0 pthread_create ../../../../src/libsanitizer/tsan/tsan_interceptors_posix.cpp:969 (libtsan.so.0+0x605b8)
    #1 <null> <null> (libgomp.so.1+0x1e25f)
    #2 RunStage4AAndCheck tests/test_move_nodes_fast.cpp:201 (test_move_nodes_fast+0x2b4c1)
    #3 TestStage4ABasicAndEdgeCases tests/test_move_nodes_fast.cpp:464 (test_move_nodes_fast+0x2b7d4)
    #4 main tests/test_move_nodes_fast.cpp:674 (test_move_nodes_fast+0x2e2c8)

SUMMARY: ThreadSanitizer: data race /home/stomo/WorkSpace/MyLeiden/Leiden.cpp:1245 in MoveNodesFastParallelStage4A(SimpleGraph const&, LeidenGraphStats const&, LeidenPartition, QualityFunction const&, unsigned long, unsigned long, LeidenOptions const*) [clone ._omp_fn.0]
==================
==================
WARNING: ThreadSanitizer: data race (pid=2)
  Write of size 8 at 0x7b1800000010 by thread T1:
    #0 MoveNodesFastParallelStage4A(SimpleGraph const&, LeidenGraphStats const&, LeidenPartition, QualityFunction const&, unsigned long, unsigned long, LeidenOptions const*) [clone ._omp_fn.0] /home/stomo/WorkSpace/MyLeiden/Leiden.cpp:1245 (test_move_nodes_fast+0xc4dd)
    #1 <null> <null> (libgomp.so.1+0x1dc0d)

  Previous write of size 8 at 0x7b1800000010 by main thread:
    #0 operator new(unsigned long) ../../../../src/libsanitizer/tsan/tsan_new_delete.cpp:64 (libtsan.so.0+0x8f162)
    #1 allocate /usr/include/c++/11/ext/new_allocator.h:127 (test_move_nodes_fast+0xcbe1)
    #2 allocate /usr/include/c++/11/bits/alloc_traits.h:464 (test_move_nodes_fast+0xcbe1)
    #3 _M_allocate /usr/include/c++/11/bits/stl_vector.h:346 (test_move_nodes_fast+0xcbe1)
    #4 _M_create_storage /usr/include/c++/11/bits/stl_vector.h:361 (test_move_nodes_fast+0xcbe1)
    #5 _Vector_base /usr/include/c++/11/bits/stl_vector.h:305 (test_move_nodes_fast+0xcbe1)
    #6 vector /usr/include/c++/11/bits/stl_vector.h:511 (test_move_nodes_fast+0xcbe1)
    #7 MoveNodesFastParallelStage4A(SimpleGraph const&, LeidenGraphStats const&, LeidenPartition, QualityFunction const&, unsigned long, unsigned long, LeidenOptions const*) /home/stomo/WorkSpace/MyLeiden/Leiden.cpp:1145 (test_move_nodes_fast+0xcbe1)
    #8 RunStage4AAndCheck tests/test_move_nodes_fast.cpp:201 (test_move_nodes_fast+0x2b4c1)
    #9 TestStage4ABasicAndEdgeCases tests/test_move_nodes_fast.cpp:474 (test_move_nodes_fast+0x2b9bb)
    #10 main tests/test_move_nodes_fast.cpp:674 (test_move_nodes_fast+0x2e2c8)

  Location is heap block of size 96 at 0x7b1800000000 allocated by main thread:
    #0 operator new(unsigned long) ../../../../src/libsanitizer/tsan/tsan_new_delete.cpp:64 (libtsan.so.0+0x8f162)
    #1 allocate /usr/include/c++/11/ext/new_allocator.h:127 (test_move_nodes_fast+0xcbe1)
    #2 allocate /usr/include/c++/11/bits/alloc_traits.h:464 (test_move_nodes_fast+0xcbe1)
    #3 _M_allocate /usr/include/c++/11/bits/stl_vector.h:346 (test_move_nodes_fast+0xcbe1)
    #4 _M_create_storage /usr/include/c++/11/bits/stl_vector.h:361 (test_move_nodes_fast+0xcbe1)
    #5 _Vector_base /usr/include/c++/11/bits/stl_vector.h:305 (test_move_nodes_fast+0xcbe1)
    #6 vector /usr/include/c++/11/bits/stl_vector.h:511 (test_move_nodes_fast+0xcbe1)
    #7 MoveNodesFastParallelStage4A(SimpleGraph const&, LeidenGraphStats const&, LeidenPartition, QualityFunction const&, unsigned long, unsigned long, LeidenOptions const*) /home/stomo/WorkSpace/MyLeiden/Leiden.cpp:1145 (test_move_nodes_fast+0xcbe1)
    #8 RunStage4AAndCheck tests/test_move_nodes_fast.cpp:201 (test_move_nodes_fast+0x2b4c1)
    #9 TestStage4ABasicAndEdgeCases tests/test_move_nodes_fast.cpp:474 (test_move_nodes_fast+0x2b9bb)
    #10 main tests/test_move_nodes_fast.cpp:674 (test_move_nodes_fast+0x2e2c8)

  Thread T1 (tid=4, running) created by main thread at:
    #0 pthread_create ../../../../src/libsanitizer/tsan/tsan_interceptors_posix.cpp:969 (libtsan.so.0+0x605b8)
    #1 <null> <null> (libgomp.so.1+0x1e25f)
    #2 RunStage4AAndCheck tests/test_move_nodes_fast.cpp:201 (test_move_nodes_fast+0x2b4c1)
    #3 TestStage4ABasicAndEdgeCases tests/test_move_nodes_fast.cpp:464 (test_move_nodes_fast+0x2b7d4)
    #4 main tests/test_move_nodes_fast.cpp:674 (test_move_nodes_fast+0x2e2c8)

SUMMARY: ThreadSanitizer: data race /home/stomo/WorkSpace/MyLeiden/Leiden.cpp:1245 in MoveNodesFastParallelStage4A(SimpleGraph const&, LeidenGraphStats const&, LeidenPartition, QualityFunction const&, unsigned long, unsigned long, LeidenOptions const*) [clone ._omp_fn.0]
==================
==================
WARNING: ThreadSanitizer: data race (pid=2)
  Read of size 4 at 0x7b04000000a8 by thread T1:
    #0 BuildNeighborCommunityWeights(SimpleGraph const&, LeidenPartition const&, int, NeighborCommunityScratch&) /home/stomo/WorkSpace/MyLeiden/QualityFunction.cpp:190 (test_move_nodes_fast+0x667b)
    #1 MoveNodesFastParallelStage4A(SimpleGraph const&, LeidenGraphStats const&, LeidenPartition, QualityFunction const&, unsigned long, unsigned long, LeidenOptions const*) [clone ._omp_fn.0] /home/stomo/WorkSpace/MyLeiden/Leiden.cpp:1191 (test_move_nodes_fast+0xc5d4)
    #2 <null> <null> (libgomp.so.1+0x1dc0d)

  Previous write of size 8 at 0x7b04000000a8 by main thread:
    #0 operator new(unsigned long) ../../../../src/libsanitizer/tsan/tsan_new_delete.cpp:64 (libtsan.so.0+0x8f162)
    #1 __gnu_cxx::new_allocator<int>::allocate(unsigned long, void const*) /usr/include/c++/11/ext/new_allocator.h:127 (test_move_nodes_fast+0x2e705)
    #2 std::allocator_traits<std::allocator<int> >::allocate(std::allocator<int>&, unsigned long) /usr/include/c++/11/bits/alloc_traits.h:464 (test_move_nodes_fast+0x2e705)
    #3 std::_Vector_base<int, std::allocator<int> >::_M_allocate(unsigned long) /usr/include/c++/11/bits/stl_vector.h:346 (test_move_nodes_fast+0x2e705)
    #4 std::_Vector_base<int, std::allocator<int> >::_M_create_storage(unsigned long) /usr/include/c++/11/bits/stl_vector.h:361 (test_move_nodes_fast+0x2e705)
    #5 std::_Vector_base<int, std::allocator<int> >::_Vector_base(unsigned long, std::allocator<int> const&) /usr/include/c++/11/bits/stl_vector.h:305 (test_move_nodes_fast+0x2e705)
    #6 std::vector<int, std::allocator<int> >::vector(std::vector<int, std::allocator<int> > const&) /usr/include/c++/11/bits/stl_vector.h:555 (test_move_nodes_fast+0x2e705)
    #7 LeidenPartition::LeidenPartition(LeidenPartition const&) LeidenTypes.hpp:21 (test_move_nodes_fast+0x2e705)
    #8 RunStage4AAndCheck tests/test_move_nodes_fast.cpp:201 (test_move_nodes_fast+0x2b499)
    #9 TestStage4ABasicAndEdgeCases tests/test_move_nodes_fast.cpp:474 (test_move_nodes_fast+0x2b9bb)
    #10 main tests/test_move_nodes_fast.cpp:674 (test_move_nodes_fast+0x2e2c8)

  Location is heap block of size 16 at 0x7b04000000a0 allocated by main thread:
    #0 operator new(unsigned long) ../../../../src/libsanitizer/tsan/tsan_new_delete.cpp:64 (libtsan.so.0+0x8f162)
    #1 __gnu_cxx::new_allocator<int>::allocate(unsigned long, void const*) /usr/include/c++/11/ext/new_allocator.h:127 (test_move_nodes_fast+0x2e705)
    #2 std::allocator_traits<std::allocator<int> >::allocate(std::allocator<int>&, unsigned long) /usr/include/c++/11/bits/alloc_traits.h:464 (test_move_nodes_fast+0x2e705)
    #3 std::_Vector_base<int, std::allocator<int> >::_M_allocate(unsigned long) /usr/include/c++/11/bits/stl_vector.h:346 (test_move_nodes_fast+0x2e705)
    #4 std::_Vector_base<int, std::allocator<int> >::_M_create_storage(unsigned long) /usr/include/c++/11/bits/stl_vector.h:361 (test_move_nodes_fast+0x2e705)
    #5 std::_Vector_base<int, std::allocator<int> >::_Vector_base(unsigned long, std::allocator<int> const&) /usr/include/c++/11/bits/stl_vector.h:305 (test_move_nodes_fast+0x2e705)
    #6 std::vector<int, std::allocator<int> >::vector(std::vector<int, std::allocator<int> > const&) /usr/include/c++/11/bits/stl_vector.h:555 (test_move_nodes_fast+0x2e705)
    #7 LeidenPartition::LeidenPartition(LeidenPartition const&) LeidenTypes.hpp:21 (test_move_nodes_fast+0x2e705)
    #8 RunStage4AAndCheck tests/test_move_nodes_fast.cpp:201 (test_move_nodes_fast+0x2b499)
    #9 TestStage4ABasicAndEdgeCases tests/test_move_nodes_fast.cpp:474 (test_move_nodes_fast+0x2b9bb)
    #10 main tests/test_move_nodes_fast.cpp:674 (test_move_nodes_fast+0x2e2c8)

  Thread T1 (tid=4, running) created by main thread at:
    #0 pthread_create ../../../../src/libsanitizer/tsan/tsan_interceptors_posix.cpp:969 (libtsan.so.0+0x605b8)
    #1 <null> <null> (libgomp.so.1+0x1e25f)
    #2 RunStage4AAndCheck tests/test_move_nodes_fast.cpp:201 (test_move_nodes_fast+0x2b4c1)
    #3 TestStage4ABasicAndEdgeCases tests/test_move_nodes_fast.cpp:464 (test_move_nodes_fast+0x2b7d4)
    #4 main tests/test_move_nodes_fast.cpp:674 (test_move_nodes_fast+0x2e2c8)

SUMMARY: ThreadSanitizer: data race /home/stomo/WorkSpace/MyLeiden/QualityFunction.cpp:190 in BuildNeighborCommunityWeights(SimpleGraph const&, LeidenPartition const&, int, NeighborCommunityScratch&)
==================
==================
WARNING: ThreadSanitizer: data race (pid=2)
  Read of size 8 at 0x7b0800000118 by thread T1:
    #0 ModularityQualityFunction::deltaMoveFromWeights(LeidenGraphStats const&, LeidenPartition const&, int, int, double, double) const /home/stomo/WorkSpace/MyLeiden/QualityFunction.cpp:719 (test_move_nodes_fast+0x4a34)
    #1 MoveNodesFastParallelStage4A(SimpleGraph const&, LeidenGraphStats const&, LeidenPartition, QualityFunction const&, unsigned long, unsigned long, LeidenOptions const*) [clone ._omp_fn.0] /home/stomo/WorkSpace/MyLeiden/Leiden.cpp:1206 (test_move_nodes_fast+0xc39e)
    #2 <null> <null> (libgomp.so.1+0x1dc0d)

  Previous write of size 8 at 0x7b0800000118 by main thread:
    #0 operator new(unsigned long) ../../../../src/libsanitizer/tsan/tsan_new_delete.cpp:64 (libtsan.so.0+0x8f162)
    #1 __gnu_cxx::new_allocator<double>::allocate(unsigned long, void const*) /usr/include/c++/11/ext/new_allocator.h:127 (test_move_nodes_fast+0x8cce)
    #2 std::allocator_traits<std::allocator<double> >::allocate(std::allocator<double>&, unsigned long) /usr/include/c++/11/bits/alloc_traits.h:464 (test_move_nodes_fast+0x8cce)
    #3 std::_Vector_base<double, std::allocator<double> >::_M_allocate(unsigned long) /usr/include/c++/11/bits/stl_vector.h:346 (test_move_nodes_fast+0x8cce)
    #4 std::_Vector_base<double, std::allocator<double> >::_M_create_storage(unsigned long) /usr/include/c++/11/bits/stl_vector.h:361 (test_move_nodes_fast+0x8cce)
    #5 std::_Vector_base<double, std::allocator<double> >::_Vector_base(unsigned long, std::allocator<double> const&) /usr/include/c++/11/bits/stl_vector.h:305 (test_move_nodes_fast+0x8cce)
    #6 std::vector<double, std::allocator<double> >::vector(unsigned long, double const&, std::allocator<double> const&) /usr/include/c++/11/bits/stl_vector.h:524 (test_move_nodes_fast+0x8cce)
    #7 std::vector<double, std::allocator<double> >::_M_fill_assign(unsigned long, double const&) /usr/include/c++/11/bits/vector.tcc:262 (test_move_nodes_fast+0x8cce)
    #8 std::vector<double, std::allocator<double> >::assign(unsigned long, double const&) /usr/include/c++/11/bits/stl_vector.h:750 (test_move_nodes_fast+0x68bc)
    #9 BuildLeidenGraphStats(SimpleGraph const&, std::vector<double, std::allocator<double> > const&) /home/stomo/WorkSpace/MyLeiden/QualityFunction.cpp:235 (test_move_nodes_fast+0x68bc)
    #10 BuildLeidenGraphStats(SimpleGraph const&) /home/stomo/WorkSpace/MyLeiden/QualityFunction.cpp:222 (test_move_nodes_fast+0x6bd4)
    #11 RunStage4AAndCheck tests/test_move_nodes_fast.cpp:197 (test_move_nodes_fast+0x2b43b)
    #12 TestStage4ABasicAndEdgeCases tests/test_move_nodes_fast.cpp:474 (test_move_nodes_fast+0x2b9bb)
    #13 main tests/test_move_nodes_fast.cpp:674 (test_move_nodes_fast+0x2e2c8)

  Location is heap block of size 32 at 0x7b0800000100 allocated by main thread:
    #0 operator new(unsigned long) ../../../../src/libsanitizer/tsan/tsan_new_delete.cpp:64 (libtsan.so.0+0x8f162)
    #1 __gnu_cxx::new_allocator<double>::allocate(unsigned long, void const*) /usr/include/c++/11/ext/new_allocator.h:127 (test_move_nodes_fast+0x8cce)
    #2 std::allocator_traits<std::allocator<double> >::allocate(std::allocator<double>&, unsigned long) /usr/include/c++/11/bits/alloc_traits.h:464 (test_move_nodes_fast+0x8cce)
    #3 std::_Vector_base<double, std::allocator<double> >::_M_allocate(unsigned long) /usr/include/c++/11/bits/stl_vector.h:346 (test_move_nodes_fast+0x8cce)
    #4 std::_Vector_base<double, std::allocator<double> >::_M_create_storage(unsigned long) /usr/include/c++/11/bits/stl_vector.h:361 (test_move_nodes_fast+0x8cce)
    #5 std::_Vector_base<double, std::allocator<double> >::_Vector_base(unsigned long, std::allocator<double> const&) /usr/include/c++/11/bits/stl_vector.h:305 (test_move_nodes_fast+0x8cce)
    #6 std::vector<double, std::allocator<double> >::vector(unsigned long, double const&, std::allocator<double> const&) /usr/include/c++/11/bits/stl_vector.h:524 (test_move_nodes_fast+0x8cce)
    #7 std::vector<double, std::allocator<double> >::_M_fill_assign(unsigned long, double const&) /usr/include/c++/11/bits/vector.tcc:262 (test_move_nodes_fast+0x8cce)
    #8 std::vector<double, std::allocator<double> >::assign(unsigned long, double const&) /usr/include/c++/11/bits/stl_vector.h:750 (test_move_nodes_fast+0x68bc)
    #9 BuildLeidenGraphStats(SimpleGraph const&, std::vector<double, std::allocator<double> > const&) /home/stomo/WorkSpace/MyLeiden/QualityFunction.cpp:235 (test_move_nodes_fast+0x68bc)
    #10 BuildLeidenGraphStats(SimpleGraph const&) /home/stomo/WorkSpace/MyLeiden/QualityFunction.cpp:222 (test_move_nodes_fast+0x6bd4)
    #11 RunStage4AAndCheck tests/test_move_nodes_fast.cpp:197 (test_move_nodes_fast+0x2b43b)
    #12 TestStage4ABasicAndEdgeCases tests/test_move_nodes_fast.cpp:474 (test_move_nodes_fast+0x2b9bb)
    #13 main tests/test_move_nodes_fast.cpp:674 (test_move_nodes_fast+0x2e2c8)

  Thread T1 (tid=4, running) created by main thread at:
    #0 pthread_create ../../../../src/libsanitizer/tsan/tsan_interceptors_posix.cpp:969 (libtsan.so.0+0x605b8)
    #1 <null> <null> (libgomp.so.1+0x1e25f)
    #2 RunStage4AAndCheck tests/test_move_nodes_fast.cpp:201 (test_move_nodes_fast+0x2b4c1)
    #3 TestStage4ABasicAndEdgeCases tests/test_move_nodes_fast.cpp:464 (test_move_nodes_fast+0x2b7d4)
    #4 main tests/test_move_nodes_fast.cpp:674 (test_move_nodes_fast+0x2e2c8)

SUMMARY: ThreadSanitizer: data race /home/stomo/WorkSpace/MyLeiden/QualityFunction.cpp:719 in ModularityQualityFunction::deltaMoveFromWeights(LeidenGraphStats const&, LeidenPartition const&, int, int, double, double) const
==================
==================
WARNING: ThreadSanitizer: data race (pid=2)
  Write of size 8 at 0x7ffd2222e2a8 by main thread:
    #0 std::_Vector_base<std::vector<Edge, std::allocator<Edge> >, std::allocator<std::vector<Edge, std::allocator<Edge> > > >::_Vector_impl_data::_Vector_impl_data() /usr/include/c++/11/bits/stl_vector.h:98 (test_move_nodes_fast+0x2e3e6)
    #1 std::_Vector_base<std::vector<Edge, std::allocator<Edge> >, std::allocator<std::vector<Edge, std::allocator<Edge> > > >::_Vector_impl::_Vector_impl(std::allocator<std::vector<Edge, std::allocator<Edge> > > const&) /usr/include/c++/11/bits/stl_vector.h:137 (test_move_nodes_fast+0x2e3e6)
    #2 std::_Vector_base<std::vector<Edge, std::allocator<Edge> >, std::allocator<std::vector<Edge, std::allocator<Edge> > > >::_Vector_base(unsigned long, std::allocator<std::vector<Edge, std::allocator<Edge> > > const&) /usr/include/c++/11/bits/stl_vector.h:304 (test_move_nodes_fast+0x2e3e6)
    #3 std::vector<std::vector<Edge, std::allocator<Edge> >, std::allocator<std::vector<Edge, std::allocator<Edge> > > >::vector(unsigned long, std::allocator<std::vector<Edge, std::allocator<Edge> > > const&) /usr/include/c++/11/bits/stl_vector.h:511 (test_move_nodes_fast+0x2e3e6)
    #4 SimpleGraph::SimpleGraph(int) common/Types.hpp:16 (test_move_nodes_fast+0x2e3e6)
    #5 MakeGraph(int) common/Types.hpp:27 (test_move_nodes_fast+0x2b9f1)
    #6 TestStage4ABasicAndEdgeCases tests/test_move_nodes_fast.cpp:477 (test_move_nodes_fast+0x2b9f1)
    #7 main tests/test_move_nodes_fast.cpp:674 (test_move_nodes_fast+0x2e2c8)

  Previous read of size 8 at 0x7ffd2222e2a8 by thread T3:
    #0 std::vector<double, std::allocator<double> >::size() const /usr/include/c++/11/bits/stl_vector.h:919 (test_move_nodes_fast+0xc08a)
    #1 MoveNodesFastParallelStage4A(SimpleGraph const&, LeidenGraphStats const&, LeidenPartition, QualityFunction const&, unsigned long, unsigned long, LeidenOptions const*) [clone ._omp_fn.0] /home/stomo/WorkSpace/MyLeiden/Leiden.cpp:1172 (test_move_nodes_fast+0xc08a)
    #2 <null> <null> (libgomp.so.1+0x1dc0d)

  Location is stack of main thread.

  Location is global '<null>' at 0x000000000000 ([stack]+0x00000001f2a8)

  Thread T3 (tid=6, running) created by main thread at:
    #0 pthread_create ../../../../src/libsanitizer/tsan/tsan_interceptors_posix.cpp:969 (libtsan.so.0+0x605b8)
    #1 <null> <null> (libgomp.so.1+0x1e25f)
    #2 RunStage4AAndCheck tests/test_move_nodes_fast.cpp:201 (test_move_nodes_fast+0x2b4c1)
    #3 TestStage4ABasicAndEdgeCases tests/test_move_nodes_fast.cpp:464 (test_move_nodes_fast+0x2b7d4)
    #4 main tests/test_move_nodes_fast.cpp:674 (test_move_nodes_fast+0x2e2c8)

SUMMARY: ThreadSanitizer: data race /usr/include/c++/11/bits/stl_vector.h:98 in std::_Vector_base<std::vector<Edge, std::allocator<Edge> >, std::allocator<std::vector<Edge, std::allocator<Edge> > > >::_Vector_impl_data::_Vector_impl_data()
==================
==================
WARNING: ThreadSanitizer: data race (pid=2)
  Read of size 8 at 0x7ffd2222e580 by thread T1:
    #0 std::vector<double, std::allocator<double> >::size() const /usr/include/c++/11/bits/stl_vector.h:919 (test_move_nodes_fast+0xc072)
    #1 MoveNodesFastParallelStage4A(SimpleGraph const&, LeidenGraphStats const&, LeidenPartition, QualityFunction const&, unsigned long, unsigned long, LeidenOptions const*) [clone ._omp_fn.0] /home/stomo/WorkSpace/MyLeiden/Leiden.cpp:1172 (test_move_nodes_fast+0xc072)
    #2 <null> <null> (libgomp.so.1+0x1dc0d)

  Previous write of size 8 at 0x7ffd2222e580 by main thread:
    #0 std::_Vector_base<double, std::allocator<double> >::_Vector_impl_data::_Vector_impl_data() /usr/include/c++/11/bits/stl_vector.h:98 (test_move_nodes_fast+0xc8b0)
    #1 std::_Vector_base<double, std::allocator<double> >::_Vector_impl::_Vector_impl() /usr/include/c++/11/bits/stl_vector.h:133 (test_move_nodes_fast+0xc8b0)
    #2 std::_Vector_base<double, std::allocator<double> >::_Vector_base() /usr/include/c++/11/bits/stl_vector.h:288 (test_move_nodes_fast+0xc8b0)
    #3 std::vector<double, std::allocator<double> >::vector() /usr/include/c++/11/bits/stl_vector.h:487 (test_move_nodes_fast+0xc8b0)
    #4 LeidenPartition::LeidenPartition() /home/stomo/WorkSpace/MyLeiden/LeidenTypes.hpp:21 (test_move_nodes_fast+0xc8b0)
    #5 MoveNodesFastResult::MoveNodesFastResult() /home/stomo/WorkSpace/MyLeiden/Leiden.hpp:11 (test_move_nodes_fast+0xc8b0)
    #6 MoveNodesFastParallelStage4A(SimpleGraph const&, LeidenGraphStats const&, LeidenPartition, QualityFunction const&, unsigned long, unsigned long, LeidenOptions const*) /home/stomo/WorkSpace/MyLeiden/Leiden.cpp:1138 (test_move_nodes_fast+0xc8b0)
    #7 RunStage4AAndCheck tests/test_move_nodes_fast.cpp:201 (test_move_nodes_fast+0x2b4c1)
    #8 TestStage4ABasicAndEdgeCases tests/test_move_nodes_fast.cpp:481 (test_move_nodes_fast+0x2ba8e)
    #9 main tests/test_move_nodes_fast.cpp:674 (test_move_nodes_fast+0x2e2c8)

  Location is stack of main thread.

  Location is global '<null>' at 0x000000000000 ([stack]+0x00000001f580)

  Thread T1 (tid=4, running) created by main thread at:
    #0 pthread_create ../../../../src/libsanitizer/tsan/tsan_interceptors_posix.cpp:969 (libtsan.so.0+0x605b8)
    #1 <null> <null> (libgomp.so.1+0x1e25f)
    #2 RunStage4AAndCheck tests/test_move_nodes_fast.cpp:201 (test_move_nodes_fast+0x2b4c1)
    #3 TestStage4ABasicAndEdgeCases tests/test_move_nodes_fast.cpp:464 (test_move_nodes_fast+0x2b7d4)
    #4 main tests/test_move_nodes_fast.cpp:674 (test_move_nodes_fast+0x2e2c8)

SUMMARY: ThreadSanitizer: data race /usr/include/c++/11/bits/stl_vector.h:919 in std::vector<double, std::allocator<double> >::size() const
==================
==================
WARNING: ThreadSanitizer: data race (pid=2)
  Read of size 8 at 0x7ffd2222e578 by thread T2:
    #0 std::vector<double, std::allocator<double> >::size() const /usr/include/c++/11/bits/stl_vector.h:919 (test_move_nodes_fast+0xc08a)
    #1 MoveNodesFastParallelStage4A(SimpleGraph const&, LeidenGraphStats const&, LeidenPartition, QualityFunction const&, unsigned long, unsigned long, LeidenOptions const*) [clone ._omp_fn.0] /home/stomo/WorkSpace/MyLeiden/Leiden.cpp:1172 (test_move_nodes_fast+0xc08a)
    #2 <null> <null> (libgomp.so.1+0x1dc0d)

  Previous write of size 8 at 0x7ffd2222e578 by main thread:
    #0 std::_Vector_base<double, std::allocator<double> >::_Vector_impl_data::_Vector_impl_data() /usr/include/c++/11/bits/stl_vector.h:98 (test_move_nodes_fast+0xc89f)
    #1 std::_Vector_base<double, std::allocator<double> >::_Vector_impl::_Vector_impl() /usr/include/c++/11/bits/stl_vector.h:133 (test_move_nodes_fast+0xc89f)
    #2 std::_Vector_base<double, std::allocator<double> >::_Vector_base() /usr/include/c++/11/bits/stl_vector.h:288 (test_move_nodes_fast+0xc89f)
    #3 std::vector<double, std::allocator<double> >::vector() /usr/include/c++/11/bits/stl_vector.h:487 (test_move_nodes_fast+0xc89f)
    #4 LeidenPartition::LeidenPartition() /home/stomo/WorkSpace/MyLeiden/LeidenTypes.hpp:21 (test_move_nodes_fast+0xc89f)
    #5 MoveNodesFastResult::MoveNodesFastResult() /home/stomo/WorkSpace/MyLeiden/Leiden.hpp:11 (test_move_nodes_fast+0xc89f)
    #6 MoveNodesFastParallelStage4A(SimpleGraph const&, LeidenGraphStats const&, LeidenPartition, QualityFunction const&, unsigned long, unsigned long, LeidenOptions const*) /home/stomo/WorkSpace/MyLeiden/Leiden.cpp:1138 (test_move_nodes_fast+0xc89f)
    #7 RunStage4AAndCheck tests/test_move_nodes_fast.cpp:201 (test_move_nodes_fast+0x2b4c1)
    #8 TestStage4ABasicAndEdgeCases tests/test_move_nodes_fast.cpp:481 (test_move_nodes_fast+0x2ba8e)
    #9 main tests/test_move_nodes_fast.cpp:674 (test_move_nodes_fast+0x2e2c8)

  Location is stack of main thread.

  Location is global '<null>' at 0x000000000000 ([stack]+0x00000001f578)

  Thread T2 (tid=5, running) created by main thread at:
    #0 pthread_create ../../../../src/libsanitizer/tsan/tsan_interceptors_posix.cpp:969 (libtsan.so.0+0x605b8)
    #1 <null> <null> (libgomp.so.1+0x1e25f)
    #2 RunStage4AAndCheck tests/test_move_nodes_fast.cpp:201 (test_move_nodes_fast+0x2b4c1)
    #3 TestStage4ABasicAndEdgeCases tests/test_move_nodes_fast.cpp:464 (test_move_nodes_fast+0x2b7d4)
    #4 main tests/test_move_nodes_fast.cpp:674 (test_move_nodes_fast+0x2e2c8)

SUMMARY: ThreadSanitizer: data race /usr/include/c++/11/bits/stl_vector.h:919 in std::vector<double, std::allocator<double> >::size() const
==================
==================
WARNING: ThreadSanitizer: data race (pid=2)
  Read of size 8 at 0x7ffd2222e610 by thread T1:
    #0 std::vector<double, std::allocator<double> >::size() const /usr/include/c++/11/bits/stl_vector.h:919 (test_move_nodes_fast+0xc072)
    #1 MoveNodesFastParallelStage4A(SimpleGraph const&, LeidenGraphStats const&, LeidenPartition, QualityFunction const&, unsigned long, unsigned long, LeidenOptions const*) [clone ._omp_fn.0] /home/stomo/WorkSpace/MyLeiden/Leiden.cpp:1172 (test_move_nodes_fast+0xc072)
    #2 <null> <null> (libgomp.so.1+0x1dc0d)

  Previous write of size 8 at 0x7ffd2222e610 by main thread:
    #0 std::_Vector_base<double, std::allocator<double> >::_Vector_impl_data::_Vector_impl_data() /usr/include/c++/11/bits/stl_vector.h:98 (test_move_nodes_fast+0xc8b0)
    #1 std::_Vector_base<double, std::allocator<double> >::_Vector_impl::_Vector_impl() /usr/include/c++/11/bits/stl_vector.h:133 (test_move_nodes_fast+0xc8b0)
    #2 std::_Vector_base<double, std::allocator<double> >::_Vector_base() /usr/include/c++/11/bits/stl_vector.h:288 (test_move_nodes_fast+0xc8b0)
    #3 std::vector<double, std::allocator<double> >::vector() /usr/include/c++/11/bits/stl_vector.h:487 (test_move_nodes_fast+0xc8b0)
    #4 LeidenPartition::LeidenPartition() /home/stomo/WorkSpace/MyLeiden/LeidenTypes.hpp:21 (test_move_nodes_fast+0xc8b0)
    #5 MoveNodesFastResult::MoveNodesFastResult() /home/stomo/WorkSpace/MyLeiden/Leiden.hpp:11 (test_move_nodes_fast+0xc8b0)
    #6 MoveNodesFastParallelStage4A(SimpleGraph const&, LeidenGraphStats const&, LeidenPartition, QualityFunction const&, unsigned long, unsigned long, LeidenOptions const*) /home/stomo/WorkSpace/MyLeiden/Leiden.cpp:1138 (test_move_nodes_fast+0xc8b0)
    #7 RunStage4AAndCheck tests/test_move_nodes_fast.cpp:201 (test_move_nodes_fast+0x2b4c1)
    #8 TestStage4ABasicAndEdgeCases tests/test_move_nodes_fast.cpp:482 (test_move_nodes_fast+0x2baf2)
    #9 main tests/test_move_nodes_fast.cpp:674 (test_move_nodes_fast+0x2e2c8)

  Location is stack of main thread.

  Location is global '<null>' at 0x000000000000 ([stack]+0x00000001f610)

  Thread T1 (tid=4, running) created by main thread at:
    #0 pthread_create ../../../../src/libsanitizer/tsan/tsan_interceptors_posix.cpp:969 (libtsan.so.0+0x605b8)
    #1 <null> <null> (libgomp.so.1+0x1e25f)
    #2 RunStage4AAndCheck tests/test_move_nodes_fast.cpp:201 (test_move_nodes_fast+0x2b4c1)
    #3 TestStage4ABasicAndEdgeCases tests/test_move_nodes_fast.cpp:464 (test_move_nodes_fast+0x2b7d4)
    #4 main tests/test_move_nodes_fast.cpp:674 (test_move_nodes_fast+0x2e2c8)

SUMMARY: ThreadSanitizer: data race /usr/include/c++/11/bits/stl_vector.h:919 in std::vector<double, std::allocator<double> >::size() const
==================
==================
WARNING: ThreadSanitizer: data race (pid=2)
  Read of size 8 at 0x7ffd2222e608 by thread T2:
    #0 std::vector<double, std::allocator<double> >::size() const /usr/include/c++/11/bits/stl_vector.h:919 (test_move_nodes_fast+0xc08a)
    #1 MoveNodesFastParallelStage4A(SimpleGraph const&, LeidenGraphStats const&, LeidenPartition, QualityFunction const&, unsigned long, unsigned long, LeidenOptions const*) [clone ._omp_fn.0] /home/stomo/WorkSpace/MyLeiden/Leiden.cpp:1172 (test_move_nodes_fast+0xc08a)
    #2 <null> <null> (libgomp.so.1+0x1dc0d)

  Previous write of size 8 at 0x7ffd2222e608 by main thread:
    #0 std::_Vector_base<double, std::allocator<double> >::_Vector_impl_data::_Vector_impl_data() /usr/include/c++/11/bits/stl_vector.h:98 (test_move_nodes_fast+0xc89f)
    #1 std::_Vector_base<double, std::allocator<double> >::_Vector_impl::_Vector_impl() /usr/include/c++/11/bits/stl_vector.h:133 (test_move_nodes_fast+0xc89f)
    #2 std::_Vector_base<double, std::allocator<double> >::_Vector_base() /usr/include/c++/11/bits/stl_vector.h:288 (test_move_nodes_fast+0xc89f)
    #3 std::vector<double, std::allocator<double> >::vector() /usr/include/c++/11/bits/stl_vector.h:487 (test_move_nodes_fast+0xc89f)
    #4 LeidenPartition::LeidenPartition() /home/stomo/WorkSpace/MyLeiden/LeidenTypes.hpp:21 (test_move_nodes_fast+0xc89f)
    #5 MoveNodesFastResult::MoveNodesFastResult() /home/stomo/WorkSpace/MyLeiden/Leiden.hpp:11 (test_move_nodes_fast+0xc89f)
    #6 MoveNodesFastParallelStage4A(SimpleGraph const&, LeidenGraphStats const&, LeidenPartition, QualityFunction const&, unsigned long, unsigned long, LeidenOptions const*) /home/stomo/WorkSpace/MyLeiden/Leiden.cpp:1138 (test_move_nodes_fast+0xc89f)
    #7 RunStage4AAndCheck tests/test_move_nodes_fast.cpp:201 (test_move_nodes_fast+0x2b4c1)
    #8 TestStage4ABasicAndEdgeCases tests/test_move_nodes_fast.cpp:482 (test_move_nodes_fast+0x2baf2)
    #9 main tests/test_move_nodes_fast.cpp:674 (test_move_nodes_fast+0x2e2c8)

  Location is stack of main thread.

  Location is global '<null>' at 0x000000000000 ([stack]+0x00000001f608)

  Thread T2 (tid=5, running) created by main thread at:
    #0 pthread_create ../../../../src/libsanitizer/tsan/tsan_interceptors_posix.cpp:969 (libtsan.so.0+0x605b8)
    #1 <null> <null> (libgomp.so.1+0x1e25f)
    #2 RunStage4AAndCheck tests/test_move_nodes_fast.cpp:201 (test_move_nodes_fast+0x2b4c1)
    #3 TestStage4ABasicAndEdgeCases tests/test_move_nodes_fast.cpp:464 (test_move_nodes_fast+0x2b7d4)
    #4 main tests/test_move_nodes_fast.cpp:674 (test_move_nodes_fast+0x2e2c8)

SUMMARY: ThreadSanitizer: data race /usr/include/c++/11/bits/stl_vector.h:919 in std::vector<double, std::allocator<double> >::size() const
==================
==================
WARNING: ThreadSanitizer: data race (pid=2)
  Read of size 8 at 0x7ffd2222e6a0 by thread T1:
    #0 std::vector<double, std::allocator<double> >::size() const /usr/include/c++/11/bits/stl_vector.h:919 (test_move_nodes_fast+0xc072)
    #1 MoveNodesFastParallelStage4A(SimpleGraph const&, LeidenGraphStats const&, LeidenPartition, QualityFunction const&, unsigned long, unsigned long, LeidenOptions const*) [clone ._omp_fn.0] /home/stomo/WorkSpace/MyLeiden/Leiden.cpp:1172 (test_move_nodes_fast+0xc072)
    #2 <null> <null> (libgomp.so.1+0x1dc0d)

  Previous write of size 8 at 0x7ffd2222e6a0 by main thread:
    #0 std::_Vector_base<double, std::allocator<double> >::_Vector_impl_data::_Vector_impl_data() /usr/include/c++/11/bits/stl_vector.h:98 (test_move_nodes_fast+0xc8b0)
    #1 std::_Vector_base<double, std::allocator<double> >::_Vector_impl::_Vector_impl() /usr/include/c++/11/bits/stl_vector.h:133 (test_move_nodes_fast+0xc8b0)
    #2 std::_Vector_base<double, std::allocator<double> >::_Vector_base() /usr/include/c++/11/bits/stl_vector.h:288 (test_move_nodes_fast+0xc8b0)
    #3 std::vector<double, std::allocator<double> >::vector() /usr/include/c++/11/bits/stl_vector.h:487 (test_move_nodes_fast+0xc8b0)
    #4 LeidenPartition::LeidenPartition() /home/stomo/WorkSpace/MyLeiden/LeidenTypes.hpp:21 (test_move_nodes_fast+0xc8b0)
    #5 MoveNodesFastResult::MoveNodesFastResult() /home/stomo/WorkSpace/MyLeiden/Leiden.hpp:11 (test_move_nodes_fast+0xc8b0)
    #6 MoveNodesFastParallelStage4A(SimpleGraph const&, LeidenGraphStats const&, LeidenPartition, QualityFunction const&, unsigned long, unsigned long, LeidenOptions const*) /home/stomo/WorkSpace/MyLeiden/Leiden.cpp:1138 (test_move_nodes_fast+0xc8b0)
    #7 RunStage4AAndCheck tests/test_move_nodes_fast.cpp:201 (test_move_nodes_fast+0x2b4c1)
    #8 TestStage4ABasicAndEdgeCases tests/test_move_nodes_fast.cpp:491 (test_move_nodes_fast+0x2bba7)
    #9 main tests/test_move_nodes_fast.cpp:674 (test_move_nodes_fast+0x2e2c8)

  Location is stack of main thread.

  Location is global '<null>' at 0x000000000000 ([stack]+0x00000001f6a0)

  Thread T1 (tid=4, running) created by main thread at:
    #0 pthread_create ../../../../src/libsanitizer/tsan/tsan_interceptors_posix.cpp:969 (libtsan.so.0+0x605b8)
    #1 <null> <null> (libgomp.so.1+0x1e25f)
    #2 RunStage4AAndCheck tests/test_move_nodes_fast.cpp:201 (test_move_nodes_fast+0x2b4c1)
    #3 TestStage4ABasicAndEdgeCases tests/test_move_nodes_fast.cpp:464 (test_move_nodes_fast+0x2b7d4)
    #4 main tests/test_move_nodes_fast.cpp:674 (test_move_nodes_fast+0x2e2c8)

SUMMARY: ThreadSanitizer: data race /usr/include/c++/11/bits/stl_vector.h:919 in std::vector<double, std::allocator<double> >::size() const
==================
==================
WARNING: ThreadSanitizer: data race (pid=2)
  Read of size 8 at 0x7ffd2222e698 by thread T3:
    #0 std::vector<double, std::allocator<double> >::size() const /usr/include/c++/11/bits/stl_vector.h:919 (test_move_nodes_fast+0xc08a)
    #1 MoveNodesFastParallelStage4A(SimpleGraph const&, LeidenGraphStats const&, LeidenPartition, QualityFunction const&, unsigned long, unsigned long, LeidenOptions const*) [clone ._omp_fn.0] /home/stomo/WorkSpace/MyLeiden/Leiden.cpp:1172 (test_move_nodes_fast+0xc08a)
    #2 <null> <null> (libgomp.so.1+0x1dc0d)

  Previous write of size 8 at 0x7ffd2222e698 by main thread:
    #0 std::_Vector_base<double, std::allocator<double> >::_Vector_impl_data::_Vector_impl_data() /usr/include/c++/11/bits/stl_vector.h:98 (test_move_nodes_fast+0xc89f)
    #1 std::_Vector_base<double, std::allocator<double> >::_Vector_impl::_Vector_impl() /usr/include/c++/11/bits/stl_vector.h:133 (test_move_nodes_fast+0xc89f)
    #2 std::_Vector_base<double, std::allocator<double> >::_Vector_base() /usr/include/c++/11/bits/stl_vector.h:288 (test_move_nodes_fast+0xc89f)
    #3 std::vector<double, std::allocator<double> >::vector() /usr/include/c++/11/bits/stl_vector.h:487 (test_move_nodes_fast+0xc89f)
    #4 LeidenPartition::LeidenPartition() /home/stomo/WorkSpace/MyLeiden/LeidenTypes.hpp:21 (test_move_nodes_fast+0xc89f)
    #5 MoveNodesFastResult::MoveNodesFastResult() /home/stomo/WorkSpace/MyLeiden/Leiden.hpp:11 (test_move_nodes_fast+0xc89f)
    #6 MoveNodesFastParallelStage4A(SimpleGraph const&, LeidenGraphStats const&, LeidenPartition, QualityFunction const&, unsigned long, unsigned long, LeidenOptions const*) /home/stomo/WorkSpace/MyLeiden/Leiden.cpp:1138 (test_move_nodes_fast+0xc89f)
    #7 RunStage4AAndCheck tests/test_move_nodes_fast.cpp:201 (test_move_nodes_fast+0x2b4c1)
    #8 TestStage4ABasicAndEdgeCases tests/test_move_nodes_fast.cpp:491 (test_move_nodes_fast+0x2bba7)
    #9 main tests/test_move_nodes_fast.cpp:674 (test_move_nodes_fast+0x2e2c8)

  Location is stack of main thread.

  Location is global '<null>' at 0x000000000000 ([stack]+0x00000001f698)

  Thread T3 (tid=6, running) created by main thread at:
    #0 pthread_create ../../../../src/libsanitizer/tsan/tsan_interceptors_posix.cpp:969 (libtsan.so.0+0x605b8)
    #1 <null> <null> (libgomp.so.1+0x1e25f)
    #2 RunStage4AAndCheck tests/test_move_nodes_fast.cpp:201 (test_move_nodes_fast+0x2b4c1)
    #3 TestStage4ABasicAndEdgeCases tests/test_move_nodes_fast.cpp:464 (test_move_nodes_fast+0x2b7d4)
    #4 main tests/test_move_nodes_fast.cpp:674 (test_move_nodes_fast+0x2e2c8)

SUMMARY: ThreadSanitizer: data race /usr/include/c++/11/bits/stl_vector.h:919 in std::vector<double, std::allocator<double> >::size() const
==================
==================
WARNING: ThreadSanitizer: data race (pid=2)
  Read of size 1 at 0x7b0400000030 by thread T2:
    #0 MoveNodesFastParallelStage4A(SimpleGraph const&, LeidenGraphStats const&, LeidenPartition, QualityFunction const&, unsigned long, unsigned long, LeidenOptions const*) [clone ._omp_fn.0] /home/stomo/WorkSpace/MyLeiden/Leiden.cpp:1180 (test_move_nodes_fast+0xc55a)
    #1 <null> <null> (libgomp.so.1+0x1dc0d)

  Previous write of size 8 at 0x7b0400000030 by main thread:
    #0 operator new(unsigned long) ../../../../src/libsanitizer/tsan/tsan_new_delete.cpp:64 (libtsan.so.0+0x8f162)
    #1 __gnu_cxx::new_allocator<unsigned char>::allocate(unsigned long, void const*) /usr/include/c++/11/ext/new_allocator.h:127 (test_move_nodes_fast+0xca2c)
    #2 std::allocator_traits<std::allocator<unsigned char> >::allocate(std::allocator<unsigned char>&, unsigned long) /usr/include/c++/11/bits/alloc_traits.h:464 (test_move_nodes_fast+0xca2c)
    #3 std::_Vector_base<unsigned char, std::allocator<unsigned char> >::_M_allocate(unsigned long) /usr/include/c++/11/bits/stl_vector.h:346 (test_move_nodes_fast+0xca2c)
    #4 std::_Vector_base<unsigned char, std::allocator<unsigned char> >::_M_create_storage(unsigned long) /usr/include/c++/11/bits/stl_vector.h:361 (test_move_nodes_fast+0xca2c)
    #5 std::_Vector_base<unsigned char, std::allocator<unsigned char> >::_Vector_base(unsigned long, std::allocator<unsigned char> const&) /usr/include/c++/11/bits/stl_vector.h:305 (test_move_nodes_fast+0xca2c)
    #6 std::vector<unsigned char, std::allocator<unsigned char> >::vector(unsigned long, unsigned char const&, std::allocator<unsigned char> const&) /usr/include/c++/11/bits/stl_vector.h:524 (test_move_nodes_fast+0xca2c)
    #7 MoveNodesFastParallelStage4A(SimpleGraph const&, LeidenGraphStats const&, LeidenPartition, QualityFunction const&, unsigned long, unsigned long, LeidenOptions const*) /home/stomo/WorkSpace/MyLeiden/Leiden.cpp:1142 (test_move_nodes_fast+0xca2c)
    #8 RunStage4AAndCheck tests/test_move_nodes_fast.cpp:201 (test_move_nodes_fast+0x2b4c1)
    #9 TestStage4ABasicAndEdgeCases tests/test_move_nodes_fast.cpp:491 (test_move_nodes_fast+0x2bba7)
    #10 main tests/test_move_nodes_fast.cpp:674 (test_move_nodes_fast+0x2e2c8)

  Location is heap block of size 4 at 0x7b0400000030 allocated by main thread:
    #0 operator new(unsigned long) ../../../../src/libsanitizer/tsan/tsan_new_delete.cpp:64 (libtsan.so.0+0x8f162)
    #1 __gnu_cxx::new_allocator<unsigned char>::allocate(unsigned long, void const*) /usr/include/c++/11/ext/new_allocator.h:127 (test_move_nodes_fast+0xca2c)
    #2 std::allocator_traits<std::allocator<unsigned char> >::allocate(std::allocator<unsigned char>&, unsigned long) /usr/include/c++/11/bits/alloc_traits.h:464 (test_move_nodes_fast+0xca2c)
    #3 std::_Vector_base<unsigned char, std::allocator<unsigned char> >::_M_allocate(unsigned long) /usr/include/c++/11/bits/stl_vector.h:346 (test_move_nodes_fast+0xca2c)
    #4 std::_Vector_base<unsigned char, std::allocator<unsigned char> >::_M_create_storage(unsigned long) /usr/include/c++/11/bits/stl_vector.h:361 (test_move_nodes_fast+0xca2c)
    #5 std::_Vector_base<unsigned char, std::allocator<unsigned char> >::_Vector_base(unsigned long, std::allocator<unsigned char> const&) /usr/include/c++/11/bits/stl_vector.h:305 (test_move_nodes_fast+0xca2c)
    #6 std::vector<unsigned char, std::allocator<unsigned char> >::vector(unsigned long, unsigned char const&, std::allocator<unsigned char> const&) /usr/include/c++/11/bits/stl_vector.h:524 (test_move_nodes_fast+0xca2c)
    #7 MoveNodesFastParallelStage4A(SimpleGraph const&, LeidenGraphStats const&, LeidenPartition, QualityFunction const&, unsigned long, unsigned long, LeidenOptions const*) /home/stomo/WorkSpace/MyLeiden/Leiden.cpp:1142 (test_move_nodes_fast+0xca2c)
    #8 RunStage4AAndCheck tests/test_move_nodes_fast.cpp:201 (test_move_nodes_fast+0x2b4c1)
    #9 TestStage4ABasicAndEdgeCases tests/test_move_nodes_fast.cpp:491 (test_move_nodes_fast+0x2bba7)
    #10 main tests/test_move_nodes_fast.cpp:674 (test_move_nodes_fast+0x2e2c8)

  Thread T2 (tid=5, running) created by main thread at:
    #0 pthread_create ../../../../src/libsanitizer/tsan/tsan_interceptors_posix.cpp:969 (libtsan.so.0+0x605b8)
    #1 <null> <null> (libgomp.so.1+0x1e25f)
    #2 RunStage4AAndCheck tests/test_move_nodes_fast.cpp:201 (test_move_nodes_fast+0x2b4c1)
    #3 TestStage4ABasicAndEdgeCases tests/test_move_nodes_fast.cpp:464 (test_move_nodes_fast+0x2b7d4)
    #4 main tests/test_move_nodes_fast.cpp:674 (test_move_nodes_fast+0x2e2c8)

SUMMARY: ThreadSanitizer: data race /home/stomo/WorkSpace/MyLeiden/Leiden.cpp:1180 in MoveNodesFastParallelStage4A(SimpleGraph const&, LeidenGraphStats const&, LeidenPartition, QualityFunction const&, unsigned long, unsigned long, LeidenOptions const*) [clone ._omp_fn.0]
==================
==================
WARNING: ThreadSanitizer: data race (pid=2)
  Read of size 8 at 0x7ffd2222e680 by thread T2:
    #0 std::vector<int, std::allocator<int> >::operator[](unsigned long) /usr/include/c++/11/bits/stl_vector.h:1046 (test_move_nodes_fast+0xc582)
    #1 MoveNodesFastParallelStage4A(SimpleGraph const&, LeidenGraphStats const&, LeidenPartition, QualityFunction const&, unsigned long, unsigned long, LeidenOptions const*) [clone ._omp_fn.0] /home/stomo/WorkSpace/MyLeiden/Leiden.cpp:1187 (test_move_nodes_fast+0xc582)
    #2 <null> <null> (libgomp.so.1+0x1dc0d)

  Previous write of size 8 at 0x7ffd2222e680 by main thread:
    #0 std::_Vector_base<int, std::allocator<int> >::_Vector_impl_data::_Vector_impl_data() /usr/include/c++/11/bits/stl_vector.h:98 (test_move_nodes_fast+0xc86d)
    #1 std::_Vector_base<int, std::allocator<int> >::_Vector_impl::_Vector_impl() /usr/include/c++/11/bits/stl_vector.h:133 (test_move_nodes_fast+0xc86d)
    #2 std::_Vector_base<int, std::allocator<int> >::_Vector_base() /usr/include/c++/11/bits/stl_vector.h:288 (test_move_nodes_fast+0xc86d)
    #3 std::vector<int, std::allocator<int> >::vector() /usr/include/c++/11/bits/stl_vector.h:487 (test_move_nodes_fast+0xc86d)
    #4 LeidenPartition::LeidenPartition() /home/stomo/WorkSpace/MyLeiden/LeidenTypes.hpp:21 (test_move_nodes_fast+0xc86d)
    #5 MoveNodesFastResult::MoveNodesFastResult() /home/stomo/WorkSpace/MyLeiden/Leiden.hpp:11 (test_move_nodes_fast+0xc86d)
    #6 MoveNodesFastParallelStage4A(SimpleGraph const&, LeidenGraphStats const&, LeidenPartition, QualityFunction const&, unsigned long, unsigned long, LeidenOptions const*) /home/stomo/WorkSpace/MyLeiden/Leiden.cpp:1138 (test_move_nodes_fast+0xc86d)
    #7 RunStage4AAndCheck tests/test_move_nodes_fast.cpp:201 (test_move_nodes_fast+0x2b4c1)
    #8 TestStage4ABasicAndEdgeCases tests/test_move_nodes_fast.cpp:491 (test_move_nodes_fast+0x2bba7)
    #9 main tests/test_move_nodes_fast.cpp:674 (test_move_nodes_fast+0x2e2c8)

  Location is stack of main thread.

  Location is global '<null>' at 0x000000000000 ([stack]+0x00000001f680)

  Thread T2 (tid=5, running) created by main thread at:
    #0 pthread_create ../../../../src/libsanitizer/tsan/tsan_interceptors_posix.cpp:969 (libtsan.so.0+0x605b8)
    #1 <null> <null> (libgomp.so.1+0x1e25f)
    #2 RunStage4AAndCheck tests/test_move_nodes_fast.cpp:201 (test_move_nodes_fast+0x2b4c1)
    #3 TestStage4ABasicAndEdgeCases tests/test_move_nodes_fast.cpp:464 (test_move_nodes_fast+0x2b7d4)
    #4 main tests/test_move_nodes_fast.cpp:674 (test_move_nodes_fast+0x2e2c8)

SUMMARY: ThreadSanitizer: data race /usr/include/c++/11/bits/stl_vector.h:1046 in std::vector<int, std::allocator<int> >::operator[](unsigned long)
==================
==================
WARNING: ThreadSanitizer: data race (pid=2)
  Read of size 4 at 0x7ffd2222e320 by thread T2:
    #0 num_vertices(SimpleGraph const&) common/Types.hpp:32 (test_move_nodes_fast+0x639b)
    #1 ValidateVertex(int, SimpleGraph const&) /home/stomo/WorkSpace/MyLeiden/LeidenTypes.hpp:39 (test_move_nodes_fast+0x639b)
    #2 BuildNeighborCommunityWeights(SimpleGraph const&, LeidenPartition const&, int, NeighborCommunityScratch&) /home/stomo/WorkSpace/MyLeiden/QualityFunction.cpp:169 (test_move_nodes_fast+0x639b)
    #3 MoveNodesFastParallelStage4A(SimpleGraph const&, LeidenGraphStats const&, LeidenPartition, QualityFunction const&, unsigned long, unsigned long, LeidenOptions const*) [clone ._omp_fn.0] /home/stomo/WorkSpace/MyLeiden/Leiden.cpp:1191 (test_move_nodes_fast+0xc5d4)
    #4 <null> <null> (libgomp.so.1+0x1dc0d)

  Previous write of size 8 at 0x7ffd2222e320 by main thread:
    #0 std::_Vector_base<int, std::allocator<int> >::_Vector_impl_data::_Vector_impl_data() /usr/include/c++/11/bits/stl_vector.h:98 (test_move_nodes_fast+0xc86d)
    #1 std::_Vector_base<int, std::allocator<int> >::_Vector_impl::_Vector_impl() /usr/include/c++/11/bits/stl_vector.h:133 (test_move_nodes_fast+0xc86d)
    #2 std::_Vector_base<int, std::allocator<int> >::_Vector_base() /usr/include/c++/11/bits/stl_vector.h:288 (test_move_nodes_fast+0xc86d)
    #3 std::vector<int, std::allocator<int> >::vector() /usr/include/c++/11/bits/stl_vector.h:487 (test_move_nodes_fast+0xc86d)
    #4 LeidenPartition::LeidenPartition() /home/stomo/WorkSpace/MyLeiden/LeidenTypes.hpp:21 (test_move_nodes_fast+0xc86d)
    #5 MoveNodesFastResult::MoveNodesFastResult() /home/stomo/WorkSpace/MyLeiden/Leiden.hpp:11 (test_move_nodes_fast+0xc86d)
    #6 MoveNodesFastParallelStage4A(SimpleGraph const&, LeidenGraphStats const&, LeidenPartition, QualityFunction const&, unsigned long, unsigned long, LeidenOptions const*) /home/stomo/WorkSpace/MyLeiden/Leiden.cpp:1138 (test_move_nodes_fast+0xc86d)
    #7 RunStage4AAndCheck tests/test_move_nodes_fast.cpp:201 (test_move_nodes_fast+0x2b4c1)
    #8 TestStage4ABasicAndEdgeCases tests/test_move_nodes_fast.cpp:466 (test_move_nodes_fast+0x2b850)
    #9 main tests/test_move_nodes_fast.cpp:674 (test_move_nodes_fast+0x2e2c8)

  Location is stack of main thread.

  Location is global '<null>' at 0x000000000000 ([stack]+0x00000001f320)

  Thread T2 (tid=5, running) created by main thread at:
    #0 pthread_create ../../../../src/libsanitizer/tsan/tsan_interceptors_posix.cpp:969 (libtsan.so.0+0x605b8)
    #1 <null> <null> (libgomp.so.1+0x1e25f)
    #2 RunStage4AAndCheck tests/test_move_nodes_fast.cpp:201 (test_move_nodes_fast+0x2b4c1)
    #3 TestStage4ABasicAndEdgeCases tests/test_move_nodes_fast.cpp:464 (test_move_nodes_fast+0x2b7d4)
    #4 main tests/test_move_nodes_fast.cpp:674 (test_move_nodes_fast+0x2e2c8)

SUMMARY: ThreadSanitizer: data race common/Types.hpp:32 in num_vertices(SimpleGraph const&)
==================
==================
WARNING: ThreadSanitizer: data race (pid=2)
  Read of size 8 at 0x7ffd2222e688 by thread T2:
    #0 std::vector<int, std::allocator<int> >::size() const /usr/include/c++/11/bits/stl_vector.h:919 (test_move_nodes_fast+0x432e)
    #1 ValidatePartitionSize /home/stomo/WorkSpace/MyLeiden/QualityFunction.cpp:34 (test_move_nodes_fast+0x432e)
    #2 BuildNeighborCommunityWeights(SimpleGraph const&, LeidenPartition const&, int, NeighborCommunityScratch&) /home/stomo/WorkSpace/MyLeiden/QualityFunction.cpp:170 (test_move_nodes_fast+0x63ac)
    #3 MoveNodesFastParallelStage4A(SimpleGraph const&, LeidenGraphStats const&, LeidenPartition, QualityFunction const&, unsigned long, unsigned long, LeidenOptions const*) [clone ._omp_fn.0] /home/stomo/WorkSpace/MyLeiden/Leiden.cpp:1191 (test_move_nodes_fast+0xc5d4)
    #4 <null> <null> (libgomp.so.1+0x1dc0d)

  Previous write of size 8 at 0x7ffd2222e688 by main thread:
    #0 std::_Vector_base<int, std::allocator<int> >::_Vector_impl_data::_Vector_impl_data() /usr/include/c++/11/bits/stl_vector.h:98 (test_move_nodes_fast+0xc87d)
    #1 std::_Vector_base<int, std::allocator<int> >::_Vector_impl::_Vector_impl() /usr/include/c++/11/bits/stl_vector.h:133 (test_move_nodes_fast+0xc87d)
    #2 std::_Vector_base<int, std::allocator<int> >::_Vector_base() /usr/include/c++/11/bits/stl_vector.h:288 (test_move_nodes_fast+0xc87d)
    #3 std::vector<int, std::allocator<int> >::vector() /usr/include/c++/11/bits/stl_vector.h:487 (test_move_nodes_fast+0xc87d)
    #4 LeidenPartition::LeidenPartition() /home/stomo/WorkSpace/MyLeiden/LeidenTypes.hpp:21 (test_move_nodes_fast+0xc87d)
    #5 MoveNodesFastResult::MoveNodesFastResult() /home/stomo/WorkSpace/MyLeiden/Leiden.hpp:11 (test_move_nodes_fast+0xc87d)
    #6 MoveNodesFastParallelStage4A(SimpleGraph const&, LeidenGraphStats const&, LeidenPartition, QualityFunction const&, unsigned long, unsigned long, LeidenOptions const*) /home/stomo/WorkSpace/MyLeiden/Leiden.cpp:1138 (test_move_nodes_fast+0xc87d)
    #7 RunStage4AAndCheck tests/test_move_nodes_fast.cpp:201 (test_move_nodes_fast+0x2b4c1)
    #8 TestStage4ABasicAndEdgeCases tests/test_move_nodes_fast.cpp:491 (test_move_nodes_fast+0x2bba7)
    #9 main tests/test_move_nodes_fast.cpp:674 (test_move_nodes_fast+0x2e2c8)

  Location is stack of main thread.

  Location is global '<null>' at 0x000000000000 ([stack]+0x00000001f688)

  Thread T2 (tid=5, running) created by main thread at:
    #0 pthread_create ../../../../src/libsanitizer/tsan/tsan_interceptors_posix.cpp:969 (libtsan.so.0+0x605b8)
    #1 <null> <null> (libgomp.so.1+0x1e25f)
    #2 RunStage4AAndCheck tests/test_move_nodes_fast.cpp:201 (test_move_nodes_fast+0x2b4c1)
    #3 TestStage4ABasicAndEdgeCases tests/test_move_nodes_fast.cpp:464 (test_move_nodes_fast+0x2b7d4)
    #4 main tests/test_move_nodes_fast.cpp:674 (test_move_nodes_fast+0x2e2c8)

SUMMARY: ThreadSanitizer: data race /usr/include/c++/11/bits/stl_vector.h:919 in std::vector<int, std::allocator<int> >::size() const
==================
==================
WARNING: ThreadSanitizer: data race (pid=2)
  Read of size 8 at 0x7ffd2222e6b8 by thread T2:
    #0 std::vector<double, std::allocator<double> >::size() const /usr/include/c++/11/bits/stl_vector.h:919 (test_move_nodes_fast+0x4384)
    #1 ValidatePartitionSize /home/stomo/WorkSpace/MyLeiden/QualityFunction.cpp:38 (test_move_nodes_fast+0x4384)
    #2 BuildNeighborCommunityWeights(SimpleGraph const&, LeidenPartition const&, int, NeighborCommunityScratch&) /home/stomo/WorkSpace/MyLeiden/QualityFunction.cpp:170 (test_move_nodes_fast+0x63ac)
    #3 MoveNodesFastParallelStage4A(SimpleGraph const&, LeidenGraphStats const&, LeidenPartition, QualityFunction const&, unsigned long, unsigned long, LeidenOptions const*) [clone ._omp_fn.0] /home/stomo/WorkSpace/MyLeiden/Leiden.cpp:1191 (test_move_nodes_fast+0xc5d4)
    #4 <null> <null> (libgomp.so.1+0x1dc0d)

  Previous write of size 8 at 0x7ffd2222e6b8 by main thread:
    #0 std::_Vector_base<double, std::allocator<double> >::_Vector_impl_data::_Vector_impl_data() /usr/include/c++/11/bits/stl_vector.h:98 (test_move_nodes_fast+0xc8e3)
    #1 std::_Vector_base<double, std::allocator<double> >::_Vector_impl::_Vector_impl() /usr/include/c++/11/bits/stl_vector.h:133 (test_move_nodes_fast+0xc8e3)
    #2 std::_Vector_base<double, std::allocator<double> >::_Vector_base() /usr/include/c++/11/bits/stl_vector.h:288 (test_move_nodes_fast+0xc8e3)
    #3 std::vector<double, std::allocator<double> >::vector() /usr/include/c++/11/bits/stl_vector.h:487 (test_move_nodes_fast+0xc8e3)
    #4 LeidenPartition::LeidenPartition() /home/stomo/WorkSpace/MyLeiden/LeidenTypes.hpp:21 (test_move_nodes_fast+0xc8e3)
    #5 MoveNodesFastResult::MoveNodesFastResult() /home/stomo/WorkSpace/MyLeiden/Leiden.hpp:11 (test_move_nodes_fast+0xc8e3)
    #6 MoveNodesFastParallelStage4A(SimpleGraph const&, LeidenGraphStats const&, LeidenPartition, QualityFunction const&, unsigned long, unsigned long, LeidenOptions const*) /home/stomo/WorkSpace/MyLeiden/Leiden.cpp:1138 (test_move_nodes_fast+0xc8e3)
    #7 RunStage4AAndCheck tests/test_move_nodes_fast.cpp:201 (test_move_nodes_fast+0x2b4c1)
    #8 TestStage4ABasicAndEdgeCases tests/test_move_nodes_fast.cpp:491 (test_move_nodes_fast+0x2bba7)
    #9 main tests/test_move_nodes_fast.cpp:674 (test_move_nodes_fast+0x2e2c8)

  Location is stack of main thread.

  Location is global '<null>' at 0x000000000000 ([stack]+0x00000001f6b8)

  Thread T2 (tid=5, running) created by main thread at:
    #0 pthread_create ../../../../src/libsanitizer/tsan/tsan_interceptors_posix.cpp:969 (libtsan.so.0+0x605b8)
    #1 <null> <null> (libgomp.so.1+0x1e25f)
    #2 RunStage4AAndCheck tests/test_move_nodes_fast.cpp:201 (test_move_nodes_fast+0x2b4c1)
    #3 TestStage4ABasicAndEdgeCases tests/test_move_nodes_fast.cpp:464 (test_move_nodes_fast+0x2b7d4)
    #4 main tests/test_move_nodes_fast.cpp:674 (test_move_nodes_fast+0x2e2c8)

SUMMARY: ThreadSanitizer: data race /usr/include/c++/11/bits/stl_vector.h:919 in std::vector<double, std::allocator<double> >::size() const
==================
==================
WARNING: ThreadSanitizer: data race (pid=2)
  Read of size 8 at 0x7ffd2222e6b0 by thread T2:
    #0 std::vector<double, std::allocator<double> >::size() const /usr/include/c++/11/bits/stl_vector.h:919 (test_move_nodes_fast+0x4390)
    #1 ValidatePartitionSize /home/stomo/WorkSpace/MyLeiden/QualityFunction.cpp:38 (test_move_nodes_fast+0x4390)
    #2 BuildNeighborCommunityWeights(SimpleGraph const&, LeidenPartition const&, int, NeighborCommunityScratch&) /home/stomo/WorkSpace/MyLeiden/QualityFunction.cpp:170 (test_move_nodes_fast+0x63ac)
    #3 MoveNodesFastParallelStage4A(SimpleGraph const&, LeidenGraphStats const&, LeidenPartition, QualityFunction const&, unsigned long, unsigned long, LeidenOptions const*) [clone ._omp_fn.0] /home/stomo/WorkSpace/MyLeiden/Leiden.cpp:1191 (test_move_nodes_fast+0xc5d4)
    #4 <null> <null> (libgomp.so.1+0x1dc0d)

  Previous write of size 8 at 0x7ffd2222e6b0 by main thread:
    #0 std::_Vector_base<double, std::allocator<double> >::_Vector_impl_data::_Vector_impl_data() /usr/include/c++/11/bits/stl_vector.h:98 (test_move_nodes_fast+0xc8d2)
    #1 std::_Vector_base<double, std::allocator<double> >::_Vector_impl::_Vector_impl() /usr/include/c++/11/bits/stl_vector.h:133 (test_move_nodes_fast+0xc8d2)
    #2 std::_Vector_base<double, std::allocator<double> >::_Vector_base() /usr/include/c++/11/bits/stl_vector.h:288 (test_move_nodes_fast+0xc8d2)
    #3 std::vector<double, std::allocator<double> >::vector() /usr/include/c++/11/bits/stl_vector.h:487 (test_move_nodes_fast+0xc8d2)
    #4 LeidenPartition::LeidenPartition() /home/stomo/WorkSpace/MyLeiden/LeidenTypes.hpp:21 (test_move_nodes_fast+0xc8d2)
    #5 MoveNodesFastResult::MoveNodesFastResult() /home/stomo/WorkSpace/MyLeiden/Leiden.hpp:11 (test_move_nodes_fast+0xc8d2)
    #6 MoveNodesFastParallelStage4A(SimpleGraph const&, LeidenGraphStats const&, LeidenPartition, QualityFunction const&, unsigned long, unsigned long, LeidenOptions const*) /home/stomo/WorkSpace/MyLeiden/Leiden.cpp:1138 (test_move_nodes_fast+0xc8d2)
    #7 RunStage4AAndCheck tests/test_move_nodes_fast.cpp:201 (test_move_nodes_fast+0x2b4c1)
    #8 TestStage4ABasicAndEdgeCases tests/test_move_nodes_fast.cpp:491 (test_move_nodes_fast+0x2bba7)
    #9 main tests/test_move_nodes_fast.cpp:674 (test_move_nodes_fast+0x2e2c8)

  Location is stack of main thread.

  Location is global '<null>' at 0x000000000000 ([stack]+0x00000001f6b0)

  Thread T2 (tid=5, running) created by main thread at:
    #0 pthread_create ../../../../src/libsanitizer/tsan/tsan_interceptors_posix.cpp:969 (libtsan.so.0+0x605b8)
    #1 <null> <null> (libgomp.so.1+0x1e25f)
    #2 RunStage4AAndCheck tests/test_move_nodes_fast.cpp:201 (test_move_nodes_fast+0x2b4c1)
    #3 TestStage4ABasicAndEdgeCases tests/test_move_nodes_fast.cpp:464 (test_move_nodes_fast+0x2b7d4)
    #4 main tests/test_move_nodes_fast.cpp:674 (test_move_nodes_fast+0x2e2c8)

SUMMARY: ThreadSanitizer: data race /usr/include/c++/11/bits/stl_vector.h:919 in std::vector<double, std::allocator<double> >::size() const
==================
==================
WARNING: ThreadSanitizer: data race (pid=2)
  Read of size 8 at 0x7ffd2222e6d0 by thread T2:
    #0 std::vector<double, std::allocator<double> >::size() const /usr/include/c++/11/bits/stl_vector.h:919 (test_move_nodes_fast+0x43aa)
    #1 ValidatePartitionSize /home/stomo/WorkSpace/MyLeiden/QualityFunction.cpp:39 (test_move_nodes_fast+0x43aa)
    #2 BuildNeighborCommunityWeights(SimpleGraph const&, LeidenPartition const&, int, NeighborCommunityScratch&) /home/stomo/WorkSpace/MyLeiden/QualityFunction.cpp:170 (test_move_nodes_fast+0x63ac)
    #3 MoveNodesFastParallelStage4A(SimpleGraph const&, LeidenGraphStats const&, LeidenPartition, QualityFunction const&, unsigned long, unsigned long, LeidenOptions const*) [clone ._omp_fn.0] /home/stomo/WorkSpace/MyLeiden/Leiden.cpp:1191 (test_move_nodes_fast+0xc5d4)
    #4 <null> <null> (libgomp.so.1+0x1dc0d)

  Previous write of size 8 at 0x7ffd2222e6d0 by main thread:
    #0 std::_Vector_base<double, std::allocator<double> >::_Vector_impl_data::_Vector_impl_data() /usr/include/c++/11/bits/stl_vector.h:98 (test_move_nodes_fast+0xc916)
    #1 std::_Vector_base<double, std::allocator<double> >::_Vector_impl::_Vector_impl() /usr/include/c++/11/bits/stl_vector.h:133 (test_move_nodes_fast+0xc916)
    #2 std::_Vector_base<double, std::allocator<double> >::_Vector_base() /usr/include/c++/11/bits/stl_vector.h:288 (test_move_nodes_fast+0xc916)
    #3 std::vector<double, std::allocator<double> >::vector() /usr/include/c++/11/bits/stl_vector.h:487 (test_move_nodes_fast+0xc916)
    #4 LeidenPartition::LeidenPartition() /home/stomo/WorkSpace/MyLeiden/LeidenTypes.hpp:21 (test_move_nodes_fast+0xc916)
    #5 MoveNodesFastResult::MoveNodesFastResult() /home/stomo/WorkSpace/MyLeiden/Leiden.hpp:11 (test_move_nodes_fast+0xc916)
    #6 MoveNodesFastParallelStage4A(SimpleGraph const&, LeidenGraphStats const&, LeidenPartition, QualityFunction const&, unsigned long, unsigned long, LeidenOptions const*) /home/stomo/WorkSpace/MyLeiden/Leiden.cpp:1138 (test_move_nodes_fast+0xc916)
    #7 RunStage4AAndCheck tests/test_move_nodes_fast.cpp:201 (test_move_nodes_fast+0x2b4c1)
    #8 TestStage4ABasicAndEdgeCases tests/test_move_nodes_fast.cpp:491 (test_move_nodes_fast+0x2bba7)
    #9 main tests/test_move_nodes_fast.cpp:674 (test_move_nodes_fast+0x2e2c8)

  Location is stack of main thread.

  Location is global '<null>' at 0x000000000000 ([stack]+0x00000001f6d0)

  Thread T2 (tid=5, running) created by main thread at:
    #0 pthread_create ../../../../src/libsanitizer/tsan/tsan_interceptors_posix.cpp:969 (libtsan.so.0+0x605b8)
    #1 <null> <null> (libgomp.so.1+0x1e25f)
    #2 RunStage4AAndCheck tests/test_move_nodes_fast.cpp:201 (test_move_nodes_fast+0x2b4c1)
    #3 TestStage4ABasicAndEdgeCases tests/test_move_nodes_fast.cpp:464 (test_move_nodes_fast+0x2b7d4)
    #4 main tests/test_move_nodes_fast.cpp:674 (test_move_nodes_fast+0x2e2c8)

SUMMARY: ThreadSanitizer: data race /usr/include/c++/11/bits/stl_vector.h:919 in std::vector<double, std::allocator<double> >::size() const
==================
==================
WARNING: ThreadSanitizer: data race (pid=2)
  Read of size 8 at 0x7ffd2222e6c8 by thread T2:
    #0 std::vector<double, std::allocator<double> >::size() const /usr/include/c++/11/bits/stl_vector.h:919 (test_move_nodes_fast+0x43b6)
    #1 ValidatePartitionSize /home/stomo/WorkSpace/MyLeiden/QualityFunction.cpp:39 (test_move_nodes_fast+0x43b6)
    #2 BuildNeighborCommunityWeights(SimpleGraph const&, LeidenPartition const&, int, NeighborCommunityScratch&) /home/stomo/WorkSpace/MyLeiden/QualityFunction.cpp:170 (test_move_nodes_fast+0x63ac)
    #3 MoveNodesFastParallelStage4A(SimpleGraph const&, LeidenGraphStats const&, LeidenPartition, QualityFunction const&, unsigned long, unsigned long, LeidenOptions const*) [clone ._omp_fn.0] /home/stomo/WorkSpace/MyLeiden/Leiden.cpp:1191 (test_move_nodes_fast+0xc5d4)
    #4 <null> <null> (libgomp.so.1+0x1dc0d)

  Previous write of size 8 at 0x7ffd2222e6c8 by main thread:
    #0 std::_Vector_base<double, std::allocator<double> >::_Vector_impl_data::_Vector_impl_data() /usr/include/c++/11/bits/stl_vector.h:98 (test_move_nodes_fast+0xc905)
    #1 std::_Vector_base<double, std::allocator<double> >::_Vector_impl::_Vector_impl() /usr/include/c++/11/bits/stl_vector.h:133 (test_move_nodes_fast+0xc905)
    #2 std::_Vector_base<double, std::allocator<double> >::_Vector_base() /usr/include/c++/11/bits/stl_vector.h:288 (test_move_nodes_fast+0xc905)
    #3 std::vector<double, std::allocator<double> >::vector() /usr/include/c++/11/bits/stl_vector.h:487 (test_move_nodes_fast+0xc905)
    #4 LeidenPartition::LeidenPartition() /home/stomo/WorkSpace/MyLeiden/LeidenTypes.hpp:21 (test_move_nodes_fast+0xc905)
    #5 MoveNodesFastResult::MoveNodesFastResult() /home/stomo/WorkSpace/MyLeiden/Leiden.hpp:11 (test_move_nodes_fast+0xc905)
    #6 MoveNodesFastParallelStage4A(SimpleGraph const&, LeidenGraphStats const&, LeidenPartition, QualityFunction const&, unsigned long, unsigned long, LeidenOptions const*) /home/stomo/WorkSpace/MyLeiden/Leiden.cpp:1138 (test_move_nodes_fast+0xc905)
    #7 RunStage4AAndCheck tests/test_move_nodes_fast.cpp:201 (test_move_nodes_fast+0x2b4c1)
    #8 TestStage4ABasicAndEdgeCases tests/test_move_nodes_fast.cpp:491 (test_move_nodes_fast+0x2bba7)
    #9 main tests/test_move_nodes_fast.cpp:674 (test_move_nodes_fast+0x2e2c8)

  Location is stack of main thread.

  Location is global '<null>' at 0x000000000000 ([stack]+0x00000001f6c8)

  Thread T2 (tid=5, running) created by main thread at:
    #0 pthread_create ../../../../src/libsanitizer/tsan/tsan_interceptors_posix.cpp:969 (libtsan.so.0+0x605b8)
    #1 <null> <null> (libgomp.so.1+0x1e25f)
    #2 RunStage4AAndCheck tests/test_move_nodes_fast.cpp:201 (test_move_nodes_fast+0x2b4c1)
    #3 TestStage4ABasicAndEdgeCases tests/test_move_nodes_fast.cpp:464 (test_move_nodes_fast+0x2b7d4)
    #4 main tests/test_move_nodes_fast.cpp:674 (test_move_nodes_fast+0x2e2c8)

SUMMARY: ThreadSanitizer: data race /usr/include/c++/11/bits/stl_vector.h:919 in std::vector<double, std::allocator<double> >::size() const
==================
==================
WARNING: ThreadSanitizer: data race (pid=2)
  Read of size 8 at 0x7ffd2222e6e8 by thread T2:
    #0 std::vector<unsigned char, std::allocator<unsigned char> >::size() const /usr/include/c++/11/bits/stl_vector.h:919 (test_move_nodes_fast+0x43d0)
    #1 ValidatePartitionSize /home/stomo/WorkSpace/MyLeiden/QualityFunction.cpp:40 (test_move_nodes_fast+0x43d0)
    #2 BuildNeighborCommunityWeights(SimpleGraph const&, LeidenPartition const&, int, NeighborCommunityScratch&) /home/stomo/WorkSpace/MyLeiden/QualityFunction.cpp:170 (test_move_nodes_fast+0x63ac)
    #3 MoveNodesFastParallelStage4A(SimpleGraph const&, LeidenGraphStats const&, LeidenPartition, QualityFunction const&, unsigned long, unsigned long, LeidenOptions const*) [clone ._omp_fn.0] /home/stomo/WorkSpace/MyLeiden/Leiden.cpp:1191 (test_move_nodes_fast+0xc5d4)
    #4 <null> <null> (libgomp.so.1+0x1dc0d)

  Previous write of size 8 at 0x7ffd2222e6e8 by main thread:
    #0 std::_Vector_base<unsigned char, std::allocator<unsigned char> >::_Vector_impl_data::_Vector_impl_data() /usr/include/c++/11/bits/stl_vector.h:98 (test_move_nodes_fast+0xc949)
    #1 std::_Vector_base<unsigned char, std::allocator<unsigned char> >::_Vector_impl::_Vector_impl() /usr/include/c++/11/bits/stl_vector.h:133 (test_move_nodes_fast+0xc949)
    #2 std::_Vector_base<unsigned char, std::allocator<unsigned char> >::_Vector_base() /usr/include/c++/11/bits/stl_vector.h:288 (test_move_nodes_fast+0xc949)
    #3 std::vector<unsigned char, std::allocator<unsigned char> >::vector() /usr/include/c++/11/bits/stl_vector.h:487 (test_move_nodes_fast+0xc949)
    #4 LeidenPartition::LeidenPartition() /home/stomo/WorkSpace/MyLeiden/LeidenTypes.hpp:21 (test_move_nodes_fast+0xc949)
    #5 MoveNodesFastResult::MoveNodesFastResult() /home/stomo/WorkSpace/MyLeiden/Leiden.hpp:11 (test_move_nodes_fast+0xc949)
    #6 MoveNodesFastParallelStage4A(SimpleGraph const&, LeidenGraphStats const&, LeidenPartition, QualityFunction const&, unsigned long, unsigned long, LeidenOptions const*) /home/stomo/WorkSpace/MyLeiden/Leiden.cpp:1138 (test_move_nodes_fast+0xc949)
    #7 RunStage4AAndCheck tests/test_move_nodes_fast.cpp:201 (test_move_nodes_fast+0x2b4c1)
    #8 TestStage4ABasicAndEdgeCases tests/test_move_nodes_fast.cpp:491 (test_move_nodes_fast+0x2bba7)
    #9 main tests/test_move_nodes_fast.cpp:674 (test_move_nodes_fast+0x2e2c8)

  Location is stack of main thread.

  Location is global '<null>' at 0x000000000000 ([stack]+0x00000001f6e8)

  Thread T2 (tid=5, running) created by main thread at:
    #0 pthread_create ../../../../src/libsanitizer/tsan/tsan_interceptors_posix.cpp:969 (libtsan.so.0+0x605b8)
    #1 <null> <null> (libgomp.so.1+0x1e25f)
    #2 RunStage4AAndCheck tests/test_move_nodes_fast.cpp:201 (test_move_nodes_fast+0x2b4c1)
    #3 TestStage4ABasicAndEdgeCases tests/test_move_nodes_fast.cpp:464 (test_move_nodes_fast+0x2b7d4)
    #4 main tests/test_move_nodes_fast.cpp:674 (test_move_nodes_fast+0x2e2c8)

SUMMARY: ThreadSanitizer: data race /usr/include/c++/11/bits/stl_vector.h:919 in std::vector<unsigned char, std::allocator<unsigned char> >::size() const
==================
==================
WARNING: ThreadSanitizer: data race (pid=2)
  Read of size 8 at 0x7ffd2222e6e0 by thread T2:
    #0 std::vector<unsigned char, std::allocator<unsigned char> >::size() const /usr/include/c++/11/bits/stl_vector.h:919 (test_move_nodes_fast+0x43dc)
    #1 ValidatePartitionSize /home/stomo/WorkSpace/MyLeiden/QualityFunction.cpp:40 (test_move_nodes_fast+0x43dc)
    #2 BuildNeighborCommunityWeights(SimpleGraph const&, LeidenPartition const&, int, NeighborCommunityScratch&) /home/stomo/WorkSpace/MyLeiden/QualityFunction.cpp:170 (test_move_nodes_fast+0x63ac)
    #3 MoveNodesFastParallelStage4A(SimpleGraph const&, LeidenGraphStats const&, LeidenPartition, QualityFunction const&, unsigned long, unsigned long, LeidenOptions const*) [clone ._omp_fn.0] /home/stomo/WorkSpace/MyLeiden/Leiden.cpp:1191 (test_move_nodes_fast+0xc5d4)
    #4 <null> <null> (libgomp.so.1+0x1dc0d)

  Previous write of size 8 at 0x7ffd2222e6e0 by main thread:
    #0 std::_Vector_base<unsigned char, std::allocator<unsigned char> >::_Vector_impl_data::_Vector_impl_data() /usr/include/c++/11/bits/stl_vector.h:98 (test_move_nodes_fast+0xc938)
    #1 std::_Vector_base<unsigned char, std::allocator<unsigned char> >::_Vector_impl::_Vector_impl() /usr/include/c++/11/bits/stl_vector.h:133 (test_move_nodes_fast+0xc938)
    #2 std::_Vector_base<unsigned char, std::allocator<unsigned char> >::_Vector_base() /usr/include/c++/11/bits/stl_vector.h:288 (test_move_nodes_fast+0xc938)
    #3 std::vector<unsigned char, std::allocator<unsigned char> >::vector() /usr/include/c++/11/bits/stl_vector.h:487 (test_move_nodes_fast+0xc938)
    #4 LeidenPartition::LeidenPartition() /home/stomo/WorkSpace/MyLeiden/LeidenTypes.hpp:21 (test_move_nodes_fast+0xc938)
    #5 MoveNodesFastResult::MoveNodesFastResult() /home/stomo/WorkSpace/MyLeiden/Leiden.hpp:11 (test_move_nodes_fast+0xc938)
    #6 MoveNodesFastParallelStage4A(SimpleGraph const&, LeidenGraphStats const&, LeidenPartition, QualityFunction const&, unsigned long, unsigned long, LeidenOptions const*) /home/stomo/WorkSpace/MyLeiden/Leiden.cpp:1138 (test_move_nodes_fast+0xc938)
    #7 RunStage4AAndCheck tests/test_move_nodes_fast.cpp:201 (test_move_nodes_fast+0x2b4c1)
    #8 TestStage4ABasicAndEdgeCases tests/test_move_nodes_fast.cpp:491 (test_move_nodes_fast+0x2bba7)
    #9 main tests/test_move_nodes_fast.cpp:674 (test_move_nodes_fast+0x2e2c8)

  Location is stack of main thread.

  Location is global '<null>' at 0x000000000000 ([stack]+0x00000001f6e0)

  Thread T2 (tid=5, running) created by main thread at:
    #0 pthread_create ../../../../src/libsanitizer/tsan/tsan_interceptors_posix.cpp:969 (libtsan.so.0+0x605b8)
    #1 <null> <null> (libgomp.so.1+0x1e25f)
    #2 RunStage4AAndCheck tests/test_move_nodes_fast.cpp:201 (test_move_nodes_fast+0x2b4c1)
    #3 TestStage4ABasicAndEdgeCases tests/test_move_nodes_fast.cpp:464 (test_move_nodes_fast+0x2b7d4)
    #4 main tests/test_move_nodes_fast.cpp:674 (test_move_nodes_fast+0x2e2c8)

SUMMARY: ThreadSanitizer: data race /usr/include/c++/11/bits/stl_vector.h:919 in std::vector<unsigned char, std::allocator<unsigned char> >::size() const
==================
==================
WARNING: ThreadSanitizer: data race (pid=2)
  Read of size 4 at 0x7ffd2222e6f8 by thread T2:
    #0 ValidatePartitionSize /home/stomo/WorkSpace/MyLeiden/QualityFunction.cpp:43 (test_move_nodes_fast+0x43ee)
    #1 BuildNeighborCommunityWeights(SimpleGraph const&, LeidenPartition const&, int, NeighborCommunityScratch&) /home/stomo/WorkSpace/MyLeiden/QualityFunction.cpp:170 (test_move_nodes_fast+0x63ac)
    #2 MoveNodesFastParallelStage4A(SimpleGraph const&, LeidenGraphStats const&, LeidenPartition, QualityFunction const&, unsigned long, unsigned long, LeidenOptions const*) [clone ._omp_fn.0] /home/stomo/WorkSpace/MyLeiden/Leiden.cpp:1191 (test_move_nodes_fast+0xc5d4)
    #3 <null> <null> (libgomp.so.1+0x1dc0d)

  Previous write of size 4 at 0x7ffd2222e6f8 by main thread:
    #0 LeidenPartition::LeidenPartition() /home/stomo/WorkSpace/MyLeiden/LeidenTypes.hpp:21 (test_move_nodes_fast+0xc96b)
    #1 MoveNodesFastResult::MoveNodesFastResult() /home/stomo/WorkSpace/MyLeiden/Leiden.hpp:11 (test_move_nodes_fast+0xc96b)
    #2 MoveNodesFastParallelStage4A(SimpleGraph const&, LeidenGraphStats const&, LeidenPartition, QualityFunction const&, unsigned long, unsigned long, LeidenOptions const*) /home/stomo/WorkSpace/MyLeiden/Leiden.cpp:1138 (test_move_nodes_fast+0xc96b)
    #3 RunStage4AAndCheck tests/test_move_nodes_fast.cpp:201 (test_move_nodes_fast+0x2b4c1)
    #4 TestStage4ABasicAndEdgeCases tests/test_move_nodes_fast.cpp:491 (test_move_nodes_fast+0x2bba7)
    #5 main tests/test_move_nodes_fast.cpp:674 (test_move_nodes_fast+0x2e2c8)

  Location is stack of main thread.

  Location is global '<null>' at 0x000000000000 ([stack]+0x00000001f6f8)

  Thread T2 (tid=5, running) created by main thread at:
    #0 pthread_create ../../../../src/libsanitizer/tsan/tsan_interceptors_posix.cpp:969 (libtsan.so.0+0x605b8)
    #1 <null> <null> (libgomp.so.1+0x1e25f)
    #2 RunStage4AAndCheck tests/test_move_nodes_fast.cpp:201 (test_move_nodes_fast+0x2b4c1)
    #3 TestStage4ABasicAndEdgeCases tests/test_move_nodes_fast.cpp:464 (test_move_nodes_fast+0x2b7d4)
    #4 main tests/test_move_nodes_fast.cpp:674 (test_move_nodes_fast+0x2e2c8)

SUMMARY: ThreadSanitizer: data race /home/stomo/WorkSpace/MyLeiden/QualityFunction.cpp:43 in ValidatePartitionSize
==================
==================
WARNING: ThreadSanitizer: data race (pid=2)
  Read of size 8 at 0x7ffd2222e328 by thread T2:
    #0 std::vector<std::vector<Edge, std::allocator<Edge> >, std::allocator<std::vector<Edge, std::allocator<Edge> > > >::operator[](unsigned long) const /usr/include/c++/11/bits/stl_vector.h:1064 (test_move_nodes_fast+0x64bc)
    #1 BuildNeighborCommunityWeights(SimpleGraph const&, LeidenPartition const&, int, NeighborCommunityScratch&) /home/stomo/WorkSpace/MyLeiden/QualityFunction.cpp:186 (test_move_nodes_fast+0x64bc)
    #2 MoveNodesFastParallelStage4A(SimpleGraph const&, LeidenGraphStats const&, LeidenPartition, QualityFunction const&, unsigned long, unsigned long, LeidenOptions const*) [clone ._omp_fn.0] /home/stomo/WorkSpace/MyLeiden/Leiden.cpp:1191 (test_move_nodes_fast+0xc5d4)
    #3 <null> <null> (libgomp.so.1+0x1dc0d)

  Previous write of size 8 at 0x7ffd2222e328 by main thread:
    #0 std::_Vector_base<int, std::allocator<int> >::_Vector_impl_data::_Vector_impl_data() /usr/include/c++/11/bits/stl_vector.h:98 (test_move_nodes_fast+0xc87d)
    #1 std::_Vector_base<int, std::allocator<int> >::_Vector_impl::_Vector_impl() /usr/include/c++/11/bits/stl_vector.h:133 (test_move_nodes_fast+0xc87d)
    #2 std::_Vector_base<int, std::allocator<int> >::_Vector_base() /usr/include/c++/11/bits/stl_vector.h:288 (test_move_nodes_fast+0xc87d)
    #3 std::vector<int, std::allocator<int> >::vector() /usr/include/c++/11/bits/stl_vector.h:487 (test_move_nodes_fast+0xc87d)
    #4 LeidenPartition::LeidenPartition() /home/stomo/WorkSpace/MyLeiden/LeidenTypes.hpp:21 (test_move_nodes_fast+0xc87d)
    #5 MoveNodesFastResult::MoveNodesFastResult() /home/stomo/WorkSpace/MyLeiden/Leiden.hpp:11 (test_move_nodes_fast+0xc87d)
    #6 MoveNodesFastParallelStage4A(SimpleGraph const&, LeidenGraphStats const&, LeidenPartition, QualityFunction const&, unsigned long, unsigned long, LeidenOptions const*) /home/stomo/WorkSpace/MyLeiden/Leiden.cpp:1138 (test_move_nodes_fast+0xc87d)
    #7 RunStage4AAndCheck tests/test_move_nodes_fast.cpp:201 (test_move_nodes_fast+0x2b4c1)
    #8 TestStage4ABasicAndEdgeCases tests/test_move_nodes_fast.cpp:466 (test_move_nodes_fast+0x2b850)
    #9 main tests/test_move_nodes_fast.cpp:674 (test_move_nodes_fast+0x2e2c8)

  Location is stack of main thread.

  Location is global '<null>' at 0x000000000000 ([stack]+0x00000001f328)

  Thread T2 (tid=5, running) created by main thread at:
    #0 pthread_create ../../../../src/libsanitizer/tsan/tsan_interceptors_posix.cpp:969 (libtsan.so.0+0x605b8)
    #1 <null> <null> (libgomp.so.1+0x1e25f)
    #2 RunStage4AAndCheck tests/test_move_nodes_fast.cpp:201 (test_move_nodes_fast+0x2b4c1)
    #3 TestStage4ABasicAndEdgeCases tests/test_move_nodes_fast.cpp:464 (test_move_nodes_fast+0x2b7d4)
    #4 main tests/test_move_nodes_fast.cpp:674 (test_move_nodes_fast+0x2e2c8)

SUMMARY: ThreadSanitizer: data race /usr/include/c++/11/bits/stl_vector.h:1064 in std::vector<std::vector<Edge, std::allocator<Edge> >, std::allocator<std::vector<Edge, std::allocator<Edge> > > >::operator[](unsigned long) const
==================
==================
WARNING: ThreadSanitizer: data race (pid=2)
  Read of size 8 at 0x7b0400000088 by thread T2:
    #0 BuildNeighborCommunityWeights(SimpleGraph const&, LeidenPartition const&, int, NeighborCommunityScratch&) /home/stomo/WorkSpace/MyLeiden/QualityFunction.cpp:201 (test_move_nodes_fast+0x6620)
    #1 MoveNodesFastParallelStage4A(SimpleGraph const&, LeidenGraphStats const&, LeidenPartition, QualityFunction const&, unsigned long, unsigned long, LeidenOptions const*) [clone ._omp_fn.0] /home/stomo/WorkSpace/MyLeiden/Leiden.cpp:1191 (test_move_nodes_fast+0xc5d4)
    #2 <null> <null> (libgomp.so.1+0x1dc0d)

  Previous write of size 8 at 0x7b0400000088 by main thread:
    #0 operator new(unsigned long) ../../../../src/libsanitizer/tsan/tsan_new_delete.cpp:64 (libtsan.so.0+0x8f162)
    #1 __gnu_cxx::new_allocator<Edge>::allocate(unsigned long, void const*) /usr/include/c++/11/ext/new_allocator.h:127 (test_move_nodes_fast+0x23184)
    #2 std::allocator_traits<std::allocator<Edge> >::allocate(std::allocator<Edge>&, unsigned long) /usr/include/c++/11/bits/alloc_traits.h:464 (test_move_nodes_fast+0x23184)
    #3 std::_Vector_base<Edge, std::allocator<Edge> >::_M_allocate(unsigned long) /usr/include/c++/11/bits/stl_vector.h:346 (test_move_nodes_fast+0x23184)
    #4 void std::vector<Edge, std::allocator<Edge> >::_M_realloc_insert<Edge>(__gnu_cxx::__normal_iterator<Edge*, std::vector<Edge, std::allocator<Edge> > >, Edge&&) /usr/include/c++/11/bits/vector.tcc:440 (test_move_nodes_fast+0x23184)
    #5 Edge& std::vector<Edge, std::allocator<Edge> >::emplace_back<Edge>(Edge&&) /usr/include/c++/11/bits/vector.tcc:121 (test_move_nodes_fast+0x2322d)
    #6 std::vector<Edge, std::allocator<Edge> >::push_back(Edge&&) /usr/include/c++/11/bits/stl_vector.h:1204 (test_move_nodes_fast+0x2f50f)
    #7 add_undirected_edge(SimpleGraph&, int, int, double) common/Types.hpp:44 (test_move_nodes_fast+0x2f50f)
    #8 TestStage4ABasicAndEdgeCases tests/test_move_nodes_fast.cpp:489 (test_move_nodes_fast+0x2bb46)
    #9 main tests/test_move_nodes_fast.cpp:674 (test_move_nodes_fast+0x2e2c8)

  Location is heap block of size 16 at 0x7b0400000080 allocated by main thread:
    #0 operator new(unsigned long) ../../../../src/libsanitizer/tsan/tsan_new_delete.cpp:64 (libtsan.so.0+0x8f162)
    #1 __gnu_cxx::new_allocator<Edge>::allocate(unsigned long, void const*) /usr/include/c++/11/ext/new_allocator.h:127 (test_move_nodes_fast+0x23184)
    #2 std::allocator_traits<std::allocator<Edge> >::allocate(std::allocator<Edge>&, unsigned long) /usr/include/c++/11/bits/alloc_traits.h:464 (test_move_nodes_fast+0x23184)
    #3 std::_Vector_base<Edge, std::allocator<Edge> >::_M_allocate(unsigned long) /usr/include/c++/11/bits/stl_vector.h:346 (test_move_nodes_fast+0x23184)
    #4 void std::vector<Edge, std::allocator<Edge> >::_M_realloc_insert<Edge>(__gnu_cxx::__normal_iterator<Edge*, std::vector<Edge, std::allocator<Edge> > >, Edge&&) /usr/include/c++/11/bits/vector.tcc:440 (test_move_nodes_fast+0x23184)
    #5 Edge& std::vector<Edge, std::allocator<Edge> >::emplace_back<Edge>(Edge&&) /usr/include/c++/11/bits/vector.tcc:121 (test_move_nodes_fast+0x2322d)
    #6 std::vector<Edge, std::allocator<Edge> >::push_back(Edge&&) /usr/include/c++/11/bits/stl_vector.h:1204 (test_move_nodes_fast+0x2f50f)
    #7 add_undirected_edge(SimpleGraph&, int, int, double) common/Types.hpp:44 (test_move_nodes_fast+0x2f50f)
    #8 TestStage4ABasicAndEdgeCases tests/test_move_nodes_fast.cpp:489 (test_move_nodes_fast+0x2bb46)
    #9 main tests/test_move_nodes_fast.cpp:674 (test_move_nodes_fast+0x2e2c8)

  Thread T2 (tid=5, running) created by main thread at:
    #0 pthread_create ../../../../src/libsanitizer/tsan/tsan_interceptors_posix.cpp:969 (libtsan.so.0+0x605b8)
    #1 <null> <null> (libgomp.so.1+0x1e25f)
    #2 RunStage4AAndCheck tests/test_move_nodes_fast.cpp:201 (test_move_nodes_fast+0x2b4c1)
    #3 TestStage4ABasicAndEdgeCases tests/test_move_nodes_fast.cpp:464 (test_move_nodes_fast+0x2b7d4)
    #4 main tests/test_move_nodes_fast.cpp:674 (test_move_nodes_fast+0x2e2c8)

SUMMARY: ThreadSanitizer: data race /home/stomo/WorkSpace/MyLeiden/QualityFunction.cpp:201 in BuildNeighborCommunityWeights(SimpleGraph const&, LeidenPartition const&, int, NeighborCommunityScratch&)
==================
==================
WARNING: ThreadSanitizer: data race (pid=2)
  Read of size 8 at 0x7b04000000d8 by thread T2:
    #0 BuildNeighborCommunityWeights(SimpleGraph const&, LeidenPartition const&, int, NeighborCommunityScratch&) /home/stomo/WorkSpace/MyLeiden/QualityFunction.cpp:201 (test_move_nodes_fast+0x6620)
    #1 MoveNodesFastParallelStage4A(SimpleGraph const&, LeidenGraphStats const&, LeidenPartition, QualityFunction const&, unsigned long, unsigned long, LeidenOptions const*) [clone ._omp_fn.0] /home/stomo/WorkSpace/MyLeiden/Leiden.cpp:1191 (test_move_nodes_fast+0xc5d4)
    #2 <null> <null> (libgomp.so.1+0x1dc0d)

  Previous write of size 8 at 0x7b04000000d8 by main thread:
    #0 operator new(unsigned long) ../../../../src/libsanitizer/tsan/tsan_new_delete.cpp:64 (libtsan.so.0+0x8f162)
    #1 __gnu_cxx::new_allocator<Edge>::allocate(unsigned long, void const*) /usr/include/c++/11/ext/new_allocator.h:127 (test_move_nodes_fast+0x23184)
    #2 std::allocator_traits<std::allocator<Edge> >::allocate(std::allocator<Edge>&, unsigned long) /usr/include/c++/11/bits/alloc_traits.h:464 (test_move_nodes_fast+0x23184)
    #3 std::_Vector_base<Edge, std::allocator<Edge> >::_M_allocate(unsigned long) /usr/include/c++/11/bits/stl_vector.h:346 (test_move_nodes_fast+0x23184)
    #4 void std::vector<Edge, std::allocator<Edge> >::_M_realloc_insert<Edge>(__gnu_cxx::__normal_iterator<Edge*, std::vector<Edge, std::allocator<Edge> > >, Edge&&) /usr/include/c++/11/bits/vector.tcc:440 (test_move_nodes_fast+0x23184)
    #5 Edge& std::vector<Edge, std::allocator<Edge> >::emplace_back<Edge>(Edge&&) /usr/include/c++/11/bits/vector.tcc:121 (test_move_nodes_fast+0x2322d)
    #6 std::vector<Edge, std::allocator<Edge> >::push_back(Edge&&) /usr/include/c++/11/bits/stl_vector.h:1204 (test_move_nodes_fast+0x2f4a6)
    #7 add_undirected_edge(SimpleGraph&, int, int, double) common/Types.hpp:42 (test_move_nodes_fast+0x2f4a6)
    #8 TestStage4ABasicAndEdgeCases tests/test_move_nodes_fast.cpp:490 (test_move_nodes_fast+0x2bb64)
    #9 main tests/test_move_nodes_fast.cpp:674 (test_move_nodes_fast+0x2e2c8)

  Location is heap block of size 16 at 0x7b04000000d0 allocated by main thread:
    #0 operator new(unsigned long) ../../../../src/libsanitizer/tsan/tsan_new_delete.cpp:64 (libtsan.so.0+0x8f162)
    #1 __gnu_cxx::new_allocator<Edge>::allocate(unsigned long, void const*) /usr/include/c++/11/ext/new_allocator.h:127 (test_move_nodes_fast+0x23184)
    #2 std::allocator_traits<std::allocator<Edge> >::allocate(std::allocator<Edge>&, unsigned long) /usr/include/c++/11/bits/alloc_traits.h:464 (test_move_nodes_fast+0x23184)
    #3 std::_Vector_base<Edge, std::allocator<Edge> >::_M_allocate(unsigned long) /usr/include/c++/11/bits/stl_vector.h:346 (test_move_nodes_fast+0x23184)
    #4 void std::vector<Edge, std::allocator<Edge> >::_M_realloc_insert<Edge>(__gnu_cxx::__normal_iterator<Edge*, std::vector<Edge, std::allocator<Edge> > >, Edge&&) /usr/include/c++/11/bits/vector.tcc:440 (test_move_nodes_fast+0x23184)
    #5 Edge& std::vector<Edge, std::allocator<Edge> >::emplace_back<Edge>(Edge&&) /usr/include/c++/11/bits/vector.tcc:121 (test_move_nodes_fast+0x2322d)
    #6 std::vector<Edge, std::allocator<Edge> >::push_back(Edge&&) /usr/include/c++/11/bits/stl_vector.h:1204 (test_move_nodes_fast+0x2f4a6)
    #7 add_undirected_edge(SimpleGraph&, int, int, double) common/Types.hpp:42 (test_move_nodes_fast+0x2f4a6)
    #8 TestStage4ABasicAndEdgeCases tests/test_move_nodes_fast.cpp:490 (test_move_nodes_fast+0x2bb64)
    #9 main tests/test_move_nodes_fast.cpp:674 (test_move_nodes_fast+0x2e2c8)

  Thread T2 (tid=5, running) created by main thread at:
    #0 pthread_create ../../../../src/libsanitizer/tsan/tsan_interceptors_posix.cpp:969 (libtsan.so.0+0x605b8)
    #1 <null> <null> (libgomp.so.1+0x1e25f)
    #2 RunStage4AAndCheck tests/test_move_nodes_fast.cpp:201 (test_move_nodes_fast+0x2b4c1)
    #3 TestStage4ABasicAndEdgeCases tests/test_move_nodes_fast.cpp:464 (test_move_nodes_fast+0x2b7d4)
    #4 main tests/test_move_nodes_fast.cpp:674 (test_move_nodes_fast+0x2e2c8)

SUMMARY: ThreadSanitizer: data race /home/stomo/WorkSpace/MyLeiden/QualityFunction.cpp:201 in BuildNeighborCommunityWeights(SimpleGraph const&, LeidenPartition const&, int, NeighborCommunityScratch&)
==================
==================
WARNING: ThreadSanitizer: data race (pid=2)
  Read of size 4 at 0x7b04000000e0 by thread T2:
    #0 BuildNeighborCommunityWeights(SimpleGraph const&, LeidenPartition const&, int, NeighborCommunityScratch&) /home/stomo/WorkSpace/MyLeiden/QualityFunction.cpp:187 (test_move_nodes_fast+0x6658)
    #1 MoveNodesFastParallelStage4A(SimpleGraph const&, LeidenGraphStats const&, LeidenPartition, QualityFunction const&, unsigned long, unsigned long, LeidenOptions const*) [clone ._omp_fn.0] /home/stomo/WorkSpace/MyLeiden/Leiden.cpp:1191 (test_move_nodes_fast+0xc5d4)
    #2 <null> <null> (libgomp.so.1+0x1dc0d)

  Previous write of size 8 at 0x7b04000000e0 by main thread:
    #0 operator new(unsigned long) ../../../../src/libsanitizer/tsan/tsan_new_delete.cpp:64 (libtsan.so.0+0x8f162)
    #1 __gnu_cxx::new_allocator<Edge>::allocate(unsigned long, void const*) /usr/include/c++/11/ext/new_allocator.h:127 (test_move_nodes_fast+0x23184)
    #2 std::allocator_traits<std::allocator<Edge> >::allocate(std::allocator<Edge>&, unsigned long) /usr/include/c++/11/bits/alloc_traits.h:464 (test_move_nodes_fast+0x23184)
    #3 std::_Vector_base<Edge, std::allocator<Edge> >::_M_allocate(unsigned long) /usr/include/c++/11/bits/stl_vector.h:346 (test_move_nodes_fast+0x23184)
    #4 void std::vector<Edge, std::allocator<Edge> >::_M_realloc_insert<Edge>(__gnu_cxx::__normal_iterator<Edge*, std::vector<Edge, std::allocator<Edge> > >, Edge&&) /usr/include/c++/11/bits/vector.tcc:440 (test_move_nodes_fast+0x23184)
    #5 Edge& std::vector<Edge, std::allocator<Edge> >::emplace_back<Edge>(Edge&&) /usr/include/c++/11/bits/vector.tcc:121 (test_move_nodes_fast+0x2322d)
    #6 std::vector<Edge, std::allocator<Edge> >::push_back(Edge&&) /usr/include/c++/11/bits/stl_vector.h:1204 (test_move_nodes_fast+0x2f50f)
    #7 add_undirected_edge(SimpleGraph&, int, int, double) common/Types.hpp:44 (test_move_nodes_fast+0x2f50f)
    #8 TestStage4ABasicAndEdgeCases tests/test_move_nodes_fast.cpp:490 (test_move_nodes_fast+0x2bb64)
    #9 main tests/test_move_nodes_fast.cpp:674 (test_move_nodes_fast+0x2e2c8)

  Location is heap block of size 16 at 0x7b04000000e0 allocated by main thread:
    #0 operator new(unsigned long) ../../../../src/libsanitizer/tsan/tsan_new_delete.cpp:64 (libtsan.so.0+0x8f162)
    #1 __gnu_cxx::new_allocator<Edge>::allocate(unsigned long, void const*) /usr/include/c++/11/ext/new_allocator.h:127 (test_move_nodes_fast+0x23184)
    #2 std::allocator_traits<std::allocator<Edge> >::allocate(std::allocator<Edge>&, unsigned long) /usr/include/c++/11/bits/alloc_traits.h:464 (test_move_nodes_fast+0x23184)
    #3 std::_Vector_base<Edge, std::allocator<Edge> >::_M_allocate(unsigned long) /usr/include/c++/11/bits/stl_vector.h:346 (test_move_nodes_fast+0x23184)
    #4 void std::vector<Edge, std::allocator<Edge> >::_M_realloc_insert<Edge>(__gnu_cxx::__normal_iterator<Edge*, std::vector<Edge, std::allocator<Edge> > >, Edge&&) /usr/include/c++/11/bits/vector.tcc:440 (test_move_nodes_fast+0x23184)
    #5 Edge& std::vector<Edge, std::allocator<Edge> >::emplace_back<Edge>(Edge&&) /usr/include/c++/11/bits/vector.tcc:121 (test_move_nodes_fast+0x2322d)
    #6 std::vector<Edge, std::allocator<Edge> >::push_back(Edge&&) /usr/include/c++/11/bits/stl_vector.h:1204 (test_move_nodes_fast+0x2f50f)
    #7 add_undirected_edge(SimpleGraph&, int, int, double) common/Types.hpp:44 (test_move_nodes_fast+0x2f50f)
    #8 TestStage4ABasicAndEdgeCases tests/test_move_nodes_fast.cpp:490 (test_move_nodes_fast+0x2bb64)
    #9 main tests/test_move_nodes_fast.cpp:674 (test_move_nodes_fast+0x2e2c8)

  Thread T2 (tid=5, running) created by main thread at:
    #0 pthread_create ../../../../src/libsanitizer/tsan/tsan_interceptors_posix.cpp:969 (libtsan.so.0+0x605b8)
    #1 <null> <null> (libgomp.so.1+0x1e25f)
    #2 RunStage4AAndCheck tests/test_move_nodes_fast.cpp:201 (test_move_nodes_fast+0x2b4c1)
    #3 TestStage4ABasicAndEdgeCases tests/test_move_nodes_fast.cpp:464 (test_move_nodes_fast+0x2b7d4)
    #4 main tests/test_move_nodes_fast.cpp:674 (test_move_nodes_fast+0x2e2c8)

SUMMARY: ThreadSanitizer: data race /home/stomo/WorkSpace/MyLeiden/QualityFunction.cpp:187 in BuildNeighborCommunityWeights(SimpleGraph const&, LeidenPartition const&, int, NeighborCommunityScratch&)
==================
==================
WARNING: ThreadSanitizer: data race (pid=2)
  Read of size 8 at 0x7b04000000e8 by thread T2:
    #0 BuildNeighborCommunityWeights(SimpleGraph const&, LeidenPartition const&, int, NeighborCommunityScratch&) /home/stomo/WorkSpace/MyLeiden/QualityFunction.cpp:201 (test_move_nodes_fast+0x6620)
    #1 MoveNodesFastParallelStage4A(SimpleGraph const&, LeidenGraphStats const&, LeidenPartition, QualityFunction const&, unsigned long, unsigned long, LeidenOptions const*) [clone ._omp_fn.0] /home/stomo/WorkSpace/MyLeiden/Leiden.cpp:1191 (test_move_nodes_fast+0xc5d4)
    #2 <null> <null> (libgomp.so.1+0x1dc0d)

  Previous write of size 8 at 0x7b04000000e8 by main thread:
    #0 operator new(unsigned long) ../../../../src/libsanitizer/tsan/tsan_new_delete.cpp:64 (libtsan.so.0+0x8f162)
    #1 __gnu_cxx::new_allocator<Edge>::allocate(unsigned long, void const*) /usr/include/c++/11/ext/new_allocator.h:127 (test_move_nodes_fast+0x23184)
    #2 std::allocator_traits<std::allocator<Edge> >::allocate(std::allocator<Edge>&, unsigned long) /usr/include/c++/11/bits/alloc_traits.h:464 (test_move_nodes_fast+0x23184)
    #3 std::_Vector_base<Edge, std::allocator<Edge> >::_M_allocate(unsigned long) /usr/include/c++/11/bits/stl_vector.h:346 (test_move_nodes_fast+0x23184)
    #4 void std::vector<Edge, std::allocator<Edge> >::_M_realloc_insert<Edge>(__gnu_cxx::__normal_iterator<Edge*, std::vector<Edge, std::allocator<Edge> > >, Edge&&) /usr/include/c++/11/bits/vector.tcc:440 (test_move_nodes_fast+0x23184)
    #5 Edge& std::vector<Edge, std::allocator<Edge> >::emplace_back<Edge>(Edge&&) /usr/include/c++/11/bits/vector.tcc:121 (test_move_nodes_fast+0x2322d)
    #6 std::vector<Edge, std::allocator<Edge> >::push_back(Edge&&) /usr/include/c++/11/bits/stl_vector.h:1204 (test_move_nodes_fast+0x2f50f)
    #7 add_undirected_edge(SimpleGraph&, int, int, double) common/Types.hpp:44 (test_move_nodes_fast+0x2f50f)
    #8 TestStage4ABasicAndEdgeCases tests/test_move_nodes_fast.cpp:490 (test_move_nodes_fast+0x2bb64)
    #9 main tests/test_move_nodes_fast.cpp:674 (test_move_nodes_fast+0x2e2c8)

  Location is heap block of size 16 at 0x7b04000000e0 allocated by main thread:
    #0 operator new(unsigned long) ../../../../src/libsanitizer/tsan/tsan_new_delete.cpp:64 (libtsan.so.0+0x8f162)
    #1 __gnu_cxx::new_allocator<Edge>::allocate(unsigned long, void const*) /usr/include/c++/11/ext/new_allocator.h:127 (test_move_nodes_fast+0x23184)
    #2 std::allocator_traits<std::allocator<Edge> >::allocate(std::allocator<Edge>&, unsigned long) /usr/include/c++/11/bits/alloc_traits.h:464 (test_move_nodes_fast+0x23184)
    #3 std::_Vector_base<Edge, std::allocator<Edge> >::_M_allocate(unsigned long) /usr/include/c++/11/bits/stl_vector.h:346 (test_move_nodes_fast+0x23184)
    #4 void std::vector<Edge, std::allocator<Edge> >::_M_realloc_insert<Edge>(__gnu_cxx::__normal_iterator<Edge*, std::vector<Edge, std::allocator<Edge> > >, Edge&&) /usr/include/c++/11/bits/vector.tcc:440 (test_move_nodes_fast+0x23184)
    #5 Edge& std::vector<Edge, std::allocator<Edge> >::emplace_back<Edge>(Edge&&) /usr/include/c++/11/bits/vector.tcc:121 (test_move_nodes_fast+0x2322d)
    #6 std::vector<Edge, std::allocator<Edge> >::push_back(Edge&&) /usr/include/c++/11/bits/stl_vector.h:1204 (test_move_nodes_fast+0x2f50f)
    #7 add_undirected_edge(SimpleGraph&, int, int, double) common/Types.hpp:44 (test_move_nodes_fast+0x2f50f)
    #8 TestStage4ABasicAndEdgeCases tests/test_move_nodes_fast.cpp:490 (test_move_nodes_fast+0x2bb64)
    #9 main tests/test_move_nodes_fast.cpp:674 (test_move_nodes_fast+0x2e2c8)

  Thread T2 (tid=5, running) created by main thread at:
    #0 pthread_create ../../../../src/libsanitizer/tsan/tsan_interceptors_posix.cpp:969 (libtsan.so.0+0x605b8)
    #1 <null> <null> (libgomp.so.1+0x1e25f)
    #2 RunStage4AAndCheck tests/test_move_nodes_fast.cpp:201 (test_move_nodes_fast+0x2b4c1)
    #3 TestStage4ABasicAndEdgeCases tests/test_move_nodes_fast.cpp:464 (test_move_nodes_fast+0x2b7d4)
    #4 main tests/test_move_nodes_fast.cpp:674 (test_move_nodes_fast+0x2e2c8)

SUMMARY: ThreadSanitizer: data race /home/stomo/WorkSpace/MyLeiden/QualityFunction.cpp:201 in BuildNeighborCommunityWeights(SimpleGraph const&, LeidenPartition const&, int, NeighborCommunityScratch&)
==================
==================
WARNING: ThreadSanitizer: data race (pid=2)
  Read of size 8 at 0x7ffd2222e730 by thread T1:
    #0 std::vector<double, std::allocator<double> >::size() const /usr/include/c++/11/bits/stl_vector.h:919 (test_move_nodes_fast+0xc072)
    #1 MoveNodesFastParallelStage4A(SimpleGraph const&, LeidenGraphStats const&, LeidenPartition, QualityFunction const&, unsigned long, unsigned long, LeidenOptions const*) [clone ._omp_fn.0] /home/stomo/WorkSpace/MyLeiden/Leiden.cpp:1172 (test_move_nodes_fast+0xc072)
    #2 <null> <null> (libgomp.so.1+0x1dc0d)

  Previous write of size 8 at 0x7ffd2222e730 by main thread:
    #0 std::_Vector_base<double, std::allocator<double> >::_Vector_impl_data::_Vector_impl_data() /usr/include/c++/11/bits/stl_vector.h:98 (test_move_nodes_fast+0xc8b0)
    #1 std::_Vector_base<double, std::allocator<double> >::_Vector_impl::_Vector_impl() /usr/include/c++/11/bits/stl_vector.h:133 (test_move_nodes_fast+0xc8b0)
    #2 std::_Vector_base<double, std::allocator<double> >::_Vector_base() /usr/include/c++/11/bits/stl_vector.h:288 (test_move_nodes_fast+0xc8b0)
    #3 std::vector<double, std::allocator<double> >::vector() /usr/include/c++/11/bits/stl_vector.h:487 (test_move_nodes_fast+0xc8b0)
    #4 LeidenPartition::LeidenPartition() /home/stomo/WorkSpace/MyLeiden/LeidenTypes.hpp:21 (test_move_nodes_fast+0xc8b0)
    #5 MoveNodesFastResult::MoveNodesFastResult() /home/stomo/WorkSpace/MyLeiden/Leiden.hpp:11 (test_move_nodes_fast+0xc8b0)
    #6 MoveNodesFastParallelStage4A(SimpleGraph const&, LeidenGraphStats const&, LeidenPartition, QualityFunction const&, unsigned long, unsigned long, LeidenOptions const*) /home/stomo/WorkSpace/MyLeiden/Leiden.cpp:1138 (test_move_nodes_fast+0xc8b0)
    #7 RunStage4AAndCheck tests/test_move_nodes_fast.cpp:201 (test_move_nodes_fast+0x2b4c1)
    #8 TestStage4ABasicAndEdgeCases tests/test_move_nodes_fast.cpp:494 (test_move_nodes_fast+0x2bc0b)
    #9 main tests/test_move_nodes_fast.cpp:674 (test_move_nodes_fast+0x2e2c8)

  Location is stack of main thread.

  Location is global '<null>' at 0x000000000000 ([stack]+0x00000001f730)

  Thread T1 (tid=4, running) created by main thread at:
    #0 pthread_create ../../../../src/libsanitizer/tsan/tsan_interceptors_posix.cpp:969 (libtsan.so.0+0x605b8)
    #1 <null> <null> (libgomp.so.1+0x1e25f)
    #2 RunStage4AAndCheck tests/test_move_nodes_fast.cpp:201 (test_move_nodes_fast+0x2b4c1)
    #3 TestStage4ABasicAndEdgeCases tests/test_move_nodes_fast.cpp:464 (test_move_nodes_fast+0x2b7d4)
    #4 main tests/test_move_nodes_fast.cpp:674 (test_move_nodes_fast+0x2e2c8)

SUMMARY: ThreadSanitizer: data race /usr/include/c++/11/bits/stl_vector.h:919 in std::vector<double, std::allocator<double> >::size() const
==================
==================
WARNING: ThreadSanitizer: data race (pid=2)
  Read of size 8 at 0x7ffd2222e728 by thread T3:
    #0 std::vector<double, std::allocator<double> >::size() const /usr/include/c++/11/bits/stl_vector.h:919 (test_move_nodes_fast+0xc08a)
    #1 MoveNodesFastParallelStage4A(SimpleGraph const&, LeidenGraphStats const&, LeidenPartition, QualityFunction const&, unsigned long, unsigned long, LeidenOptions const*) [clone ._omp_fn.0] /home/stomo/WorkSpace/MyLeiden/Leiden.cpp:1172 (test_move_nodes_fast+0xc08a)
    #2 <null> <null> (libgomp.so.1+0x1dc0d)

  Previous write of size 8 at 0x7ffd2222e728 by main thread:
    #0 std::_Vector_base<double, std::allocator<double> >::_Vector_impl_data::_Vector_impl_data() /usr/include/c++/11/bits/stl_vector.h:98 (test_move_nodes_fast+0xc89f)
    #1 std::_Vector_base<double, std::allocator<double> >::_Vector_impl::_Vector_impl() /usr/include/c++/11/bits/stl_vector.h:133 (test_move_nodes_fast+0xc89f)
    #2 std::_Vector_base<double, std::allocator<double> >::_Vector_base() /usr/include/c++/11/bits/stl_vector.h:288 (test_move_nodes_fast+0xc89f)
    #3 std::vector<double, std::allocator<double> >::vector() /usr/include/c++/11/bits/stl_vector.h:487 (test_move_nodes_fast+0xc89f)
    #4 LeidenPartition::LeidenPartition() /home/stomo/WorkSpace/MyLeiden/LeidenTypes.hpp:21 (test_move_nodes_fast+0xc89f)
    #5 MoveNodesFastResult::MoveNodesFastResult() /home/stomo/WorkSpace/MyLeiden/Leiden.hpp:11 (test_move_nodes_fast+0xc89f)
    #6 MoveNodesFastParallelStage4A(SimpleGraph const&, LeidenGraphStats const&, LeidenPartition, QualityFunction const&, unsigned long, unsigned long, LeidenOptions const*) /home/stomo/WorkSpace/MyLeiden/Leiden.cpp:1138 (test_move_nodes_fast+0xc89f)
    #7 RunStage4AAndCheck tests/test_move_nodes_fast.cpp:201 (test_move_nodes_fast+0x2b4c1)
    #8 TestStage4ABasicAndEdgeCases tests/test_move_nodes_fast.cpp:494 (test_move_nodes_fast+0x2bc0b)
    #9 main tests/test_move_nodes_fast.cpp:674 (test_move_nodes_fast+0x2e2c8)

  Location is stack of main thread.

  Location is global '<null>' at 0x000000000000 ([stack]+0x00000001f728)

  Thread T3 (tid=6, running) created by main thread at:
    #0 pthread_create ../../../../src/libsanitizer/tsan/tsan_interceptors_posix.cpp:969 (libtsan.so.0+0x605b8)
    #1 <null> <null> (libgomp.so.1+0x1e25f)
    #2 RunStage4AAndCheck tests/test_move_nodes_fast.cpp:201 (test_move_nodes_fast+0x2b4c1)
    #3 TestStage4ABasicAndEdgeCases tests/test_move_nodes_fast.cpp:464 (test_move_nodes_fast+0x2b7d4)
    #4 main tests/test_move_nodes_fast.cpp:674 (test_move_nodes_fast+0x2e2c8)

SUMMARY: ThreadSanitizer: data race /usr/include/c++/11/bits/stl_vector.h:919 in std::vector<double, std::allocator<double> >::size() const
==================
==================
WARNING: ThreadSanitizer: data race (pid=2)
  Read of size 8 at 0x7ffd2222e7b8 by thread T1:
    #0 std::vector<double, std::allocator<double> >::size() const /usr/include/c++/11/bits/stl_vector.h:919 (test_move_nodes_fast+0xc08a)
    #1 MoveNodesFastParallelStage4A(SimpleGraph const&, LeidenGraphStats const&, LeidenPartition, QualityFunction const&, unsigned long, unsigned long, LeidenOptions const*) [clone ._omp_fn.0] /home/stomo/WorkSpace/MyLeiden/Leiden.cpp:1172 (test_move_nodes_fast+0xc08a)
    #2 <null> <null> (libgomp.so.1+0x1dc0d)

  Previous write of size 8 at 0x7ffd2222e7b8 by main thread:
    #0 std::_Vector_base<std::vector<Edge, std::allocator<Edge> >, std::allocator<std::vector<Edge, std::allocator<Edge> > > >::_Vector_impl_data::_Vector_impl_data() /usr/include/c++/11/bits/stl_vector.h:98 (test_move_nodes_fast+0x2e3e6)
    #1 std::_Vector_base<std::vector<Edge, std::allocator<Edge> >, std::allocator<std::vector<Edge, std::allocator<Edge> > > >::_Vector_impl::_Vector_impl(std::allocator<std::vector<Edge, std::allocator<Edge> > > const&) /usr/include/c++/11/bits/stl_vector.h:137 (test_move_nodes_fast+0x2e3e6)
    #2 std::_Vector_base<std::vector<Edge, std::allocator<Edge> >, std::allocator<std::vector<Edge, std::allocator<Edge> > > >::_Vector_base(unsigned long, std::allocator<std::vector<Edge, std::allocator<Edge> > > const&) /usr/include/c++/11/bits/stl_vector.h:304 (test_move_nodes_fast+0x2e3e6)
    #3 std::vector<std::vector<Edge, std::allocator<Edge> >, std::allocator<std::vector<Edge, std::allocator<Edge> > > >::vector(unsigned long, std::allocator<std::vector<Edge, std::allocator<Edge> > > const&) /usr/include/c++/11/bits/stl_vector.h:511 (test_move_nodes_fast+0x2e3e6)
    #4 SimpleGraph::SimpleGraph(int) common/Types.hpp:16 (test_move_nodes_fast+0x2e3e6)
    #5 MakeGraph(int) common/Types.hpp:27 (test_move_nodes_fast+0x2b80d)
    #6 TestStage4ABasicAndEdgeCases tests/test_move_nodes_fast.cpp:467 (test_move_nodes_fast+0x2b80d)
    #7 main tests/test_move_nodes_fast.cpp:674 (test_move_nodes_fast+0x2e2c8)

  Location is stack of main thread.

  Location is global '<null>' at 0x000000000000 ([stack]+0x00000001f7b8)

  Thread T1 (tid=4, running) created by main thread at:
    #0 pthread_create ../../../../src/libsanitizer/tsan/tsan_interceptors_posix.cpp:969 (libtsan.so.0+0x605b8)
    #1 <null> <null> (libgomp.so.1+0x1e25f)
    #2 RunStage4AAndCheck tests/test_move_nodes_fast.cpp:201 (test_move_nodes_fast+0x2b4c1)
    #3 TestStage4ABasicAndEdgeCases tests/test_move_nodes_fast.cpp:464 (test_move_nodes_fast+0x2b7d4)
    #4 main tests/test_move_nodes_fast.cpp:674 (test_move_nodes_fast+0x2e2c8)

SUMMARY: ThreadSanitizer: data race /usr/include/c++/11/bits/stl_vector.h:919 in std::vector<double, std::allocator<double> >::size() const
==================
==================
WARNING: ThreadSanitizer: data race (pid=2)
  Read of size 8 at 0x7ffd2222e7c0 by thread T2:
    #0 std::vector<double, std::allocator<double> >::size() const /usr/include/c++/11/bits/stl_vector.h:919 (test_move_nodes_fast+0xc072)
    #1 MoveNodesFastParallelStage4A(SimpleGraph const&, LeidenGraphStats const&, LeidenPartition, QualityFunction const&, unsigned long, unsigned long, LeidenOptions const*) [clone ._omp_fn.0] /home/stomo/WorkSpace/MyLeiden/Leiden.cpp:1172 (test_move_nodes_fast+0xc072)
    #2 <null> <null> (libgomp.so.1+0x1dc0d)

  Previous write of size 8 at 0x7ffd2222e7c0 by main thread:
    #0 std::_Vector_base<double, std::allocator<double> >::_Vector_impl_data::_Vector_impl_data() /usr/include/c++/11/bits/stl_vector.h:98 (test_move_nodes_fast+0xc8b0)
    #1 std::_Vector_base<double, std::allocator<double> >::_Vector_impl::_Vector_impl() /usr/include/c++/11/bits/stl_vector.h:133 (test_move_nodes_fast+0xc8b0)
    #2 std::_Vector_base<double, std::allocator<double> >::_Vector_base() /usr/include/c++/11/bits/stl_vector.h:288 (test_move_nodes_fast+0xc8b0)
    #3 std::vector<double, std::allocator<double> >::vector() /usr/include/c++/11/bits/stl_vector.h:487 (test_move_nodes_fast+0xc8b0)
    #4 LeidenPartition::LeidenPartition() /home/stomo/WorkSpace/MyLeiden/LeidenTypes.hpp:21 (test_move_nodes_fast+0xc8b0)
    #5 MoveNodesFastResult::MoveNodesFastResult() /home/stomo/WorkSpace/MyLeiden/Leiden.hpp:11 (test_move_nodes_fast+0xc8b0)
    #6 MoveNodesFastParallelStage4A(SimpleGraph const&, LeidenGraphStats const&, LeidenPartition, QualityFunction const&, unsigned long, unsigned long, LeidenOptions const*) /home/stomo/WorkSpace/MyLeiden/Leiden.cpp:1138 (test_move_nodes_fast+0xc8b0)
    #7 RunStage4AAndCheck tests/test_move_nodes_fast.cpp:201 (test_move_nodes_fast+0x2b4c1)
    #8 TestStage4ABasicAndEdgeCases tests/test_move_nodes_fast.cpp:495 (test_move_nodes_fast+0x2bc7e)
    #9 main tests/test_move_nodes_fast.cpp:674 (test_move_nodes_fast+0x2e2c8)

  Location is stack of main thread.

  Location is global '<null>' at 0x000000000000 ([stack]+0x00000001f7c0)

  Thread T2 (tid=5, running) created by main thread at:
    #0 pthread_create ../../../../src/libsanitizer/tsan/tsan_interceptors_posix.cpp:969 (libtsan.so.0+0x605b8)
    #1 <null> <null> (libgomp.so.1+0x1e25f)
    #2 RunStage4AAndCheck tests/test_move_nodes_fast.cpp:201 (test_move_nodes_fast+0x2b4c1)
    #3 TestStage4ABasicAndEdgeCases tests/test_move_nodes_fast.cpp:464 (test_move_nodes_fast+0x2b7d4)
    #4 main tests/test_move_nodes_fast.cpp:674 (test_move_nodes_fast+0x2e2c8)

SUMMARY: ThreadSanitizer: data race /usr/include/c++/11/bits/stl_vector.h:919 in std::vector<double, std::allocator<double> >::size() const
==================
==================
WARNING: ThreadSanitizer: data race (pid=2)
  Read of size 1 at 0x7b0400000020 by thread T3:
    #0 MoveNodesFastParallelStage4A(SimpleGraph const&, LeidenGraphStats const&, LeidenPartition, QualityFunction const&, unsigned long, unsigned long, LeidenOptions const*) [clone ._omp_fn.0] /home/stomo/WorkSpace/MyLeiden/Leiden.cpp:1180 (test_move_nodes_fast+0xc55a)
    #1 <null> <null> (libgomp.so.1+0x1dc0d)

  Previous write of size 8 at 0x7b0400000020 by main thread:
    #0 operator new(unsigned long) ../../../../src/libsanitizer/tsan/tsan_new_delete.cpp:64 (libtsan.so.0+0x8f162)
    #1 __gnu_cxx::new_allocator<unsigned char>::allocate(unsigned long, void const*) /usr/include/c++/11/ext/new_allocator.h:127 (test_move_nodes_fast+0xca2c)
    #2 std::allocator_traits<std::allocator<unsigned char> >::allocate(std::allocator<unsigned char>&, unsigned long) /usr/include/c++/11/bits/alloc_traits.h:464 (test_move_nodes_fast+0xca2c)
    #3 std::_Vector_base<unsigned char, std::allocator<unsigned char> >::_M_allocate(unsigned long) /usr/include/c++/11/bits/stl_vector.h:346 (test_move_nodes_fast+0xca2c)
    #4 std::_Vector_base<unsigned char, std::allocator<unsigned char> >::_M_create_storage(unsigned long) /usr/include/c++/11/bits/stl_vector.h:361 (test_move_nodes_fast+0xca2c)
    #5 std::_Vector_base<unsigned char, std::allocator<unsigned char> >::_Vector_base(unsigned long, std::allocator<unsigned char> const&) /usr/include/c++/11/bits/stl_vector.h:305 (test_move_nodes_fast+0xca2c)
    #6 std::vector<unsigned char, std::allocator<unsigned char> >::vector(unsigned long, unsigned char const&, std::allocator<unsigned char> const&) /usr/include/c++/11/bits/stl_vector.h:524 (test_move_nodes_fast+0xca2c)
    #7 MoveNodesFastParallelStage4A(SimpleGraph const&, LeidenGraphStats const&, LeidenPartition, QualityFunction const&, unsigned long, unsigned long, LeidenOptions const*) /home/stomo/WorkSpace/MyLeiden/Leiden.cpp:1142 (test_move_nodes_fast+0xca2c)
    #8 RunStage4AAndCheck tests/test_move_nodes_fast.cpp:201 (test_move_nodes_fast+0x2b4c1)
    #9 TestStage4ABasicAndEdgeCases tests/test_move_nodes_fast.cpp:495 (test_move_nodes_fast+0x2bc7e)
    #10 main tests/test_move_nodes_fast.cpp:674 (test_move_nodes_fast+0x2e2c8)

  Location is heap block of size 5 at 0x7b0400000020 allocated by main thread:
    #0 operator new(unsigned long) ../../../../src/libsanitizer/tsan/tsan_new_delete.cpp:64 (libtsan.so.0+0x8f162)
    #1 __gnu_cxx::new_allocator<unsigned char>::allocate(unsigned long, void const*) /usr/include/c++/11/ext/new_allocator.h:127 (test_move_nodes_fast+0xca2c)
    #2 std::allocator_traits<std::allocator<unsigned char> >::allocate(std::allocator<unsigned char>&, unsigned long) /usr/include/c++/11/bits/alloc_traits.h:464 (test_move_nodes_fast+0xca2c)
    #3 std::_Vector_base<unsigned char, std::allocator<unsigned char> >::_M_allocate(unsigned long) /usr/include/c++/11/bits/stl_vector.h:346 (test_move_nodes_fast+0xca2c)
    #4 std::_Vector_base<unsigned char, std::allocator<unsigned char> >::_M_create_storage(unsigned long) /usr/include/c++/11/bits/stl_vector.h:361 (test_move_nodes_fast+0xca2c)
    #5 std::_Vector_base<unsigned char, std::allocator<unsigned char> >::_Vector_base(unsigned long, std::allocator<unsigned char> const&) /usr/include/c++/11/bits/stl_vector.h:305 (test_move_nodes_fast+0xca2c)
    #6 std::vector<unsigned char, std::allocator<unsigned char> >::vector(unsigned long, unsigned char const&, std::allocator<unsigned char> const&) /usr/include/c++/11/bits/stl_vector.h:524 (test_move_nodes_fast+0xca2c)
    #7 MoveNodesFastParallelStage4A(SimpleGraph const&, LeidenGraphStats const&, LeidenPartition, QualityFunction const&, unsigned long, unsigned long, LeidenOptions const*) /home/stomo/WorkSpace/MyLeiden/Leiden.cpp:1142 (test_move_nodes_fast+0xca2c)
    #8 RunStage4AAndCheck tests/test_move_nodes_fast.cpp:201 (test_move_nodes_fast+0x2b4c1)
    #9 TestStage4ABasicAndEdgeCases tests/test_move_nodes_fast.cpp:495 (test_move_nodes_fast+0x2bc7e)
    #10 main tests/test_move_nodes_fast.cpp:674 (test_move_nodes_fast+0x2e2c8)

  Thread T3 (tid=6, running) created by main thread at:
    #0 pthread_create ../../../../src/libsanitizer/tsan/tsan_interceptors_posix.cpp:969 (libtsan.so.0+0x605b8)
    #1 <null> <null> (libgomp.so.1+0x1e25f)
    #2 RunStage4AAndCheck tests/test_move_nodes_fast.cpp:201 (test_move_nodes_fast+0x2b4c1)
    #3 TestStage4ABasicAndEdgeCases tests/test_move_nodes_fast.cpp:464 (test_move_nodes_fast+0x2b7d4)
    #4 main tests/test_move_nodes_fast.cpp:674 (test_move_nodes_fast+0x2e2c8)

SUMMARY: ThreadSanitizer: data race /home/stomo/WorkSpace/MyLeiden/Leiden.cpp:1180 in MoveNodesFastParallelStage4A(SimpleGraph const&, LeidenGraphStats const&, LeidenPartition, QualityFunction const&, unsigned long, unsigned long, LeidenOptions const*) [clone ._omp_fn.0]
==================
==================
WARNING: ThreadSanitizer: data race (pid=2)
  Read of size 4 at 0x7b08000000c0 by thread T3:
    #0 MoveNodesFastParallelStage4A(SimpleGraph const&, LeidenGraphStats const&, LeidenPartition, QualityFunction const&, unsigned long, unsigned long, LeidenOptions const*) [clone ._omp_fn.0] /home/stomo/WorkSpace/MyLeiden/Leiden.cpp:1187 (test_move_nodes_fast+0xc598)
    #1 <null> <null> (libgomp.so.1+0x1dc0d)

  Previous write of size 8 at 0x7b08000000c0 by main thread:
    #0 operator new(unsigned long) ../../../../src/libsanitizer/tsan/tsan_new_delete.cpp:64 (libtsan.so.0+0x8f162)
    #1 __gnu_cxx::new_allocator<int>::allocate(unsigned long, void const*) /usr/include/c++/11/ext/new_allocator.h:127 (test_move_nodes_fast+0x2e705)
    #2 std::allocator_traits<std::allocator<int> >::allocate(std::allocator<int>&, unsigned long) /usr/include/c++/11/bits/alloc_traits.h:464 (test_move_nodes_fast+0x2e705)
    #3 std::_Vector_base<int, std::allocator<int> >::_M_allocate(unsigned long) /usr/include/c++/11/bits/stl_vector.h:346 (test_move_nodes_fast+0x2e705)
    #4 std::_Vector_base<int, std::allocator<int> >::_M_create_storage(unsigned long) /usr/include/c++/11/bits/stl_vector.h:361 (test_move_nodes_fast+0x2e705)
    #5 std::_Vector_base<int, std::allocator<int> >::_Vector_base(unsigned long, std::allocator<int> const&) /usr/include/c++/11/bits/stl_vector.h:305 (test_move_nodes_fast+0x2e705)
    #6 std::vector<int, std::allocator<int> >::vector(std::vector<int, std::allocator<int> > const&) /usr/include/c++/11/bits/stl_vector.h:555 (test_move_nodes_fast+0x2e705)
    #7 LeidenPartition::LeidenPartition(LeidenPartition const&) LeidenTypes.hpp:21 (test_move_nodes_fast+0x2e705)
    #8 RunStage4AAndCheck tests/test_move_nodes_fast.cpp:201 (test_move_nodes_fast+0x2b499)
    #9 TestStage4ABasicAndEdgeCases tests/test_move_nodes_fast.cpp:495 (test_move_nodes_fast+0x2bc7e)
    #10 main tests/test_move_nodes_fast.cpp:674 (test_move_nodes_fast+0x2e2c8)

  Location is heap block of size 20 at 0x7b08000000c0 allocated by main thread:
    #0 operator new(unsigned long) ../../../../src/libsanitizer/tsan/tsan_new_delete.cpp:64 (libtsan.so.0+0x8f162)
    #1 __gnu_cxx::new_allocator<int>::allocate(unsigned long, void const*) /usr/include/c++/11/ext/new_allocator.h:127 (test_move_nodes_fast+0x2e705)
    #2 std::allocator_traits<std::allocator<int> >::allocate(std::allocator<int>&, unsigned long) /usr/include/c++/11/bits/alloc_traits.h:464 (test_move_nodes_fast+0x2e705)
    #3 std::_Vector_base<int, std::allocator<int> >::_M_allocate(unsigned long) /usr/include/c++/11/bits/stl_vector.h:346 (test_move_nodes_fast+0x2e705)
    #4 std::_Vector_base<int, std::allocator<int> >::_M_create_storage(unsigned long) /usr/include/c++/11/bits/stl_vector.h:361 (test_move_nodes_fast+0x2e705)
    #5 std::_Vector_base<int, std::allocator<int> >::_Vector_base(unsigned long, std::allocator<int> const&) /usr/include/c++/11/bits/stl_vector.h:305 (test_move_nodes_fast+0x2e705)
    #6 std::vector<int, std::allocator<int> >::vector(std::vector<int, std::allocator<int> > const&) /usr/include/c++/11/bits/stl_vector.h:555 (test_move_nodes_fast+0x2e705)
    #7 LeidenPartition::LeidenPartition(LeidenPartition const&) LeidenTypes.hpp:21 (test_move_nodes_fast+0x2e705)
    #8 RunStage4AAndCheck tests/test_move_nodes_fast.cpp:201 (test_move_nodes_fast+0x2b499)
    #9 TestStage4ABasicAndEdgeCases tests/test_move_nodes_fast.cpp:495 (test_move_nodes_fast+0x2bc7e)
    #10 main tests/test_move_nodes_fast.cpp:674 (test_move_nodes_fast+0x2e2c8)

  Thread T3 (tid=6, running) created by main thread at:
    #0 pthread_create ../../../../src/libsanitizer/tsan/tsan_interceptors_posix.cpp:969 (libtsan.so.0+0x605b8)
    #1 <null> <null> (libgomp.so.1+0x1e25f)
    #2 RunStage4AAndCheck tests/test_move_nodes_fast.cpp:201 (test_move_nodes_fast+0x2b4c1)
    #3 TestStage4ABasicAndEdgeCases tests/test_move_nodes_fast.cpp:464 (test_move_nodes_fast+0x2b7d4)
    #4 main tests/test_move_nodes_fast.cpp:674 (test_move_nodes_fast+0x2e2c8)

SUMMARY: ThreadSanitizer: data race /home/stomo/WorkSpace/MyLeiden/Leiden.cpp:1187 in MoveNodesFastParallelStage4A(SimpleGraph const&, LeidenGraphStats const&, LeidenPartition, QualityFunction const&, unsigned long, unsigned long, LeidenOptions const*) [clone ._omp_fn.0]
==================
==================
WARNING: ThreadSanitizer: data race (pid=2)
  Read of size 4 at 0x7ffd2222e710 by thread T3:
    #0 num_vertices(SimpleGraph const&) common/Types.hpp:32 (test_move_nodes_fast+0x639b)
    #1 ValidateVertex(int, SimpleGraph const&) /home/stomo/WorkSpace/MyLeiden/LeidenTypes.hpp:39 (test_move_nodes_fast+0x639b)
    #2 BuildNeighborCommunityWeights(SimpleGraph const&, LeidenPartition const&, int, NeighborCommunityScratch&) /home/stomo/WorkSpace/MyLeiden/QualityFunction.cpp:169 (test_move_nodes_fast+0x639b)
    #3 MoveNodesFastParallelStage4A(SimpleGraph const&, LeidenGraphStats const&, LeidenPartition, QualityFunction const&, unsigned long, unsigned long, LeidenOptions const*) [clone ._omp_fn.0] /home/stomo/WorkSpace/MyLeiden/Leiden.cpp:1191 (test_move_nodes_fast+0xc5d4)
    #4 <null> <null> (libgomp.so.1+0x1dc0d)

  Previous write of size 8 at 0x7ffd2222e710 by main thread:
    #0 std::_Vector_base<int, std::allocator<int> >::_Vector_impl_data::_Vector_impl_data() /usr/include/c++/11/bits/stl_vector.h:98 (test_move_nodes_fast+0xc86d)
    #1 std::_Vector_base<int, std::allocator<int> >::_Vector_impl::_Vector_impl() /usr/include/c++/11/bits/stl_vector.h:133 (test_move_nodes_fast+0xc86d)
    #2 std::_Vector_base<int, std::allocator<int> >::_Vector_base() /usr/include/c++/11/bits/stl_vector.h:288 (test_move_nodes_fast+0xc86d)
    #3 std::vector<int, std::allocator<int> >::vector() /usr/include/c++/11/bits/stl_vector.h:487 (test_move_nodes_fast+0xc86d)
    #4 LeidenPartition::LeidenPartition() /home/stomo/WorkSpace/MyLeiden/LeidenTypes.hpp:21 (test_move_nodes_fast+0xc86d)
    #5 MoveNodesFastResult::MoveNodesFastResult() /home/stomo/WorkSpace/MyLeiden/Leiden.hpp:11 (test_move_nodes_fast+0xc86d)
    #6 MoveNodesFastParallelStage4A(SimpleGraph const&, LeidenGraphStats const&, LeidenPartition, QualityFunction const&, unsigned long, unsigned long, LeidenOptions const*) /home/stomo/WorkSpace/MyLeiden/Leiden.cpp:1138 (test_move_nodes_fast+0xc86d)
    #7 RunStage4AAndCheck tests/test_move_nodes_fast.cpp:201 (test_move_nodes_fast+0x2b4c1)
    #8 TestStage4ABasicAndEdgeCases tests/test_move_nodes_fast.cpp:494 (test_move_nodes_fast+0x2bc0b)
    #9 main tests/test_move_nodes_fast.cpp:674 (test_move_nodes_fast+0x2e2c8)

  Location is stack of main thread.

  Location is global '<null>' at 0x000000000000 ([stack]+0x00000001f710)

  Thread T3 (tid=6, running) created by main thread at:
    #0 pthread_create ../../../../src/libsanitizer/tsan/tsan_interceptors_posix.cpp:969 (libtsan.so.0+0x605b8)
    #1 <null> <null> (libgomp.so.1+0x1e25f)
    #2 RunStage4AAndCheck tests/test_move_nodes_fast.cpp:201 (test_move_nodes_fast+0x2b4c1)
    #3 TestStage4ABasicAndEdgeCases tests/test_move_nodes_fast.cpp:464 (test_move_nodes_fast+0x2b7d4)
    #4 main tests/test_move_nodes_fast.cpp:674 (test_move_nodes_fast+0x2e2c8)

SUMMARY: ThreadSanitizer: data race common/Types.hpp:32 in num_vertices(SimpleGraph const&)
==================
==================
WARNING: ThreadSanitizer: data race (pid=2)
  Read of size 8 at 0x7ffd2222e7d8 by thread T3:
    #0 std::vector<double, std::allocator<double> >::size() const /usr/include/c++/11/bits/stl_vector.h:919 (test_move_nodes_fast+0x4384)
    #1 ValidatePartitionSize /home/stomo/WorkSpace/MyLeiden/QualityFunction.cpp:38 (test_move_nodes_fast+0x4384)
    #2 BuildNeighborCommunityWeights(SimpleGraph const&, LeidenPartition const&, int, NeighborCommunityScratch&) /home/stomo/WorkSpace/MyLeiden/QualityFunction.cpp:170 (test_move_nodes_fast+0x63ac)
    #3 MoveNodesFastParallelStage4A(SimpleGraph const&, LeidenGraphStats const&, LeidenPartition, QualityFunction const&, unsigned long, unsigned long, LeidenOptions const*) [clone ._omp_fn.0] /home/stomo/WorkSpace/MyLeiden/Leiden.cpp:1191 (test_move_nodes_fast+0xc5d4)
    #4 <null> <null> (libgomp.so.1+0x1dc0d)

  Previous write of size 8 at 0x7ffd2222e7d8 by main thread:
    #0 std::_Vector_base<double, std::allocator<double> >::_Vector_impl_data::_Vector_impl_data() /usr/include/c++/11/bits/stl_vector.h:98 (test_move_nodes_fast+0xc8e3)
    #1 std::_Vector_base<double, std::allocator<double> >::_Vector_impl::_Vector_impl() /usr/include/c++/11/bits/stl_vector.h:133 (test_move_nodes_fast+0xc8e3)
    #2 std::_Vector_base<double, std::allocator<double> >::_Vector_base() /usr/include/c++/11/bits/stl_vector.h:288 (test_move_nodes_fast+0xc8e3)
    #3 std::vector<double, std::allocator<double> >::vector() /usr/include/c++/11/bits/stl_vector.h:487 (test_move_nodes_fast+0xc8e3)
    #4 LeidenPartition::LeidenPartition() /home/stomo/WorkSpace/MyLeiden/LeidenTypes.hpp:21 (test_move_nodes_fast+0xc8e3)
    #5 MoveNodesFastResult::MoveNodesFastResult() /home/stomo/WorkSpace/MyLeiden/Leiden.hpp:11 (test_move_nodes_fast+0xc8e3)
    #6 MoveNodesFastParallelStage4A(SimpleGraph const&, LeidenGraphStats const&, LeidenPartition, QualityFunction const&, unsigned long, unsigned long, LeidenOptions const*) /home/stomo/WorkSpace/MyLeiden/Leiden.cpp:1138 (test_move_nodes_fast+0xc8e3)
    #7 RunStage4AAndCheck tests/test_move_nodes_fast.cpp:201 (test_move_nodes_fast+0x2b4c1)
    #8 TestStage4ABasicAndEdgeCases tests/test_move_nodes_fast.cpp:495 (test_move_nodes_fast+0x2bc7e)
    #9 main tests/test_move_nodes_fast.cpp:674 (test_move_nodes_fast+0x2e2c8)

  Location is stack of main thread.

  Location is global '<null>' at 0x000000000000 ([stack]+0x00000001f7d8)

  Thread T3 (tid=6, running) created by main thread at:
    #0 pthread_create ../../../../src/libsanitizer/tsan/tsan_interceptors_posix.cpp:969 (libtsan.so.0+0x605b8)
    #1 <null> <null> (libgomp.so.1+0x1e25f)
    #2 RunStage4AAndCheck tests/test_move_nodes_fast.cpp:201 (test_move_nodes_fast+0x2b4c1)
    #3 TestStage4ABasicAndEdgeCases tests/test_move_nodes_fast.cpp:464 (test_move_nodes_fast+0x2b7d4)
    #4 main tests/test_move_nodes_fast.cpp:674 (test_move_nodes_fast+0x2e2c8)

SUMMARY: ThreadSanitizer: data race /usr/include/c++/11/bits/stl_vector.h:919 in std::vector<double, std::allocator<double> >::size() const
==================
==================
WARNING: ThreadSanitizer: data race (pid=2)
  Read of size 8 at 0x7ffd2222e7d0 by thread T3:
    #0 std::vector<double, std::allocator<double> >::size() const /usr/include/c++/11/bits/stl_vector.h:919 (test_move_nodes_fast+0x4390)
    #1 ValidatePartitionSize /home/stomo/WorkSpace/MyLeiden/QualityFunction.cpp:38 (test_move_nodes_fast+0x4390)
    #2 BuildNeighborCommunityWeights(SimpleGraph const&, LeidenPartition const&, int, NeighborCommunityScratch&) /home/stomo/WorkSpace/MyLeiden/QualityFunction.cpp:170 (test_move_nodes_fast+0x63ac)
    #3 MoveNodesFastParallelStage4A(SimpleGraph const&, LeidenGraphStats const&, LeidenPartition, QualityFunction const&, unsigned long, unsigned long, LeidenOptions const*) [clone ._omp_fn.0] /home/stomo/WorkSpace/MyLeiden/Leiden.cpp:1191 (test_move_nodes_fast+0xc5d4)
    #4 <null> <null> (libgomp.so.1+0x1dc0d)

  Previous write of size 8 at 0x7ffd2222e7d0 by main thread:
    #0 std::_Vector_base<double, std::allocator<double> >::_Vector_impl_data::_Vector_impl_data() /usr/include/c++/11/bits/stl_vector.h:98 (test_move_nodes_fast+0xc8d2)
    #1 std::_Vector_base<double, std::allocator<double> >::_Vector_impl::_Vector_impl() /usr/include/c++/11/bits/stl_vector.h:133 (test_move_nodes_fast+0xc8d2)
    #2 std::_Vector_base<double, std::allocator<double> >::_Vector_base() /usr/include/c++/11/bits/stl_vector.h:288 (test_move_nodes_fast+0xc8d2)
    #3 std::vector<double, std::allocator<double> >::vector() /usr/include/c++/11/bits/stl_vector.h:487 (test_move_nodes_fast+0xc8d2)
    #4 LeidenPartition::LeidenPartition() /home/stomo/WorkSpace/MyLeiden/LeidenTypes.hpp:21 (test_move_nodes_fast+0xc8d2)
    #5 MoveNodesFastResult::MoveNodesFastResult() /home/stomo/WorkSpace/MyLeiden/Leiden.hpp:11 (test_move_nodes_fast+0xc8d2)
    #6 MoveNodesFastParallelStage4A(SimpleGraph const&, LeidenGraphStats const&, LeidenPartition, QualityFunction const&, unsigned long, unsigned long, LeidenOptions const*) /home/stomo/WorkSpace/MyLeiden/Leiden.cpp:1138 (test_move_nodes_fast+0xc8d2)
    #7 RunStage4AAndCheck tests/test_move_nodes_fast.cpp:201 (test_move_nodes_fast+0x2b4c1)
    #8 TestStage4ABasicAndEdgeCases tests/test_move_nodes_fast.cpp:495 (test_move_nodes_fast+0x2bc7e)
    #9 main tests/test_move_nodes_fast.cpp:674 (test_move_nodes_fast+0x2e2c8)

  Location is stack of main thread.

  Location is global '<null>' at 0x000000000000 ([stack]+0x00000001f7d0)

  Thread T3 (tid=6, running) created by main thread at:
    #0 pthread_create ../../../../src/libsanitizer/tsan/tsan_interceptors_posix.cpp:969 (libtsan.so.0+0x605b8)
    #1 <null> <null> (libgomp.so.1+0x1e25f)
    #2 RunStage4AAndCheck tests/test_move_nodes_fast.cpp:201 (test_move_nodes_fast+0x2b4c1)
    #3 TestStage4ABasicAndEdgeCases tests/test_move_nodes_fast.cpp:464 (test_move_nodes_fast+0x2b7d4)
    #4 main tests/test_move_nodes_fast.cpp:674 (test_move_nodes_fast+0x2e2c8)

SUMMARY: ThreadSanitizer: data race /usr/include/c++/11/bits/stl_vector.h:919 in std::vector<double, std::allocator<double> >::size() const
==================
==================
WARNING: ThreadSanitizer: data race (pid=2)
  Read of size 8 at 0x7ffd2222e7f0 by thread T3:
    #0 std::vector<double, std::allocator<double> >::size() const /usr/include/c++/11/bits/stl_vector.h:919 (test_move_nodes_fast+0x43aa)
    #1 ValidatePartitionSize /home/stomo/WorkSpace/MyLeiden/QualityFunction.cpp:39 (test_move_nodes_fast+0x43aa)
    #2 BuildNeighborCommunityWeights(SimpleGraph const&, LeidenPartition const&, int, NeighborCommunityScratch&) /home/stomo/WorkSpace/MyLeiden/QualityFunction.cpp:170 (test_move_nodes_fast+0x63ac)
    #3 MoveNodesFastParallelStage4A(SimpleGraph const&, LeidenGraphStats const&, LeidenPartition, QualityFunction const&, unsigned long, unsigned long, LeidenOptions const*) [clone ._omp_fn.0] /home/stomo/WorkSpace/MyLeiden/Leiden.cpp:1191 (test_move_nodes_fast+0xc5d4)
    #4 <null> <null> (libgomp.so.1+0x1dc0d)

  Previous write of size 8 at 0x7ffd2222e7f0 by main thread:
    #0 std::_Vector_base<double, std::allocator<double> >::_Vector_impl_data::_Vector_impl_data() /usr/include/c++/11/bits/stl_vector.h:98 (test_move_nodes_fast+0xc916)
    #1 std::_Vector_base<double, std::allocator<double> >::_Vector_impl::_Vector_impl() /usr/include/c++/11/bits/stl_vector.h:133 (test_move_nodes_fast+0xc916)
    #2 std::_Vector_base<double, std::allocator<double> >::_Vector_base() /usr/include/c++/11/bits/stl_vector.h:288 (test_move_nodes_fast+0xc916)
    #3 std::vector<double, std::allocator<double> >::vector() /usr/include/c++/11/bits/stl_vector.h:487 (test_move_nodes_fast+0xc916)
    #4 LeidenPartition::LeidenPartition() /home/stomo/WorkSpace/MyLeiden/LeidenTypes.hpp:21 (test_move_nodes_fast+0xc916)
    #5 MoveNodesFastResult::MoveNodesFastResult() /home/stomo/WorkSpace/MyLeiden/Leiden.hpp:11 (test_move_nodes_fast+0xc916)
    #6 MoveNodesFastParallelStage4A(SimpleGraph const&, LeidenGraphStats const&, LeidenPartition, QualityFunction const&, unsigned long, unsigned long, LeidenOptions const*) /home/stomo/WorkSpace/MyLeiden/Leiden.cpp:1138 (test_move_nodes_fast+0xc916)
    #7 RunStage4AAndCheck tests/test_move_nodes_fast.cpp:201 (test_move_nodes_fast+0x2b4c1)
    #8 TestStage4ABasicAndEdgeCases tests/test_move_nodes_fast.cpp:495 (test_move_nodes_fast+0x2bc7e)
    #9 main tests/test_move_nodes_fast.cpp:674 (test_move_nodes_fast+0x2e2c8)

  Location is stack of main thread.

  Location is global '<null>' at 0x000000000000 ([stack]+0x00000001f7f0)

  Thread T3 (tid=6, running) created by main thread at:
    #0 pthread_create ../../../../src/libsanitizer/tsan/tsan_interceptors_posix.cpp:969 (libtsan.so.0+0x605b8)
    #1 <null> <null> (libgomp.so.1+0x1e25f)
    #2 RunStage4AAndCheck tests/test_move_nodes_fast.cpp:201 (test_move_nodes_fast+0x2b4c1)
    #3 TestStage4ABasicAndEdgeCases tests/test_move_nodes_fast.cpp:464 (test_move_nodes_fast+0x2b7d4)
    #4 main tests/test_move_nodes_fast.cpp:674 (test_move_nodes_fast+0x2e2c8)

SUMMARY: ThreadSanitizer: data race /usr/include/c++/11/bits/stl_vector.h:919 in std::vector<double, std::allocator<double> >::size() const
==================
==================
WARNING: ThreadSanitizer: data race (pid=2)
  Read of size 8 at 0x7ffd2222e7e8 by thread T3:
    #0 std::vector<double, std::allocator<double> >::size() const /usr/include/c++/11/bits/stl_vector.h:919 (test_move_nodes_fast+0x43b6)
    #1 ValidatePartitionSize /home/stomo/WorkSpace/MyLeiden/QualityFunction.cpp:39 (test_move_nodes_fast+0x43b6)
    #2 BuildNeighborCommunityWeights(SimpleGraph const&, LeidenPartition const&, int, NeighborCommunityScratch&) /home/stomo/WorkSpace/MyLeiden/QualityFunction.cpp:170 (test_move_nodes_fast+0x63ac)
    #3 MoveNodesFastParallelStage4A(SimpleGraph const&, LeidenGraphStats const&, LeidenPartition, QualityFunction const&, unsigned long, unsigned long, LeidenOptions const*) [clone ._omp_fn.0] /home/stomo/WorkSpace/MyLeiden/Leiden.cpp:1191 (test_move_nodes_fast+0xc5d4)
    #4 <null> <null> (libgomp.so.1+0x1dc0d)

  Previous write of size 8 at 0x7ffd2222e7e8 by main thread:
    #0 std::_Vector_base<double, std::allocator<double> >::_Vector_impl_data::_Vector_impl_data() /usr/include/c++/11/bits/stl_vector.h:98 (test_move_nodes_fast+0xc905)
    #1 std::_Vector_base<double, std::allocator<double> >::_Vector_impl::_Vector_impl() /usr/include/c++/11/bits/stl_vector.h:133 (test_move_nodes_fast+0xc905)
    #2 std::_Vector_base<double, std::allocator<double> >::_Vector_base() /usr/include/c++/11/bits/stl_vector.h:288 (test_move_nodes_fast+0xc905)
    #3 std::vector<double, std::allocator<double> >::vector() /usr/include/c++/11/bits/stl_vector.h:487 (test_move_nodes_fast+0xc905)
    #4 LeidenPartition::LeidenPartition() /home/stomo/WorkSpace/MyLeiden/LeidenTypes.hpp:21 (test_move_nodes_fast+0xc905)
    #5 MoveNodesFastResult::MoveNodesFastResult() /home/stomo/WorkSpace/MyLeiden/Leiden.hpp:11 (test_move_nodes_fast+0xc905)
    #6 MoveNodesFastParallelStage4A(SimpleGraph const&, LeidenGraphStats const&, LeidenPartition, QualityFunction const&, unsigned long, unsigned long, LeidenOptions const*) /home/stomo/WorkSpace/MyLeiden/Leiden.cpp:1138 (test_move_nodes_fast+0xc905)
    #7 RunStage4AAndCheck tests/test_move_nodes_fast.cpp:201 (test_move_nodes_fast+0x2b4c1)
    #8 TestStage4ABasicAndEdgeCases tests/test_move_nodes_fast.cpp:495 (test_move_nodes_fast+0x2bc7e)
    #9 main tests/test_move_nodes_fast.cpp:674 (test_move_nodes_fast+0x2e2c8)

  Location is stack of main thread.

  Location is global '<null>' at 0x000000000000 ([stack]+0x00000001f7e8)

  Thread T3 (tid=6, running) created by main thread at:
    #0 pthread_create ../../../../src/libsanitizer/tsan/tsan_interceptors_posix.cpp:969 (libtsan.so.0+0x605b8)
    #1 <null> <null> (libgomp.so.1+0x1e25f)
    #2 RunStage4AAndCheck tests/test_move_nodes_fast.cpp:201 (test_move_nodes_fast+0x2b4c1)
    #3 TestStage4ABasicAndEdgeCases tests/test_move_nodes_fast.cpp:464 (test_move_nodes_fast+0x2b7d4)
    #4 main tests/test_move_nodes_fast.cpp:674 (test_move_nodes_fast+0x2e2c8)

SUMMARY: ThreadSanitizer: data race /usr/include/c++/11/bits/stl_vector.h:919 in std::vector<double, std::allocator<double> >::size() const
==================
==================
WARNING: ThreadSanitizer: data race (pid=2)
  Read of size 8 at 0x7ffd2222e808 by thread T3:
    #0 std::vector<unsigned char, std::allocator<unsigned char> >::size() const /usr/include/c++/11/bits/stl_vector.h:919 (test_move_nodes_fast+0x43d0)
    #1 ValidatePartitionSize /home/stomo/WorkSpace/MyLeiden/QualityFunction.cpp:40 (test_move_nodes_fast+0x43d0)
    #2 BuildNeighborCommunityWeights(SimpleGraph const&, LeidenPartition const&, int, NeighborCommunityScratch&) /home/stomo/WorkSpace/MyLeiden/QualityFunction.cpp:170 (test_move_nodes_fast+0x63ac)
    #3 MoveNodesFastParallelStage4A(SimpleGraph const&, LeidenGraphStats const&, LeidenPartition, QualityFunction const&, unsigned long, unsigned long, LeidenOptions const*) [clone ._omp_fn.0] /home/stomo/WorkSpace/MyLeiden/Leiden.cpp:1191 (test_move_nodes_fast+0xc5d4)
    #4 <null> <null> (libgomp.so.1+0x1dc0d)

  Previous write of size 8 at 0x7ffd2222e808 by main thread:
    #0 std::_Vector_base<unsigned char, std::allocator<unsigned char> >::_Vector_impl_data::_Vector_impl_data() /usr/include/c++/11/bits/stl_vector.h:98 (test_move_nodes_fast+0xc949)
    #1 std::_Vector_base<unsigned char, std::allocator<unsigned char> >::_Vector_impl::_Vector_impl() /usr/include/c++/11/bits/stl_vector.h:133 (test_move_nodes_fast+0xc949)
    #2 std::_Vector_base<unsigned char, std::allocator<unsigned char> >::_Vector_base() /usr/include/c++/11/bits/stl_vector.h:288 (test_move_nodes_fast+0xc949)
    #3 std::vector<unsigned char, std::allocator<unsigned char> >::vector() /usr/include/c++/11/bits/stl_vector.h:487 (test_move_nodes_fast+0xc949)
    #4 LeidenPartition::LeidenPartition() /home/stomo/WorkSpace/MyLeiden/LeidenTypes.hpp:21 (test_move_nodes_fast+0xc949)
    #5 MoveNodesFastResult::MoveNodesFastResult() /home/stomo/WorkSpace/MyLeiden/Leiden.hpp:11 (test_move_nodes_fast+0xc949)
    #6 MoveNodesFastParallelStage4A(SimpleGraph const&, LeidenGraphStats const&, LeidenPartition, QualityFunction const&, unsigned long, unsigned long, LeidenOptions const*) /home/stomo/WorkSpace/MyLeiden/Leiden.cpp:1138 (test_move_nodes_fast+0xc949)
    #7 RunStage4AAndCheck tests/test_move_nodes_fast.cpp:201 (test_move_nodes_fast+0x2b4c1)
    #8 TestStage4ABasicAndEdgeCases tests/test_move_nodes_fast.cpp:495 (test_move_nodes_fast+0x2bc7e)
    #9 main tests/test_move_nodes_fast.cpp:674 (test_move_nodes_fast+0x2e2c8)

  Location is stack of main thread.

  Location is global '<null>' at 0x000000000000 ([stack]+0x00000001f808)

  Thread T3 (tid=6, running) created by main thread at:
    #0 pthread_create ../../../../src/libsanitizer/tsan/tsan_interceptors_posix.cpp:969 (libtsan.so.0+0x605b8)
    #1 <null> <null> (libgomp.so.1+0x1e25f)
    #2 RunStage4AAndCheck tests/test_move_nodes_fast.cpp:201 (test_move_nodes_fast+0x2b4c1)
    #3 TestStage4ABasicAndEdgeCases tests/test_move_nodes_fast.cpp:464 (test_move_nodes_fast+0x2b7d4)
    #4 main tests/test_move_nodes_fast.cpp:674 (test_move_nodes_fast+0x2e2c8)

SUMMARY: ThreadSanitizer: data race /usr/include/c++/11/bits/stl_vector.h:919 in std::vector<unsigned char, std::allocator<unsigned char> >::size() const
==================
==================
WARNING: ThreadSanitizer: data race (pid=2)
  Read of size 8 at 0x7ffd2222e800 by thread T3:
    #0 std::vector<unsigned char, std::allocator<unsigned char> >::size() const /usr/include/c++/11/bits/stl_vector.h:919 (test_move_nodes_fast+0x43dc)
    #1 ValidatePartitionSize /home/stomo/WorkSpace/MyLeiden/QualityFunction.cpp:40 (test_move_nodes_fast+0x43dc)
    #2 BuildNeighborCommunityWeights(SimpleGraph const&, LeidenPartition const&, int, NeighborCommunityScratch&) /home/stomo/WorkSpace/MyLeiden/QualityFunction.cpp:170 (test_move_nodes_fast+0x63ac)
    #3 MoveNodesFastParallelStage4A(SimpleGraph const&, LeidenGraphStats const&, LeidenPartition, QualityFunction const&, unsigned long, unsigned long, LeidenOptions const*) [clone ._omp_fn.0] /home/stomo/WorkSpace/MyLeiden/Leiden.cpp:1191 (test_move_nodes_fast+0xc5d4)
    #4 <null> <null> (libgomp.so.1+0x1dc0d)

  Previous write of size 8 at 0x7ffd2222e800 by main thread:
    #0 std::_Vector_base<unsigned char, std::allocator<unsigned char> >::_Vector_impl_data::_Vector_impl_data() /usr/include/c++/11/bits/stl_vector.h:98 (test_move_nodes_fast+0xc938)
    #1 std::_Vector_base<unsigned char, std::allocator<unsigned char> >::_Vector_impl::_Vector_impl() /usr/include/c++/11/bits/stl_vector.h:133 (test_move_nodes_fast+0xc938)
    #2 std::_Vector_base<unsigned char, std::allocator<unsigned char> >::_Vector_base() /usr/include/c++/11/bits/stl_vector.h:288 (test_move_nodes_fast+0xc938)
    #3 std::vector<unsigned char, std::allocator<unsigned char> >::vector() /usr/include/c++/11/bits/stl_vector.h:487 (test_move_nodes_fast+0xc938)
    #4 LeidenPartition::LeidenPartition() /home/stomo/WorkSpace/MyLeiden/LeidenTypes.hpp:21 (test_move_nodes_fast+0xc938)
    #5 MoveNodesFastResult::MoveNodesFastResult() /home/stomo/WorkSpace/MyLeiden/Leiden.hpp:11 (test_move_nodes_fast+0xc938)
    #6 MoveNodesFastParallelStage4A(SimpleGraph const&, LeidenGraphStats const&, LeidenPartition, QualityFunction const&, unsigned long, unsigned long, LeidenOptions const*) /home/stomo/WorkSpace/MyLeiden/Leiden.cpp:1138 (test_move_nodes_fast+0xc938)
    #7 RunStage4AAndCheck tests/test_move_nodes_fast.cpp:201 (test_move_nodes_fast+0x2b4c1)
    #8 TestStage4ABasicAndEdgeCases tests/test_move_nodes_fast.cpp:495 (test_move_nodes_fast+0x2bc7e)
    #9 main tests/test_move_nodes_fast.cpp:674 (test_move_nodes_fast+0x2e2c8)

  Location is stack of main thread.

  Location is global '<null>' at 0x000000000000 ([stack]+0x00000001f800)

  Thread T3 (tid=6, running) created by main thread at:
    #0 pthread_create ../../../../src/libsanitizer/tsan/tsan_interceptors_posix.cpp:969 (libtsan.so.0+0x605b8)
    #1 <null> <null> (libgomp.so.1+0x1e25f)
    #2 RunStage4AAndCheck tests/test_move_nodes_fast.cpp:201 (test_move_nodes_fast+0x2b4c1)
    #3 TestStage4ABasicAndEdgeCases tests/test_move_nodes_fast.cpp:464 (test_move_nodes_fast+0x2b7d4)
    #4 main tests/test_move_nodes_fast.cpp:674 (test_move_nodes_fast+0x2e2c8)

SUMMARY: ThreadSanitizer: data race /usr/include/c++/11/bits/stl_vector.h:919 in std::vector<unsigned char, std::allocator<unsigned char> >::size() const
==================
==================
WARNING: ThreadSanitizer: data race (pid=2)
  Read of size 4 at 0x7ffd2222e818 by thread T3:
    #0 ValidatePartitionSize /home/stomo/WorkSpace/MyLeiden/QualityFunction.cpp:43 (test_move_nodes_fast+0x43ee)
    #1 BuildNeighborCommunityWeights(SimpleGraph const&, LeidenPartition const&, int, NeighborCommunityScratch&) /home/stomo/WorkSpace/MyLeiden/QualityFunction.cpp:170 (test_move_nodes_fast+0x63ac)
    #2 MoveNodesFastParallelStage4A(SimpleGraph const&, LeidenGraphStats const&, LeidenPartition, QualityFunction const&, unsigned long, unsigned long, LeidenOptions const*) [clone ._omp_fn.0] /home/stomo/WorkSpace/MyLeiden/Leiden.cpp:1191 (test_move_nodes_fast+0xc5d4)
    #3 <null> <null> (libgomp.so.1+0x1dc0d)

  Previous write of size 4 at 0x7ffd2222e818 by main thread:
    #0 LeidenPartition::LeidenPartition() /home/stomo/WorkSpace/MyLeiden/LeidenTypes.hpp:21 (test_move_nodes_fast+0xc96b)
    #1 MoveNodesFastResult::MoveNodesFastResult() /home/stomo/WorkSpace/MyLeiden/Leiden.hpp:11 (test_move_nodes_fast+0xc96b)
    #2 MoveNodesFastParallelStage4A(SimpleGraph const&, LeidenGraphStats const&, LeidenPartition, QualityFunction const&, unsigned long, unsigned long, LeidenOptions const*) /home/stomo/WorkSpace/MyLeiden/Leiden.cpp:1138 (test_move_nodes_fast+0xc96b)
    #3 RunStage4AAndCheck tests/test_move_nodes_fast.cpp:201 (test_move_nodes_fast+0x2b4c1)
    #4 TestStage4ABasicAndEdgeCases tests/test_move_nodes_fast.cpp:495 (test_move_nodes_fast+0x2bc7e)
    #5 main tests/test_move_nodes_fast.cpp:674 (test_move_nodes_fast+0x2e2c8)

  Location is stack of main thread.

  Location is global '<null>' at 0x000000000000 ([stack]+0x00000001f818)

  Thread T3 (tid=6, running) created by main thread at:
    #0 pthread_create ../../../../src/libsanitizer/tsan/tsan_interceptors_posix.cpp:969 (libtsan.so.0+0x605b8)
    #1 <null> <null> (libgomp.so.1+0x1e25f)
    #2 RunStage4AAndCheck tests/test_move_nodes_fast.cpp:201 (test_move_nodes_fast+0x2b4c1)
    #3 TestStage4ABasicAndEdgeCases tests/test_move_nodes_fast.cpp:464 (test_move_nodes_fast+0x2b7d4)
    #4 main tests/test_move_nodes_fast.cpp:674 (test_move_nodes_fast+0x2e2c8)

SUMMARY: ThreadSanitizer: data race /home/stomo/WorkSpace/MyLeiden/QualityFunction.cpp:43 in ValidatePartitionSize
==================
==================
WARNING: ThreadSanitizer: data race (pid=2)
  Read of size 8 at 0x7ffd2222e718 by thread T3:
    #0 std::vector<std::vector<Edge, std::allocator<Edge> >, std::allocator<std::vector<Edge, std::allocator<Edge> > > >::operator[](unsigned long) const /usr/include/c++/11/bits/stl_vector.h:1064 (test_move_nodes_fast+0x64bc)
    #1 BuildNeighborCommunityWeights(SimpleGraph const&, LeidenPartition const&, int, NeighborCommunityScratch&) /home/stomo/WorkSpace/MyLeiden/QualityFunction.cpp:186 (test_move_nodes_fast+0x64bc)
    #2 MoveNodesFastParallelStage4A(SimpleGraph const&, LeidenGraphStats const&, LeidenPartition, QualityFunction const&, unsigned long, unsigned long, LeidenOptions const*) [clone ._omp_fn.0] /home/stomo/WorkSpace/MyLeiden/Leiden.cpp:1191 (test_move_nodes_fast+0xc5d4)
    #3 <null> <null> (libgomp.so.1+0x1dc0d)

  Previous write of size 8 at 0x7ffd2222e718 by main thread:
    #0 std::_Vector_base<int, std::allocator<int> >::_Vector_impl_data::_Vector_impl_data() /usr/include/c++/11/bits/stl_vector.h:98 (test_move_nodes_fast+0xc87d)
    #1 std::_Vector_base<int, std::allocator<int> >::_Vector_impl::_Vector_impl() /usr/include/c++/11/bits/stl_vector.h:133 (test_move_nodes_fast+0xc87d)
    #2 std::_Vector_base<int, std::allocator<int> >::_Vector_base() /usr/include/c++/11/bits/stl_vector.h:288 (test_move_nodes_fast+0xc87d)
    #3 std::vector<int, std::allocator<int> >::vector() /usr/include/c++/11/bits/stl_vector.h:487 (test_move_nodes_fast+0xc87d)
    #4 LeidenPartition::LeidenPartition() /home/stomo/WorkSpace/MyLeiden/LeidenTypes.hpp:21 (test_move_nodes_fast+0xc87d)
    #5 MoveNodesFastResult::MoveNodesFastResult() /home/stomo/WorkSpace/MyLeiden/Leiden.hpp:11 (test_move_nodes_fast+0xc87d)
    #6 MoveNodesFastParallelStage4A(SimpleGraph const&, LeidenGraphStats const&, LeidenPartition, QualityFunction const&, unsigned long, unsigned long, LeidenOptions const*) /home/stomo/WorkSpace/MyLeiden/Leiden.cpp:1138 (test_move_nodes_fast+0xc87d)
    #7 RunStage4AAndCheck tests/test_move_nodes_fast.cpp:201 (test_move_nodes_fast+0x2b4c1)
    #8 TestStage4ABasicAndEdgeCases tests/test_move_nodes_fast.cpp:494 (test_move_nodes_fast+0x2bc0b)
    #9 main tests/test_move_nodes_fast.cpp:674 (test_move_nodes_fast+0x2e2c8)

  Location is stack of main thread.

  Location is global '<null>' at 0x000000000000 ([stack]+0x00000001f718)

  Thread T3 (tid=6, running) created by main thread at:
    #0 pthread_create ../../../../src/libsanitizer/tsan/tsan_interceptors_posix.cpp:969 (libtsan.so.0+0x605b8)
    #1 <null> <null> (libgomp.so.1+0x1e25f)
    #2 RunStage4AAndCheck tests/test_move_nodes_fast.cpp:201 (test_move_nodes_fast+0x2b4c1)
    #3 TestStage4ABasicAndEdgeCases tests/test_move_nodes_fast.cpp:464 (test_move_nodes_fast+0x2b7d4)
    #4 main tests/test_move_nodes_fast.cpp:674 (test_move_nodes_fast+0x2e2c8)

SUMMARY: ThreadSanitizer: data race /usr/include/c++/11/bits/stl_vector.h:1064 in std::vector<std::vector<Edge, std::allocator<Edge> >, std::allocator<std::vector<Edge, std::allocator<Edge> > > >::operator[](unsigned long) const
==================
==================
WARNING: ThreadSanitizer: data race (pid=2)
  Read of size 8 at 0x7b2000000000 by thread T3:
    #0 __gnu_cxx::__normal_iterator<Edge const*, std::vector<Edge, std::allocator<Edge> > >::__normal_iterator(Edge const* const&) /usr/include/c++/11/bits/stl_iterator.h:1028 (test_move_nodes_fast+0x64d5)
    #1 std::vector<Edge, std::allocator<Edge> >::begin() const /usr/include/c++/11/bits/stl_vector.h:821 (test_move_nodes_fast+0x64d5)
    #2 BuildNeighborCommunityWeights(SimpleGraph const&, LeidenPartition const&, int, NeighborCommunityScratch&) /home/stomo/WorkSpace/MyLeiden/QualityFunction.cpp:186 (test_move_nodes_fast+0x64d5)
    #3 MoveNodesFastParallelStage4A(SimpleGraph const&, LeidenGraphStats const&, LeidenPartition, QualityFunction const&, unsigned long, unsigned long, LeidenOptions const*) [clone ._omp_fn.0] /home/stomo/WorkSpace/MyLeiden/Leiden.cpp:1191 (test_move_nodes_fast+0xc5d4)
    #4 <null> <null> (libgomp.so.1+0x1dc0d)

  Previous write of size 8 at 0x7b2000000000 by main thread:
    #0 operator new(unsigned long) ../../../../src/libsanitizer/tsan/tsan_new_delete.cpp:64 (libtsan.so.0+0x8f162)
    #1 __gnu_cxx::new_allocator<std::vector<Edge, std::allocator<Edge> > >::allocate(unsigned long, void const*) /usr/include/c++/11/ext/new_allocator.h:127 (test_move_nodes_fast+0x26962)
    #2 std::allocator_traits<std::allocator<std::vector<Edge, std::allocator<Edge> > > >::allocate(std::allocator<std::vector<Edge, std::allocator<Edge> > >&, unsigned long) /usr/include/c++/11/bits/alloc_traits.h:464 (test_move_nodes_fast+0x26962)
    #3 std::_Vector_base<std::vector<Edge, std::allocator<Edge> >, std::allocator<std::vector<Edge, std::allocator<Edge> > > >::_M_allocate(unsigned long) /usr/include/c++/11/bits/stl_vector.h:346 (test_move_nodes_fast+0x26962)
    #4 std::_Vector_base<std::vector<Edge, std::allocator<Edge> >, std::allocator<std::vector<Edge, std::allocator<Edge> > > >::_M_create_storage(unsigned long) /usr/include/c++/11/bits/stl_vector.h:361 (test_move_nodes_fast+0x26962)
    #5 std::_Vector_base<std::vector<Edge, std::allocator<Edge> >, std::allocator<std::vector<Edge, std::allocator<Edge> > > >::_Vector_base(unsigned long, std::allocator<std::vector<Edge, std::allocator<Edge> > > const&) /usr/include/c++/11/bits/stl_vector.h:305 (test_move_nodes_fast+0x26962)
    #6 std::vector<std::vector<Edge, std::allocator<Edge> >, std::allocator<std::vector<Edge, std::allocator<Edge> > > >::vector(unsigned long, std::allocator<std::vector<Edge, std::allocator<Edge> > > const&) /usr/include/c++/11/bits/stl_vector.h:511 (test_move_nodes_fast+0x26962)
    #7 SimpleGraph::SimpleGraph(int) common/Types.hpp:16 (test_move_nodes_fast+0x26962)
    #8 MakeGraph(int) common/Types.hpp:27 (test_move_nodes_fast+0x26962)
    #9 MakeWeightedGraph tests/test_move_nodes_fast.cpp:230 (test_move_nodes_fast+0x26962)
    #10 TestStage4ABasicAndEdgeCases tests/test_move_nodes_fast.cpp:496 (test_move_nodes_fast+0x2bc3b)
    #11 main tests/test_move_nodes_fast.cpp:674 (test_move_nodes_fast+0x2e2c8)

  Location is heap block of size 120 at 0x7b2000000000 allocated by main thread:
    #0 operator new(unsigned long) ../../../../src/libsanitizer/tsan/tsan_new_delete.cpp:64 (libtsan.so.0+0x8f162)
    #1 __gnu_cxx::new_allocator<std::vector<Edge, std::allocator<Edge> > >::allocate(unsigned long, void const*) /usr/include/c++/11/ext/new_allocator.h:127 (test_move_nodes_fast+0x26962)
    #2 std::allocator_traits<std::allocator<std::vector<Edge, std::allocator<Edge> > > >::allocate(std::allocator<std::vector<Edge, std::allocator<Edge> > >&, unsigned long) /usr/include/c++/11/bits/alloc_traits.h:464 (test_move_nodes_fast+0x26962)
    #3 std::_Vector_base<std::vector<Edge, std::allocator<Edge> >, std::allocator<std::vector<Edge, std::allocator<Edge> > > >::_M_allocate(unsigned long) /usr/include/c++/11/bits/stl_vector.h:346 (test_move_nodes_fast+0x26962)
    #4 std::_Vector_base<std::vector<Edge, std::allocator<Edge> >, std::allocator<std::vector<Edge, std::allocator<Edge> > > >::_M_create_storage(unsigned long) /usr/include/c++/11/bits/stl_vector.h:361 (test_move_nodes_fast+0x26962)
    #5 std::_Vector_base<std::vector<Edge, std::allocator<Edge> >, std::allocator<std::vector<Edge, std::allocator<Edge> > > >::_Vector_base(unsigned long, std::allocator<std::vector<Edge, std::allocator<Edge> > > const&) /usr/include/c++/11/bits/stl_vector.h:305 (test_move_nodes_fast+0x26962)
    #6 std::vector<std::vector<Edge, std::allocator<Edge> >, std::allocator<std::vector<Edge, std::allocator<Edge> > > >::vector(unsigned long, std::allocator<std::vector<Edge, std::allocator<Edge> > > const&) /usr/include/c++/11/bits/stl_vector.h:511 (test_move_nodes_fast+0x26962)
    #7 SimpleGraph::SimpleGraph(int) common/Types.hpp:16 (test_move_nodes_fast+0x26962)
    #8 MakeGraph(int) common/Types.hpp:27 (test_move_nodes_fast+0x26962)
    #9 MakeWeightedGraph tests/test_move_nodes_fast.cpp:230 (test_move_nodes_fast+0x26962)
    #10 TestStage4ABasicAndEdgeCases tests/test_move_nodes_fast.cpp:496 (test_move_nodes_fast+0x2bc3b)
    #11 main tests/test_move_nodes_fast.cpp:674 (test_move_nodes_fast+0x2e2c8)

  Thread T3 (tid=6, running) created by main thread at:
    #0 pthread_create ../../../../src/libsanitizer/tsan/tsan_interceptors_posix.cpp:969 (libtsan.so.0+0x605b8)
    #1 <null> <null> (libgomp.so.1+0x1e25f)
    #2 RunStage4AAndCheck tests/test_move_nodes_fast.cpp:201 (test_move_nodes_fast+0x2b4c1)
    #3 TestStage4ABasicAndEdgeCases tests/test_move_nodes_fast.cpp:464 (test_move_nodes_fast+0x2b7d4)
    #4 main tests/test_move_nodes_fast.cpp:674 (test_move_nodes_fast+0x2e2c8)

SUMMARY: ThreadSanitizer: data race /usr/include/c++/11/bits/stl_iterator.h:1028 in __gnu_cxx::__normal_iterator<Edge const*, std::vector<Edge, std::allocator<Edge> > >::__normal_iterator(Edge const* const&)
==================
==================
WARNING: ThreadSanitizer: data race (pid=2)
  Read of size 8 at 0x7b2000000008 by thread T3:
    #0 __gnu_cxx::__normal_iterator<Edge const*, std::vector<Edge, std::allocator<Edge> > >::__normal_iterator(Edge const* const&) /usr/include/c++/11/bits/stl_iterator.h:1028 (test_move_nodes_fast+0x64e1)
    #1 std::vector<Edge, std::allocator<Edge> >::end() const /usr/include/c++/11/bits/stl_vector.h:839 (test_move_nodes_fast+0x64e1)
    #2 BuildNeighborCommunityWeights(SimpleGraph const&, LeidenPartition const&, int, NeighborCommunityScratch&) /home/stomo/WorkSpace/MyLeiden/QualityFunction.cpp:186 (test_move_nodes_fast+0x64e1)
    #3 MoveNodesFastParallelStage4A(SimpleGraph const&, LeidenGraphStats const&, LeidenPartition, QualityFunction const&, unsigned long, unsigned long, LeidenOptions const*) [clone ._omp_fn.0] /home/stomo/WorkSpace/MyLeiden/Leiden.cpp:1191 (test_move_nodes_fast+0xc5d4)
    #4 <null> <null> (libgomp.so.1+0x1dc0d)

  Previous write of size 8 at 0x7b2000000008 by main thread:
    #0 operator new(unsigned long) ../../../../src/libsanitizer/tsan/tsan_new_delete.cpp:64 (libtsan.so.0+0x8f162)
    #1 __gnu_cxx::new_allocator<std::vector<Edge, std::allocator<Edge> > >::allocate(unsigned long, void const*) /usr/include/c++/11/ext/new_allocator.h:127 (test_move_nodes_fast+0x26962)
    #2 std::allocator_traits<std::allocator<std::vector<Edge, std::allocator<Edge> > > >::allocate(std::allocator<std::vector<Edge, std::allocator<Edge> > >&, unsigned long) /usr/include/c++/11/bits/alloc_traits.h:464 (test_move_nodes_fast+0x26962)
    #3 std::_Vector_base<std::vector<Edge, std::allocator<Edge> >, std::allocator<std::vector<Edge, std::allocator<Edge> > > >::_M_allocate(unsigned long) /usr/include/c++/11/bits/stl_vector.h:346 (test_move_nodes_fast+0x26962)
    #4 std::_Vector_base<std::vector<Edge, std::allocator<Edge> >, std::allocator<std::vector<Edge, std::allocator<Edge> > > >::_M_create_storage(unsigned long) /usr/include/c++/11/bits/stl_vector.h:361 (test_move_nodes_fast+0x26962)
    #5 std::_Vector_base<std::vector<Edge, std::allocator<Edge> >, std::allocator<std::vector<Edge, std::allocator<Edge> > > >::_Vector_base(unsigned long, std::allocator<std::vector<Edge, std::allocator<Edge> > > const&) /usr/include/c++/11/bits/stl_vector.h:305 (test_move_nodes_fast+0x26962)
    #6 std::vector<std::vector<Edge, std::allocator<Edge> >, std::allocator<std::vector<Edge, std::allocator<Edge> > > >::vector(unsigned long, std::allocator<std::vector<Edge, std::allocator<Edge> > > const&) /usr/include/c++/11/bits/stl_vector.h:511 (test_move_nodes_fast+0x26962)
    #7 SimpleGraph::SimpleGraph(int) common/Types.hpp:16 (test_move_nodes_fast+0x26962)
    #8 MakeGraph(int) common/Types.hpp:27 (test_move_nodes_fast+0x26962)
    #9 MakeWeightedGraph tests/test_move_nodes_fast.cpp:230 (test_move_nodes_fast+0x26962)
    #10 TestStage4ABasicAndEdgeCases tests/test_move_nodes_fast.cpp:496 (test_move_nodes_fast+0x2bc3b)
    #11 main tests/test_move_nodes_fast.cpp:674 (test_move_nodes_fast+0x2e2c8)

  Location is heap block of size 120 at 0x7b2000000000 allocated by main thread:
    #0 operator new(unsigned long) ../../../../src/libsanitizer/tsan/tsan_new_delete.cpp:64 (libtsan.so.0+0x8f162)
    #1 __gnu_cxx::new_allocator<std::vector<Edge, std::allocator<Edge> > >::allocate(unsigned long, void const*) /usr/include/c++/11/ext/new_allocator.h:127 (test_move_nodes_fast+0x26962)
    #2 std::allocator_traits<std::allocator<std::vector<Edge, std::allocator<Edge> > > >::allocate(std::allocator<std::vector<Edge, std::allocator<Edge> > >&, unsigned long) /usr/include/c++/11/bits/alloc_traits.h:464 (test_move_nodes_fast+0x26962)
    #3 std::_Vector_base<std::vector<Edge, std::allocator<Edge> >, std::allocator<std::vector<Edge, std::allocator<Edge> > > >::_M_allocate(unsigned long) /usr/include/c++/11/bits/stl_vector.h:346 (test_move_nodes_fast+0x26962)
    #4 std::_Vector_base<std::vector<Edge, std::allocator<Edge> >, std::allocator<std::vector<Edge, std::allocator<Edge> > > >::_M_create_storage(unsigned long) /usr/include/c++/11/bits/stl_vector.h:361 (test_move_nodes_fast+0x26962)
    #5 std::_Vector_base<std::vector<Edge, std::allocator<Edge> >, std::allocator<std::vector<Edge, std::allocator<Edge> > > >::_Vector_base(unsigned long, std::allocator<std::vector<Edge, std::allocator<Edge> > > const&) /usr/include/c++/11/bits/stl_vector.h:305 (test_move_nodes_fast+0x26962)
    #6 std::vector<std::vector<Edge, std::allocator<Edge> >, std::allocator<std::vector<Edge, std::allocator<Edge> > > >::vector(unsigned long, std::allocator<std::vector<Edge, std::allocator<Edge> > > const&) /usr/include/c++/11/bits/stl_vector.h:511 (test_move_nodes_fast+0x26962)
    #7 SimpleGraph::SimpleGraph(int) common/Types.hpp:16 (test_move_nodes_fast+0x26962)
    #8 MakeGraph(int) common/Types.hpp:27 (test_move_nodes_fast+0x26962)
    #9 MakeWeightedGraph tests/test_move_nodes_fast.cpp:230 (test_move_nodes_fast+0x26962)
    #10 TestStage4ABasicAndEdgeCases tests/test_move_nodes_fast.cpp:496 (test_move_nodes_fast+0x2bc3b)
    #11 main tests/test_move_nodes_fast.cpp:674 (test_move_nodes_fast+0x2e2c8)

  Thread T3 (tid=6, running) created by main thread at:
    #0 pthread_create ../../../../src/libsanitizer/tsan/tsan_interceptors_posix.cpp:969 (libtsan.so.0+0x605b8)
    #1 <null> <null> (libgomp.so.1+0x1e25f)
    #2 RunStage4AAndCheck tests/test_move_nodes_fast.cpp:201 (test_move_nodes_fast+0x2b4c1)
    #3 TestStage4ABasicAndEdgeCases tests/test_move_nodes_fast.cpp:464 (test_move_nodes_fast+0x2b7d4)
    #4 main tests/test_move_nodes_fast.cpp:674 (test_move_nodes_fast+0x2e2c8)

SUMMARY: ThreadSanitizer: data race /usr/include/c++/11/bits/stl_iterator.h:1028 in __gnu_cxx::__normal_iterator<Edge const*, std::vector<Edge, std::allocator<Edge> > >::__normal_iterator(Edge const* const&)
==================
==================
WARNING: ThreadSanitizer: data race (pid=2)
  Read of size 4 at 0x7b0800000140 by thread T3:
    #0 BuildNeighborCommunityWeights(SimpleGraph const&, LeidenPartition const&, int, NeighborCommunityScratch&) /home/stomo/WorkSpace/MyLeiden/QualityFunction.cpp:187 (test_move_nodes_fast+0x6658)
    #1 MoveNodesFastParallelStage4A(SimpleGraph const&, LeidenGraphStats const&, LeidenPartition, QualityFunction const&, unsigned long, unsigned long, LeidenOptions const*) [clone ._omp_fn.0] /home/stomo/WorkSpace/MyLeiden/Leiden.cpp:1191 (test_move_nodes_fast+0xc5d4)
    #2 <null> <null> (libgomp.so.1+0x1dc0d)

  Previous write of size 8 at 0x7b0800000140 by main thread:
    #0 operator new(unsigned long) ../../../../src/libsanitizer/tsan/tsan_new_delete.cpp:64 (libtsan.so.0+0x8f162)
    #1 __gnu_cxx::new_allocator<Edge>::allocate(unsigned long, void const*) /usr/include/c++/11/ext/new_allocator.h:127 (test_move_nodes_fast+0x23184)
    #2 std::allocator_traits<std::allocator<Edge> >::allocate(std::allocator<Edge>&, unsigned long) /usr/include/c++/11/bits/alloc_traits.h:464 (test_move_nodes_fast+0x23184)
    #3 std::_Vector_base<Edge, std::allocator<Edge> >::_M_allocate(unsigned long) /usr/include/c++/11/bits/stl_vector.h:346 (test_move_nodes_fast+0x23184)
    #4 void std::vector<Edge, std::allocator<Edge> >::_M_realloc_insert<Edge>(__gnu_cxx::__normal_iterator<Edge*, std::vector<Edge, std::allocator<Edge> > >, Edge&&) /usr/include/c++/11/bits/vector.tcc:440 (test_move_nodes_fast+0x23184)
    #5 Edge& std::vector<Edge, std::allocator<Edge> >::emplace_back<Edge>(Edge&&) /usr/include/c++/11/bits/vector.tcc:121 (test_move_nodes_fast+0x2322d)
    #6 std::vector<Edge, std::allocator<Edge> >::push_back(Edge&&) /usr/include/c++/11/bits/stl_vector.h:1204 (test_move_nodes_fast+0x26c10)
    #7 add_undirected_edge(SimpleGraph&, int, int, double) common/Types.hpp:42 (test_move_nodes_fast+0x26c10)
    #8 MakeWeightedGraph tests/test_move_nodes_fast.cpp:235 (test_move_nodes_fast+0x26c10)
    #9 TestStage4ABasicAndEdgeCases tests/test_move_nodes_fast.cpp:496 (test_move_nodes_fast+0x2bc3b)
    #10 main tests/test_move_nodes_fast.cpp:674 (test_move_nodes_fast+0x2e2c8)

  Location is heap block of size 32 at 0x7b0800000140 allocated by main thread:
    #0 operator new(unsigned long) ../../../../src/libsanitizer/tsan/tsan_new_delete.cpp:64 (libtsan.so.0+0x8f162)
    #1 __gnu_cxx::new_allocator<Edge>::allocate(unsigned long, void const*) /usr/include/c++/11/ext/new_allocator.h:127 (test_move_nodes_fast+0x23184)
    #2 std::allocator_traits<std::allocator<Edge> >::allocate(std::allocator<Edge>&, unsigned long) /usr/include/c++/11/bits/alloc_traits.h:464 (test_move_nodes_fast+0x23184)
    #3 std::_Vector_base<Edge, std::allocator<Edge> >::_M_allocate(unsigned long) /usr/include/c++/11/bits/stl_vector.h:346 (test_move_nodes_fast+0x23184)
    #4 void std::vector<Edge, std::allocator<Edge> >::_M_realloc_insert<Edge>(__gnu_cxx::__normal_iterator<Edge*, std::vector<Edge, std::allocator<Edge> > >, Edge&&) /usr/include/c++/11/bits/vector.tcc:440 (test_move_nodes_fast+0x23184)
    #5 Edge& std::vector<Edge, std::allocator<Edge> >::emplace_back<Edge>(Edge&&) /usr/include/c++/11/bits/vector.tcc:121 (test_move_nodes_fast+0x2322d)
    #6 std::vector<Edge, std::allocator<Edge> >::push_back(Edge&&) /usr/include/c++/11/bits/stl_vector.h:1204 (test_move_nodes_fast+0x26c10)
    #7 add_undirected_edge(SimpleGraph&, int, int, double) common/Types.hpp:42 (test_move_nodes_fast+0x26c10)
    #8 MakeWeightedGraph tests/test_move_nodes_fast.cpp:235 (test_move_nodes_fast+0x26c10)
    #9 TestStage4ABasicAndEdgeCases tests/test_move_nodes_fast.cpp:496 (test_move_nodes_fast+0x2bc3b)
    #10 main tests/test_move_nodes_fast.cpp:674 (test_move_nodes_fast+0x2e2c8)

  Thread T3 (tid=6, running) created by main thread at:
    #0 pthread_create ../../../../src/libsanitizer/tsan/tsan_interceptors_posix.cpp:969 (libtsan.so.0+0x605b8)
    #1 <null> <null> (libgomp.so.1+0x1e25f)
    #2 RunStage4AAndCheck tests/test_move_nodes_fast.cpp:201 (test_move_nodes_fast+0x2b4c1)
    #3 TestStage4ABasicAndEdgeCases tests/test_move_nodes_fast.cpp:464 (test_move_nodes_fast+0x2b7d4)
    #4 main tests/test_move_nodes_fast.cpp:674 (test_move_nodes_fast+0x2e2c8)

SUMMARY: ThreadSanitizer: data race /home/stomo/WorkSpace/MyLeiden/QualityFunction.cpp:187 in BuildNeighborCommunityWeights(SimpleGraph const&, LeidenPartition const&, int, NeighborCommunityScratch&)
==================
==================
WARNING: ThreadSanitizer: data race (pid=2)
  Read of size 8 at 0x7b0800000148 by thread T3:
    #0 BuildNeighborCommunityWeights(SimpleGraph const&, LeidenPartition const&, int, NeighborCommunityScratch&) /home/stomo/WorkSpace/MyLeiden/QualityFunction.cpp:201 (test_move_nodes_fast+0x6620)
    #1 MoveNodesFastParallelStage4A(SimpleGraph const&, LeidenGraphStats const&, LeidenPartition, QualityFunction const&, unsigned long, unsigned long, LeidenOptions const*) [clone ._omp_fn.0] /home/stomo/WorkSpace/MyLeiden/Leiden.cpp:1191 (test_move_nodes_fast+0xc5d4)
    #2 <null> <null> (libgomp.so.1+0x1dc0d)

  Previous write of size 8 at 0x7b0800000148 by main thread:
    #0 operator new(unsigned long) ../../../../src/libsanitizer/tsan/tsan_new_delete.cpp:64 (libtsan.so.0+0x8f162)
    #1 __gnu_cxx::new_allocator<Edge>::allocate(unsigned long, void const*) /usr/include/c++/11/ext/new_allocator.h:127 (test_move_nodes_fast+0x23184)
    #2 std::allocator_traits<std::allocator<Edge> >::allocate(std::allocator<Edge>&, unsigned long) /usr/include/c++/11/bits/alloc_traits.h:464 (test_move_nodes_fast+0x23184)
    #3 std::_Vector_base<Edge, std::allocator<Edge> >::_M_allocate(unsigned long) /usr/include/c++/11/bits/stl_vector.h:346 (test_move_nodes_fast+0x23184)
    #4 void std::vector<Edge, std::allocator<Edge> >::_M_realloc_insert<Edge>(__gnu_cxx::__normal_iterator<Edge*, std::vector<Edge, std::allocator<Edge> > >, Edge&&) /usr/include/c++/11/bits/vector.tcc:440 (test_move_nodes_fast+0x23184)
    #5 Edge& std::vector<Edge, std::allocator<Edge> >::emplace_back<Edge>(Edge&&) /usr/include/c++/11/bits/vector.tcc:121 (test_move_nodes_fast+0x2322d)
    #6 std::vector<Edge, std::allocator<Edge> >::push_back(Edge&&) /usr/include/c++/11/bits/stl_vector.h:1204 (test_move_nodes_fast+0x26c10)
    #7 add_undirected_edge(SimpleGraph&, int, int, double) common/Types.hpp:42 (test_move_nodes_fast+0x26c10)
    #8 MakeWeightedGraph tests/test_move_nodes_fast.cpp:235 (test_move_nodes_fast+0x26c10)
    #9 TestStage4ABasicAndEdgeCases tests/test_move_nodes_fast.cpp:496 (test_move_nodes_fast+0x2bc3b)
    #10 main tests/test_move_nodes_fast.cpp:674 (test_move_nodes_fast+0x2e2c8)

  Location is heap block of size 32 at 0x7b0800000140 allocated by main thread:
    #0 operator new(unsigned long) ../../../../src/libsanitizer/tsan/tsan_new_delete.cpp:64 (libtsan.so.0+0x8f162)
    #1 __gnu_cxx::new_allocator<Edge>::allocate(unsigned long, void const*) /usr/include/c++/11/ext/new_allocator.h:127 (test_move_nodes_fast+0x23184)
    #2 std::allocator_traits<std::allocator<Edge> >::allocate(std::allocator<Edge>&, unsigned long) /usr/include/c++/11/bits/alloc_traits.h:464 (test_move_nodes_fast+0x23184)
    #3 std::_Vector_base<Edge, std::allocator<Edge> >::_M_allocate(unsigned long) /usr/include/c++/11/bits/stl_vector.h:346 (test_move_nodes_fast+0x23184)
    #4 void std::vector<Edge, std::allocator<Edge> >::_M_realloc_insert<Edge>(__gnu_cxx::__normal_iterator<Edge*, std::vector<Edge, std::allocator<Edge> > >, Edge&&) /usr/include/c++/11/bits/vector.tcc:440 (test_move_nodes_fast+0x23184)
    #5 Edge& std::vector<Edge, std::allocator<Edge> >::emplace_back<Edge>(Edge&&) /usr/include/c++/11/bits/vector.tcc:121 (test_move_nodes_fast+0x2322d)
    #6 std::vector<Edge, std::allocator<Edge> >::push_back(Edge&&) /usr/include/c++/11/bits/stl_vector.h:1204 (test_move_nodes_fast+0x26c10)
    #7 add_undirected_edge(SimpleGraph&, int, int, double) common/Types.hpp:42 (test_move_nodes_fast+0x26c10)
    #8 MakeWeightedGraph tests/test_move_nodes_fast.cpp:235 (test_move_nodes_fast+0x26c10)
    #9 TestStage4ABasicAndEdgeCases tests/test_move_nodes_fast.cpp:496 (test_move_nodes_fast+0x2bc3b)
    #10 main tests/test_move_nodes_fast.cpp:674 (test_move_nodes_fast+0x2e2c8)

  Thread T3 (tid=6, running) created by main thread at:
    #0 pthread_create ../../../../src/libsanitizer/tsan/tsan_interceptors_posix.cpp:969 (libtsan.so.0+0x605b8)
    #1 <null> <null> (libgomp.so.1+0x1e25f)
    #2 RunStage4AAndCheck tests/test_move_nodes_fast.cpp:201 (test_move_nodes_fast+0x2b4c1)
    #3 TestStage4ABasicAndEdgeCases tests/test_move_nodes_fast.cpp:464 (test_move_nodes_fast+0x2b7d4)
    #4 main tests/test_move_nodes_fast.cpp:674 (test_move_nodes_fast+0x2e2c8)

SUMMARY: ThreadSanitizer: data race /home/stomo/WorkSpace/MyLeiden/QualityFunction.cpp:201 in BuildNeighborCommunityWeights(SimpleGraph const&, LeidenPartition const&, int, NeighborCommunityScratch&)
==================
==================
WARNING: ThreadSanitizer: data race (pid=2)
  Read of size 4 at 0x7b08000000d0 by thread T3:
    #0 BuildNeighborCommunityWeights(SimpleGraph const&, LeidenPartition const&, int, NeighborCommunityScratch&) /home/stomo/WorkSpace/MyLeiden/QualityFunction.cpp:190 (test_move_nodes_fast+0x667b)
    #1 MoveNodesFastParallelStage4A(SimpleGraph const&, LeidenGraphStats const&, LeidenPartition, QualityFunction const&, unsigned long, unsigned long, LeidenOptions const*) [clone ._omp_fn.0] /home/stomo/WorkSpace/MyLeiden/Leiden.cpp:1191 (test_move_nodes_fast+0xc5d4)
    #2 <null> <null> (libgomp.so.1+0x1dc0d)

  Previous write of size 1 at 0x7b08000000d3 by main thread:
    #0 memmove ../../../../src/libsanitizer/sanitizer_common/sanitizer_common_interceptors.inc:810 (libtsan.so.0+0x6225e)
    #1 memmove ../../../../src/libsanitizer/sanitizer_common/sanitizer_common_interceptors.inc:808 (libtsan.so.0+0x6225e)
    #2 int* std::__copy_move<false, true, std::random_access_iterator_tag>::__copy_m<int>(int const*, int const*, int*) /usr/include/c++/11/bits/stl_algobase.h:431 (test_move_nodes_fast+0x2e786)
    #3 int* std::__copy_move_a2<false, int const*, int*>(int const*, int const*, int*) /usr/include/c++/11/bits/stl_algobase.h:495 (test_move_nodes_fast+0x2e786)
    #4 int* std::__copy_move_a1<false, int const*, int*>(int const*, int const*, int*) /usr/include/c++/11/bits/stl_algobase.h:522 (test_move_nodes_fast+0x2e786)
    #5 int* std::__copy_move_a<false, __gnu_cxx::__normal_iterator<int const*, std::vector<int, std::allocator<int> > >, int*>(__gnu_cxx::__normal_iterator<int const*, std::vector<int, std::allocator<int> > >, __gnu_cxx::__normal_iterator<int const*, std::vector<int, std::allocator<int> > >, int*) /usr/include/c++/11/bits/stl_algobase.h:529 (test_move_nodes_fast+0x2e786)
    #6 int* std::copy<__gnu_cxx::__normal_iterator<int const*, std::vector<int, std::allocator<int> > >, int*>(__gnu_cxx::__normal_iterator<int const*, std::vector<int, std::allocator<int> > >, __gnu_cxx::__normal_iterator<int const*, std::vector<int, std::allocator<int> > >, int*) /usr/include/c++/11/bits/stl_algobase.h:620 (test_move_nodes_fast+0x2e786)
    #7 int* std::__uninitialized_copy<true>::__uninit_copy<__gnu_cxx::__normal_iterator<int const*, std::vector<int, std::allocator<int> > >, int*>(__gnu_cxx::__normal_iterator<int const*, std::vector<int, std::allocator<int> > >, __gnu_cxx::__normal_iterator<int const*, std::vector<int, std::allocator<int> > >, int*) /usr/include/c++/11/bits/stl_uninitialized.h:110 (test_move_nodes_fast+0x2e786)
    #8 int* std::uninitialized_copy<__gnu_cxx::__normal_iterator<int const*, std::vector<int, std::allocator<int> > >, int*>(__gnu_cxx::__normal_iterator<int const*, std::vector<int, std::allocator<int> > >, __gnu_cxx::__normal_iterator<int const*, std::vector<int, std::allocator<int> > >, int*) /usr/include/c++/11/bits/stl_uninitialized.h:151 (test_move_nodes_fast+0x2e786)
    #9 int* std::__uninitialized_copy_a<__gnu_cxx::__normal_iterator<int const*, std::vector<int, std::allocator<int> > >, int*, int>(__gnu_cxx::__normal_iterator<int const*, std::vector<int, std::allocator<int> > >, __gnu_cxx::__normal_iterator<int const*, std::vector<int, std::allocator<int> > >, int*, std::allocator<int>&) /usr/include/c++/11/bits/stl_uninitialized.h:333 (test_move_nodes_fast+0x2e786)
    #10 std::vector<int, std::allocator<int> >::vector(std::vector<int, std::allocator<int> > const&) /usr/include/c++/11/bits/stl_vector.h:558 (test_move_nodes_fast+0x2e786)
    #11 LeidenPartition::LeidenPartition(LeidenPartition const&) LeidenTypes.hpp:21 (test_move_nodes_fast+0x2e786)
    #12 RunStage4AAndCheck tests/test_move_nodes_fast.cpp:201 (test_move_nodes_fast+0x2b499)
    #13 TestStage4ABasicAndEdgeCases tests/test_move_nodes_fast.cpp:495 (test_move_nodes_fast+0x2bc7e)
    #14 main tests/test_move_nodes_fast.cpp:674 (test_move_nodes_fast+0x2e2c8)

  Location is heap block of size 20 at 0x7b08000000c0 allocated by main thread:
    #0 operator new(unsigned long) ../../../../src/libsanitizer/tsan/tsan_new_delete.cpp:64 (libtsan.so.0+0x8f162)
    #1 __gnu_cxx::new_allocator<int>::allocate(unsigned long, void const*) /usr/include/c++/11/ext/new_allocator.h:127 (test_move_nodes_fast+0x2e705)
    #2 std::allocator_traits<std::allocator<int> >::allocate(std::allocator<int>&, unsigned long) /usr/include/c++/11/bits/alloc_traits.h:464 (test_move_nodes_fast+0x2e705)
    #3 std::_Vector_base<int, std::allocator<int> >::_M_allocate(unsigned long) /usr/include/c++/11/bits/stl_vector.h:346 (test_move_nodes_fast+0x2e705)
    #4 std::_Vector_base<int, std::allocator<int> >::_M_create_storage(unsigned long) /usr/include/c++/11/bits/stl_vector.h:361 (test_move_nodes_fast+0x2e705)
    #5 std::_Vector_base<int, std::allocator<int> >::_Vector_base(unsigned long, std::allocator<int> const&) /usr/include/c++/11/bits/stl_vector.h:305 (test_move_nodes_fast+0x2e705)
    #6 std::vector<int, std::allocator<int> >::vector(std::vector<int, std::allocator<int> > const&) /usr/include/c++/11/bits/stl_vector.h:555 (test_move_nodes_fast+0x2e705)
    #7 LeidenPartition::LeidenPartition(LeidenPartition const&) LeidenTypes.hpp:21 (test_move_nodes_fast+0x2e705)
    #8 RunStage4AAndCheck tests/test_move_nodes_fast.cpp:201 (test_move_nodes_fast+0x2b499)
    #9 TestStage4ABasicAndEdgeCases tests/test_move_nodes_fast.cpp:495 (test_move_nodes_fast+0x2bc7e)
    #10 main tests/test_move_nodes_fast.cpp:674 (test_move_nodes_fast+0x2e2c8)

  Thread T3 (tid=6, running) created by main thread at:
    #0 pthread_create ../../../../src/libsanitizer/tsan/tsan_interceptors_posix.cpp:969 (libtsan.so.0+0x605b8)
    #1 <null> <null> (libgomp.so.1+0x1e25f)
    #2 RunStage4AAndCheck tests/test_move_nodes_fast.cpp:201 (test_move_nodes_fast+0x2b4c1)
    #3 TestStage4ABasicAndEdgeCases tests/test_move_nodes_fast.cpp:464 (test_move_nodes_fast+0x2b7d4)
    #4 main tests/test_move_nodes_fast.cpp:674 (test_move_nodes_fast+0x2e2c8)

SUMMARY: ThreadSanitizer: data race /home/stomo/WorkSpace/MyLeiden/QualityFunction.cpp:190 in BuildNeighborCommunityWeights(SimpleGraph const&, LeidenPartition const&, int, NeighborCommunityScratch&)
==================
==================
WARNING: ThreadSanitizer: data race (pid=2)
  Write of size 1 at 0x7b2000000080 by thread T3:
    #0 MoveNodesFastParallelStage4A(SimpleGraph const&, LeidenGraphStats const&, LeidenPartition, QualityFunction const&, unsigned long, unsigned long, LeidenOptions const*) [clone ._omp_fn.0] /home/stomo/WorkSpace/MyLeiden/Leiden.cpp:1245 (test_move_nodes_fast+0xc486)
    #1 <null> <null> (libgomp.so.1+0x1dc0d)

  Previous write of size 8 at 0x7b2000000080 by main thread:
    #0 operator new(unsigned long) ../../../../src/libsanitizer/tsan/tsan_new_delete.cpp:64 (libtsan.so.0+0x8f162)
    #1 allocate /usr/include/c++/11/ext/new_allocator.h:127 (test_move_nodes_fast+0xcbe1)
    #2 allocate /usr/include/c++/11/bits/alloc_traits.h:464 (test_move_nodes_fast+0xcbe1)
    #3 _M_allocate /usr/include/c++/11/bits/stl_vector.h:346 (test_move_nodes_fast+0xcbe1)
    #4 _M_create_storage /usr/include/c++/11/bits/stl_vector.h:361 (test_move_nodes_fast+0xcbe1)
    #5 _Vector_base /usr/include/c++/11/bits/stl_vector.h:305 (test_move_nodes_fast+0xcbe1)
    #6 vector /usr/include/c++/11/bits/stl_vector.h:511 (test_move_nodes_fast+0xcbe1)
    #7 MoveNodesFastParallelStage4A(SimpleGraph const&, LeidenGraphStats const&, LeidenPartition, QualityFunction const&, unsigned long, unsigned long, LeidenOptions const*) /home/stomo/WorkSpace/MyLeiden/Leiden.cpp:1145 (test_move_nodes_fast+0xcbe1)
    #8 RunStage4AAndCheck tests/test_move_nodes_fast.cpp:201 (test_move_nodes_fast+0x2b4c1)
    #9 TestStage4ABasicAndEdgeCases tests/test_move_nodes_fast.cpp:495 (test_move_nodes_fast+0x2bc7e)
    #10 main tests/test_move_nodes_fast.cpp:674 (test_move_nodes_fast+0x2e2c8)

  Location is heap block of size 120 at 0x7b2000000080 allocated by main thread:
    #0 operator new(unsigned long) ../../../../src/libsanitizer/tsan/tsan_new_delete.cpp:64 (libtsan.so.0+0x8f162)
    #1 allocate /usr/include/c++/11/ext/new_allocator.h:127 (test_move_nodes_fast+0xcbe1)
    #2 allocate /usr/include/c++/11/bits/alloc_traits.h:464 (test_move_nodes_fast+0xcbe1)
    #3 _M_allocate /usr/include/c++/11/bits/stl_vector.h:346 (test_move_nodes_fast+0xcbe1)
    #4 _M_create_storage /usr/include/c++/11/bits/stl_vector.h:361 (test_move_nodes_fast+0xcbe1)
    #5 _Vector_base /usr/include/c++/11/bits/stl_vector.h:305 (test_move_nodes_fast+0xcbe1)
    #6 vector /usr/include/c++/11/bits/stl_vector.h:511 (test_move_nodes_fast+0xcbe1)
    #7 MoveNodesFastParallelStage4A(SimpleGraph const&, LeidenGraphStats const&, LeidenPartition, QualityFunction const&, unsigned long, unsigned long, LeidenOptions const*) /home/stomo/WorkSpace/MyLeiden/Leiden.cpp:1145 (test_move_nodes_fast+0xcbe1)
    #8 RunStage4AAndCheck tests/test_move_nodes_fast.cpp:201 (test_move_nodes_fast+0x2b4c1)
    #9 TestStage4ABasicAndEdgeCases tests/test_move_nodes_fast.cpp:495 (test_move_nodes_fast+0x2bc7e)
    #10 main tests/test_move_nodes_fast.cpp:674 (test_move_nodes_fast+0x2e2c8)

  Thread T3 (tid=6, running) created by main thread at:
    #0 pthread_create ../../../../src/libsanitizer/tsan/tsan_interceptors_posix.cpp:969 (libtsan.so.0+0x605b8)
    #1 <null> <null> (libgomp.so.1+0x1e25f)
    #2 RunStage4AAndCheck tests/test_move_nodes_fast.cpp:201 (test_move_nodes_fast+0x2b4c1)
    #3 TestStage4ABasicAndEdgeCases tests/test_move_nodes_fast.cpp:464 (test_move_nodes_fast+0x2b7d4)
    #4 main tests/test_move_nodes_fast.cpp:674 (test_move_nodes_fast+0x2e2c8)

SUMMARY: ThreadSanitizer: data race /home/stomo/WorkSpace/MyLeiden/Leiden.cpp:1245 in MoveNodesFastParallelStage4A(SimpleGraph const&, LeidenGraphStats const&, LeidenPartition, QualityFunction const&, unsigned long, unsigned long, LeidenOptions const*) [clone ._omp_fn.0]
==================
==================
WARNING: ThreadSanitizer: data race (pid=2)
  Write of size 4 at 0x7b2000000088 by thread T3:
    #0 MoveNodesFastParallelStage4A(SimpleGraph const&, LeidenGraphStats const&, LeidenPartition, QualityFunction const&, unsigned long, unsigned long, LeidenOptions const*) [clone ._omp_fn.0] /home/stomo/WorkSpace/MyLeiden/Leiden.cpp:1245 (test_move_nodes_fast+0xc4b9)
    #1 <null> <null> (libgomp.so.1+0x1dc0d)

  Previous write of size 8 at 0x7b2000000088 by main thread:
    #0 operator new(unsigned long) ../../../../src/libsanitizer/tsan/tsan_new_delete.cpp:64 (libtsan.so.0+0x8f162)
    #1 allocate /usr/include/c++/11/ext/new_allocator.h:127 (test_move_nodes_fast+0xcbe1)
    #2 allocate /usr/include/c++/11/bits/alloc_traits.h:464 (test_move_nodes_fast+0xcbe1)
    #3 _M_allocate /usr/include/c++/11/bits/stl_vector.h:346 (test_move_nodes_fast+0xcbe1)
    #4 _M_create_storage /usr/include/c++/11/bits/stl_vector.h:361 (test_move_nodes_fast+0xcbe1)
    #5 _Vector_base /usr/include/c++/11/bits/stl_vector.h:305 (test_move_nodes_fast+0xcbe1)
    #6 vector /usr/include/c++/11/bits/stl_vector.h:511 (test_move_nodes_fast+0xcbe1)
    #7 MoveNodesFastParallelStage4A(SimpleGraph const&, LeidenGraphStats const&, LeidenPartition, QualityFunction const&, unsigned long, unsigned long, LeidenOptions const*) /home/stomo/WorkSpace/MyLeiden/Leiden.cpp:1145 (test_move_nodes_fast+0xcbe1)
    #8 RunStage4AAndCheck tests/test_move_nodes_fast.cpp:201 (test_move_nodes_fast+0x2b4c1)
    #9 TestStage4ABasicAndEdgeCases tests/test_move_nodes_fast.cpp:495 (test_move_nodes_fast+0x2bc7e)
    #10 main tests/test_move_nodes_fast.cpp:674 (test_move_nodes_fast+0x2e2c8)

  Location is heap block of size 120 at 0x7b2000000080 allocated by main thread:
    #0 operator new(unsigned long) ../../../../src/libsanitizer/tsan/tsan_new_delete.cpp:64 (libtsan.so.0+0x8f162)
    #1 allocate /usr/include/c++/11/ext/new_allocator.h:127 (test_move_nodes_fast+0xcbe1)
    #2 allocate /usr/include/c++/11/bits/alloc_traits.h:464 (test_move_nodes_fast+0xcbe1)
    #3 _M_allocate /usr/include/c++/11/bits/stl_vector.h:346 (test_move_nodes_fast+0xcbe1)
    #4 _M_create_storage /usr/include/c++/11/bits/stl_vector.h:361 (test_move_nodes_fast+0xcbe1)
    #5 _Vector_base /usr/include/c++/11/bits/stl_vector.h:305 (test_move_nodes_fast+0xcbe1)
    #6 vector /usr/include/c++/11/bits/stl_vector.h:511 (test_move_nodes_fast+0xcbe1)
    #7 MoveNodesFastParallelStage4A(SimpleGraph const&, LeidenGraphStats const&, LeidenPartition, QualityFunction const&, unsigned long, unsigned long, LeidenOptions const*) /home/stomo/WorkSpace/MyLeiden/Leiden.cpp:1145 (test_move_nodes_fast+0xcbe1)
    #8 RunStage4AAndCheck tests/test_move_nodes_fast.cpp:201 (test_move_nodes_fast+0x2b4c1)
    #9 TestStage4ABasicAndEdgeCases tests/test_move_nodes_fast.cpp:495 (test_move_nodes_fast+0x2bc7e)
    #10 main tests/test_move_nodes_fast.cpp:674 (test_move_nodes_fast+0x2e2c8)

  Thread T3 (tid=6, running) created by main thread at:
    #0 pthread_create ../../../../src/libsanitizer/tsan/tsan_interceptors_posix.cpp:969 (libtsan.so.0+0x605b8)
    #1 <null> <null> (libgomp.so.1+0x1e25f)
    #2 RunStage4AAndCheck tests/test_move_nodes_fast.cpp:201 (test_move_nodes_fast+0x2b4c1)
    #3 TestStage4ABasicAndEdgeCases tests/test_move_nodes_fast.cpp:464 (test_move_nodes_fast+0x2b7d4)
    #4 main tests/test_move_nodes_fast.cpp:674 (test_move_nodes_fast+0x2e2c8)

SUMMARY: ThreadSanitizer: data race /home/stomo/WorkSpace/MyLeiden/Leiden.cpp:1245 in MoveNodesFastParallelStage4A(SimpleGraph const&, LeidenGraphStats const&, LeidenPartition, QualityFunction const&, unsigned long, unsigned long, LeidenOptions const*) [clone ._omp_fn.0]
==================
==================
WARNING: ThreadSanitizer: data race (pid=2)
  Write of size 8 at 0x7b2000000090 by thread T3:
    #0 MoveNodesFastParallelStage4A(SimpleGraph const&, LeidenGraphStats const&, LeidenPartition, QualityFunction const&, unsigned long, unsigned long, LeidenOptions const*) [clone ._omp_fn.0] /home/stomo/WorkSpace/MyLeiden/Leiden.cpp:1245 (test_move_nodes_fast+0xc4dd)
    #1 <null> <null> (libgomp.so.1+0x1dc0d)

  Previous write of size 8 at 0x7b2000000090 by main thread:
    #0 operator new(unsigned long) ../../../../src/libsanitizer/tsan/tsan_new_delete.cpp:64 (libtsan.so.0+0x8f162)
    #1 allocate /usr/include/c++/11/ext/new_allocator.h:127 (test_move_nodes_fast+0xcbe1)
    #2 allocate /usr/include/c++/11/bits/alloc_traits.h:464 (test_move_nodes_fast+0xcbe1)
    #3 _M_allocate /usr/include/c++/11/bits/stl_vector.h:346 (test_move_nodes_fast+0xcbe1)
    #4 _M_create_storage /usr/include/c++/11/bits/stl_vector.h:361 (test_move_nodes_fast+0xcbe1)
    #5 _Vector_base /usr/include/c++/11/bits/stl_vector.h:305 (test_move_nodes_fast+0xcbe1)
    #6 vector /usr/include/c++/11/bits/stl_vector.h:511 (test_move_nodes_fast+0xcbe1)
    #7 MoveNodesFastParallelStage4A(SimpleGraph const&, LeidenGraphStats const&, LeidenPartition, QualityFunction const&, unsigned long, unsigned long, LeidenOptions const*) /home/stomo/WorkSpace/MyLeiden/Leiden.cpp:1145 (test_move_nodes_fast+0xcbe1)
    #8 RunStage4AAndCheck tests/test_move_nodes_fast.cpp:201 (test_move_nodes_fast+0x2b4c1)
    #9 TestStage4ABasicAndEdgeCases tests/test_move_nodes_fast.cpp:495 (test_move_nodes_fast+0x2bc7e)
    #10 main tests/test_move_nodes_fast.cpp:674 (test_move_nodes_fast+0x2e2c8)

  Location is heap block of size 120 at 0x7b2000000080 allocated by main thread:
    #0 operator new(unsigned long) ../../../../src/libsanitizer/tsan/tsan_new_delete.cpp:64 (libtsan.so.0+0x8f162)
    #1 allocate /usr/include/c++/11/ext/new_allocator.h:127 (test_move_nodes_fast+0xcbe1)
    #2 allocate /usr/include/c++/11/bits/alloc_traits.h:464 (test_move_nodes_fast+0xcbe1)
    #3 _M_allocate /usr/include/c++/11/bits/stl_vector.h:346 (test_move_nodes_fast+0xcbe1)
    #4 _M_create_storage /usr/include/c++/11/bits/stl_vector.h:361 (test_move_nodes_fast+0xcbe1)
    #5 _Vector_base /usr/include/c++/11/bits/stl_vector.h:305 (test_move_nodes_fast+0xcbe1)
    #6 vector /usr/include/c++/11/bits/stl_vector.h:511 (test_move_nodes_fast+0xcbe1)
    #7 MoveNodesFastParallelStage4A(SimpleGraph const&, LeidenGraphStats const&, LeidenPartition, QualityFunction const&, unsigned long, unsigned long, LeidenOptions const*) /home/stomo/WorkSpace/MyLeiden/Leiden.cpp:1145 (test_move_nodes_fast+0xcbe1)
    #8 RunStage4AAndCheck tests/test_move_nodes_fast.cpp:201 (test_move_nodes_fast+0x2b4c1)
    #9 TestStage4ABasicAndEdgeCases tests/test_move_nodes_fast.cpp:495 (test_move_nodes_fast+0x2bc7e)
    #10 main tests/test_move_nodes_fast.cpp:674 (test_move_nodes_fast+0x2e2c8)

  Thread T3 (tid=6, running) created by main thread at:
    #0 pthread_create ../../../../src/libsanitizer/tsan/tsan_interceptors_posix.cpp:969 (libtsan.so.0+0x605b8)
    #1 <null> <null> (libgomp.so.1+0x1e25f)
    #2 RunStage4AAndCheck tests/test_move_nodes_fast.cpp:201 (test_move_nodes_fast+0x2b4c1)
    #3 TestStage4ABasicAndEdgeCases tests/test_move_nodes_fast.cpp:464 (test_move_nodes_fast+0x2b7d4)
    #4 main tests/test_move_nodes_fast.cpp:674 (test_move_nodes_fast+0x2e2c8)

SUMMARY: ThreadSanitizer: data race /home/stomo/WorkSpace/MyLeiden/Leiden.cpp:1245 in MoveNodesFastParallelStage4A(SimpleGraph const&, LeidenGraphStats const&, LeidenPartition, QualityFunction const&, unsigned long, unsigned long, LeidenOptions const*) [clone ._omp_fn.0]
==================
==================
WARNING: ThreadSanitizer: data race (pid=2)
  Read of size 4 at 0x7b08000000c8 by thread T3:
    #0 BuildNeighborCommunityWeights(SimpleGraph const&, LeidenPartition const&, int, NeighborCommunityScratch&) /home/stomo/WorkSpace/MyLeiden/QualityFunction.cpp:190 (test_move_nodes_fast+0x667b)
    #1 MoveNodesFastParallelStage4A(SimpleGraph const&, LeidenGraphStats const&, LeidenPartition, QualityFunction const&, unsigned long, unsigned long, LeidenOptions const*) [clone ._omp_fn.0] /home/stomo/WorkSpace/MyLeiden/Leiden.cpp:1191 (test_move_nodes_fast+0xc5d4)
    #2 <null> <null> (libgomp.so.1+0x1dc0d)

  Previous write of size 8 at 0x7b08000000c8 by main thread:
    #0 operator new(unsigned long) ../../../../src/libsanitizer/tsan/tsan_new_delete.cpp:64 (libtsan.so.0+0x8f162)
    #1 __gnu_cxx::new_allocator<int>::allocate(unsigned long, void const*) /usr/include/c++/11/ext/new_allocator.h:127 (test_move_nodes_fast+0x2e705)
    #2 std::allocator_traits<std::allocator<int> >::allocate(std::allocator<int>&, unsigned long) /usr/include/c++/11/bits/alloc_traits.h:464 (test_move_nodes_fast+0x2e705)
    #3 std::_Vector_base<int, std::allocator<int> >::_M_allocate(unsigned long) /usr/include/c++/11/bits/stl_vector.h:346 (test_move_nodes_fast+0x2e705)
    #4 std::_Vector_base<int, std::allocator<int> >::_M_create_storage(unsigned long) /usr/include/c++/11/bits/stl_vector.h:361 (test_move_nodes_fast+0x2e705)
    #5 std::_Vector_base<int, std::allocator<int> >::_Vector_base(unsigned long, std::allocator<int> const&) /usr/include/c++/11/bits/stl_vector.h:305 (test_move_nodes_fast+0x2e705)
    #6 std::vector<int, std::allocator<int> >::vector(std::vector<int, std::allocator<int> > const&) /usr/include/c++/11/bits/stl_vector.h:555 (test_move_nodes_fast+0x2e705)
    #7 LeidenPartition::LeidenPartition(LeidenPartition const&) LeidenTypes.hpp:21 (test_move_nodes_fast+0x2e705)
    #8 RunStage4AAndCheck tests/test_move_nodes_fast.cpp:201 (test_move_nodes_fast+0x2b499)
    #9 TestStage4ABasicAndEdgeCases tests/test_move_nodes_fast.cpp:495 (test_move_nodes_fast+0x2bc7e)
    #10 main tests/test_move_nodes_fast.cpp:674 (test_move_nodes_fast+0x2e2c8)

  Location is heap block of size 20 at 0x7b08000000c0 allocated by main thread:
    #0 operator new(unsigned long) ../../../../src/libsanitizer/tsan/tsan_new_delete.cpp:64 (libtsan.so.0+0x8f162)
    #1 __gnu_cxx::new_allocator<int>::allocate(unsigned long, void const*) /usr/include/c++/11/ext/new_allocator.h:127 (test_move_nodes_fast+0x2e705)
    #2 std::allocator_traits<std::allocator<int> >::allocate(std::allocator<int>&, unsigned long) /usr/include/c++/11/bits/alloc_traits.h:464 (test_move_nodes_fast+0x2e705)
    #3 std::_Vector_base<int, std::allocator<int> >::_M_allocate(unsigned long) /usr/include/c++/11/bits/stl_vector.h:346 (test_move_nodes_fast+0x2e705)
    #4 std::_Vector_base<int, std::allocator<int> >::_M_create_storage(unsigned long) /usr/include/c++/11/bits/stl_vector.h:361 (test_move_nodes_fast+0x2e705)
    #5 std::_Vector_base<int, std::allocator<int> >::_Vector_base(unsigned long, std::allocator<int> const&) /usr/include/c++/11/bits/stl_vector.h:305 (test_move_nodes_fast+0x2e705)
    #6 std::vector<int, std::allocator<int> >::vector(std::vector<int, std::allocator<int> > const&) /usr/include/c++/11/bits/stl_vector.h:555 (test_move_nodes_fast+0x2e705)
    #7 LeidenPartition::LeidenPartition(LeidenPartition const&) LeidenTypes.hpp:21 (test_move_nodes_fast+0x2e705)
    #8 RunStage4AAndCheck tests/test_move_nodes_fast.cpp:201 (test_move_nodes_fast+0x2b499)
    #9 TestStage4ABasicAndEdgeCases tests/test_move_nodes_fast.cpp:495 (test_move_nodes_fast+0x2bc7e)
    #10 main tests/test_move_nodes_fast.cpp:674 (test_move_nodes_fast+0x2e2c8)

  Thread T3 (tid=6, running) created by main thread at:
    #0 pthread_create ../../../../src/libsanitizer/tsan/tsan_interceptors_posix.cpp:969 (libtsan.so.0+0x605b8)
    #1 <null> <null> (libgomp.so.1+0x1e25f)
    #2 RunStage4AAndCheck tests/test_move_nodes_fast.cpp:201 (test_move_nodes_fast+0x2b4c1)
    #3 TestStage4ABasicAndEdgeCases tests/test_move_nodes_fast.cpp:464 (test_move_nodes_fast+0x2b7d4)
    #4 main tests/test_move_nodes_fast.cpp:674 (test_move_nodes_fast+0x2e2c8)

SUMMARY: ThreadSanitizer: data race /home/stomo/WorkSpace/MyLeiden/QualityFunction.cpp:190 in BuildNeighborCommunityWeights(SimpleGraph const&, LeidenPartition const&, int, NeighborCommunityScratch&)
==================
==================
WARNING: ThreadSanitizer: data race (pid=2)
  Read of size 4 at 0x7b1000000040 by thread T3:
    #0 BuildNeighborCommunityWeights(SimpleGraph const&, LeidenPartition const&, int, NeighborCommunityScratch&) /home/stomo/WorkSpace/MyLeiden/QualityFunction.cpp:187 (test_move_nodes_fast+0x6658)
    #1 MoveNodesFastParallelStage4A(SimpleGraph const&, LeidenGraphStats const&, LeidenPartition, QualityFunction const&, unsigned long, unsigned long, LeidenOptions const*) [clone ._omp_fn.0] /home/stomo/WorkSpace/MyLeiden/Leiden.cpp:1191 (test_move_nodes_fast+0xc5d4)
    #2 <null> <null> (libgomp.so.1+0x1dc0d)

  Previous write of size 8 at 0x7b1000000040 by main thread:
    #0 operator new(unsigned long) ../../../../src/libsanitizer/tsan/tsan_new_delete.cpp:64 (libtsan.so.0+0x8f162)
    #1 __gnu_cxx::new_allocator<Edge>::allocate(unsigned long, void const*) /usr/include/c++/11/ext/new_allocator.h:127 (test_move_nodes_fast+0x23184)
    #2 std::allocator_traits<std::allocator<Edge> >::allocate(std::allocator<Edge>&, unsigned long) /usr/include/c++/11/bits/alloc_traits.h:464 (test_move_nodes_fast+0x23184)
    #3 std::_Vector_base<Edge, std::allocator<Edge> >::_M_allocate(unsigned long) /usr/include/c++/11/bits/stl_vector.h:346 (test_move_nodes_fast+0x23184)
    #4 void std::vector<Edge, std::allocator<Edge> >::_M_realloc_insert<Edge>(__gnu_cxx::__normal_iterator<Edge*, std::vector<Edge, std::allocator<Edge> > >, Edge&&) /usr/include/c++/11/bits/vector.tcc:440 (test_move_nodes_fast+0x23184)
    #5 Edge& std::vector<Edge, std::allocator<Edge> >::emplace_back<Edge>(Edge&&) /usr/include/c++/11/bits/vector.tcc:121 (test_move_nodes_fast+0x2322d)
    #6 std::vector<Edge, std::allocator<Edge> >::push_back(Edge&&) /usr/include/c++/11/bits/stl_vector.h:1204 (test_move_nodes_fast+0x26cd1)
    #7 add_undirected_edge(SimpleGraph&, int, int, double) common/Types.hpp:44 (test_move_nodes_fast+0x26cd1)
    #8 MakeWeightedGraph tests/test_move_nodes_fast.cpp:236 (test_move_nodes_fast+0x26cd1)
    #9 TestStage4ABasicAndEdgeCases tests/test_move_nodes_fast.cpp:496 (test_move_nodes_fast+0x2bc3b)
    #10 main tests/test_move_nodes_fast.cpp:674 (test_move_nodes_fast+0x2e2c8)

  Location is heap block of size 64 at 0x7b1000000040 allocated by main thread:
    #0 operator new(unsigned long) ../../../../src/libsanitizer/tsan/tsan_new_delete.cpp:64 (libtsan.so.0+0x8f162)
    #1 __gnu_cxx::new_allocator<Edge>::allocate(unsigned long, void const*) /usr/include/c++/11/ext/new_allocator.h:127 (test_move_nodes_fast+0x23184)
    #2 std::allocator_traits<std::allocator<Edge> >::allocate(std::allocator<Edge>&, unsigned long) /usr/include/c++/11/bits/alloc_traits.h:464 (test_move_nodes_fast+0x23184)
    #3 std::_Vector_base<Edge, std::allocator<Edge> >::_M_allocate(unsigned long) /usr/include/c++/11/bits/stl_vector.h:346 (test_move_nodes_fast+0x23184)
    #4 void std::vector<Edge, std::allocator<Edge> >::_M_realloc_insert<Edge>(__gnu_cxx::__normal_iterator<Edge*, std::vector<Edge, std::allocator<Edge> > >, Edge&&) /usr/include/c++/11/bits/vector.tcc:440 (test_move_nodes_fast+0x23184)
    #5 Edge& std::vector<Edge, std::allocator<Edge> >::emplace_back<Edge>(Edge&&) /usr/include/c++/11/bits/vector.tcc:121 (test_move_nodes_fast+0x2322d)
    #6 std::vector<Edge, std::allocator<Edge> >::push_back(Edge&&) /usr/include/c++/11/bits/stl_vector.h:1204 (test_move_nodes_fast+0x26cd1)
    #7 add_undirected_edge(SimpleGraph&, int, int, double) common/Types.hpp:44 (test_move_nodes_fast+0x26cd1)
    #8 MakeWeightedGraph tests/test_move_nodes_fast.cpp:236 (test_move_nodes_fast+0x26cd1)
    #9 TestStage4ABasicAndEdgeCases tests/test_move_nodes_fast.cpp:496 (test_move_nodes_fast+0x2bc3b)
    #10 main tests/test_move_nodes_fast.cpp:674 (test_move_nodes_fast+0x2e2c8)

  Thread T3 (tid=6, running) created by main thread at:
    #0 pthread_create ../../../../src/libsanitizer/tsan/tsan_interceptors_posix.cpp:969 (libtsan.so.0+0x605b8)
    #1 <null> <null> (libgomp.so.1+0x1e25f)
    #2 RunStage4AAndCheck tests/test_move_nodes_fast.cpp:201 (test_move_nodes_fast+0x2b4c1)
    #3 TestStage4ABasicAndEdgeCases tests/test_move_nodes_fast.cpp:464 (test_move_nodes_fast+0x2b7d4)
    #4 main tests/test_move_nodes_fast.cpp:674 (test_move_nodes_fast+0x2e2c8)

SUMMARY: ThreadSanitizer: data race /home/stomo/WorkSpace/MyLeiden/QualityFunction.cpp:187 in BuildNeighborCommunityWeights(SimpleGraph const&, LeidenPartition const&, int, NeighborCommunityScratch&)
==================
==================
WARNING: ThreadSanitizer: data race (pid=2)
  Read of size 8 at 0x7b1000000048 by thread T3:
    #0 BuildNeighborCommunityWeights(SimpleGraph const&, LeidenPartition const&, int, NeighborCommunityScratch&) /home/stomo/WorkSpace/MyLeiden/QualityFunction.cpp:201 (test_move_nodes_fast+0x6620)
    #1 MoveNodesFastParallelStage4A(SimpleGraph const&, LeidenGraphStats const&, LeidenPartition, QualityFunction const&, unsigned long, unsigned long, LeidenOptions const*) [clone ._omp_fn.0] /home/stomo/WorkSpace/MyLeiden/Leiden.cpp:1191 (test_move_nodes_fast+0xc5d4)
    #2 <null> <null> (libgomp.so.1+0x1dc0d)

  Previous write of size 8 at 0x7b1000000048 by main thread:
    #0 operator new(unsigned long) ../../../../src/libsanitizer/tsan/tsan_new_delete.cpp:64 (libtsan.so.0+0x8f162)
    #1 __gnu_cxx::new_allocator<Edge>::allocate(unsigned long, void const*) /usr/include/c++/11/ext/new_allocator.h:127 (test_move_nodes_fast+0x23184)
    #2 std::allocator_traits<std::allocator<Edge> >::allocate(std::allocator<Edge>&, unsigned long) /usr/include/c++/11/bits/alloc_traits.h:464 (test_move_nodes_fast+0x23184)
    #3 std::_Vector_base<Edge, std::allocator<Edge> >::_M_allocate(unsigned long) /usr/include/c++/11/bits/stl_vector.h:346 (test_move_nodes_fast+0x23184)
    #4 void std::vector<Edge, std::allocator<Edge> >::_M_realloc_insert<Edge>(__gnu_cxx::__normal_iterator<Edge*, std::vector<Edge, std::allocator<Edge> > >, Edge&&) /usr/include/c++/11/bits/vector.tcc:440 (test_move_nodes_fast+0x23184)
    #5 Edge& std::vector<Edge, std::allocator<Edge> >::emplace_back<Edge>(Edge&&) /usr/include/c++/11/bits/vector.tcc:121 (test_move_nodes_fast+0x2322d)
    #6 std::vector<Edge, std::allocator<Edge> >::push_back(Edge&&) /usr/include/c++/11/bits/stl_vector.h:1204 (test_move_nodes_fast+0x26cd1)
    #7 add_undirected_edge(SimpleGraph&, int, int, double) common/Types.hpp:44 (test_move_nodes_fast+0x26cd1)
    #8 MakeWeightedGraph tests/test_move_nodes_fast.cpp:236 (test_move_nodes_fast+0x26cd1)
    #9 TestStage4ABasicAndEdgeCases tests/test_move_nodes_fast.cpp:496 (test_move_nodes_fast+0x2bc3b)
    #10 main tests/test_move_nodes_fast.cpp:674 (test_move_nodes_fast+0x2e2c8)

  Location is heap block of size 64 at 0x7b1000000040 allocated by main thread:
    #0 operator new(unsigned long) ../../../../src/libsanitizer/tsan/tsan_new_delete.cpp:64 (libtsan.so.0+0x8f162)
    #1 __gnu_cxx::new_allocator<Edge>::allocate(unsigned long, void const*) /usr/include/c++/11/ext/new_allocator.h:127 (test_move_nodes_fast+0x23184)
    #2 std::allocator_traits<std::allocator<Edge> >::allocate(std::allocator<Edge>&, unsigned long) /usr/include/c++/11/bits/alloc_traits.h:464 (test_move_nodes_fast+0x23184)
    #3 std::_Vector_base<Edge, std::allocator<Edge> >::_M_allocate(unsigned long) /usr/include/c++/11/bits/stl_vector.h:346 (test_move_nodes_fast+0x23184)
    #4 void std::vector<Edge, std::allocator<Edge> >::_M_realloc_insert<Edge>(__gnu_cxx::__normal_iterator<Edge*, std::vector<Edge, std::allocator<Edge> > >, Edge&&) /usr/include/c++/11/bits/vector.tcc:440 (test_move_nodes_fast+0x23184)
    #5 Edge& std::vector<Edge, std::allocator<Edge> >::emplace_back<Edge>(Edge&&) /usr/include/c++/11/bits/vector.tcc:121 (test_move_nodes_fast+0x2322d)
    #6 std::vector<Edge, std::allocator<Edge> >::push_back(Edge&&) /usr/include/c++/11/bits/stl_vector.h:1204 (test_move_nodes_fast+0x26cd1)
    #7 add_undirected_edge(SimpleGraph&, int, int, double) common/Types.hpp:44 (test_move_nodes_fast+0x26cd1)
    #8 MakeWeightedGraph tests/test_move_nodes_fast.cpp:236 (test_move_nodes_fast+0x26cd1)
    #9 TestStage4ABasicAndEdgeCases tests/test_move_nodes_fast.cpp:496 (test_move_nodes_fast+0x2bc3b)
    #10 main tests/test_move_nodes_fast.cpp:674 (test_move_nodes_fast+0x2e2c8)

  Thread T3 (tid=6, running) created by main thread at:
    #0 pthread_create ../../../../src/libsanitizer/tsan/tsan_interceptors_posix.cpp:969 (libtsan.so.0+0x605b8)
    #1 <null> <null> (libgomp.so.1+0x1e25f)
    #2 RunStage4AAndCheck tests/test_move_nodes_fast.cpp:201 (test_move_nodes_fast+0x2b4c1)
    #3 TestStage4ABasicAndEdgeCases tests/test_move_nodes_fast.cpp:464 (test_move_nodes_fast+0x2b7d4)
    #4 main tests/test_move_nodes_fast.cpp:674 (test_move_nodes_fast+0x2e2c8)

SUMMARY: ThreadSanitizer: data race /home/stomo/WorkSpace/MyLeiden/QualityFunction.cpp:201 in BuildNeighborCommunityWeights(SimpleGraph const&, LeidenPartition const&, int, NeighborCommunityScratch&)
==================
==================
WARNING: ThreadSanitizer: data race (pid=2)
  Read of size 8 at 0x7ffd2222e598 by thread T3:
    #0 MoveNodesFastParallelStage4A(SimpleGraph const&, LeidenGraphStats const&, LeidenPartition, QualityFunction const&, unsigned long, unsigned long, LeidenOptions const*) [clone ._omp_fn.0] /home/stomo/WorkSpace/MyLeiden/Leiden.cpp:1173 (test_move_nodes_fast+0xc058)
    #1 <null> <null> (libgomp.so.1+0x1dc0d)

  Previous write of size 8 at 0x7ffd2222e598 by main thread:
    #0 std::_Vector_base<double, std::allocator<double> >::_Vector_impl_data::_Vector_impl_data() /usr/include/c++/11/bits/stl_vector.h:98 (test_move_nodes_fast+0xc8e3)
    #1 std::_Vector_base<double, std::allocator<double> >::_Vector_impl::_Vector_impl() /usr/include/c++/11/bits/stl_vector.h:133 (test_move_nodes_fast+0xc8e3)
    #2 std::_Vector_base<double, std::allocator<double> >::_Vector_base() /usr/include/c++/11/bits/stl_vector.h:288 (test_move_nodes_fast+0xc8e3)
    #3 std::vector<double, std::allocator<double> >::vector() /usr/include/c++/11/bits/stl_vector.h:487 (test_move_nodes_fast+0xc8e3)
    #4 LeidenPartition::LeidenPartition() /home/stomo/WorkSpace/MyLeiden/LeidenTypes.hpp:21 (test_move_nodes_fast+0xc8e3)
    #5 MoveNodesFastResult::MoveNodesFastResult() /home/stomo/WorkSpace/MyLeiden/Leiden.hpp:11 (test_move_nodes_fast+0xc8e3)
    #6 MoveNodesFastParallelStage4A(SimpleGraph const&, LeidenGraphStats const&, LeidenPartition, QualityFunction const&, unsigned long, unsigned long, LeidenOptions const*) /home/stomo/WorkSpace/MyLeiden/Leiden.cpp:1138 (test_move_nodes_fast+0xc8e3)
    #7 RunStage4AAndCheck tests/test_move_nodes_fast.cpp:201 (test_move_nodes_fast+0x2b4c1)
    #8 TestStage4ABasicAndEdgeCases tests/test_move_nodes_fast.cpp:481 (test_move_nodes_fast+0x2ba8e)
    #9 main tests/test_move_nodes_fast.cpp:674 (test_move_nodes_fast+0x2e2c8)

  Location is stack of main thread.

  Location is global '<null>' at 0x000000000000 ([stack]+0x00000001f598)

  Thread T3 (tid=6, running) created by main thread at:
    #0 pthread_create ../../../../src/libsanitizer/tsan/tsan_interceptors_posix.cpp:969 (libtsan.so.0+0x605b8)
    #1 <null> <null> (libgomp.so.1+0x1e25f)
    #2 RunStage4AAndCheck tests/test_move_nodes_fast.cpp:201 (test_move_nodes_fast+0x2b4c1)
    #3 TestStage4ABasicAndEdgeCases tests/test_move_nodes_fast.cpp:464 (test_move_nodes_fast+0x2b7d4)
    #4 main tests/test_move_nodes_fast.cpp:674 (test_move_nodes_fast+0x2e2c8)

SUMMARY: ThreadSanitizer: data race /home/stomo/WorkSpace/MyLeiden/Leiden.cpp:1173 in MoveNodesFastParallelStage4A(SimpleGraph const&, LeidenGraphStats const&, LeidenPartition, QualityFunction const&, unsigned long, unsigned long, LeidenOptions const*) [clone ._omp_fn.0]
==================
==================
WARNING: ThreadSanitizer: data race (pid=2)
  Read of size 4 at 0x7ffd2222e5d0 by thread T2:
    #0 MoveNodesFastParallelStage4A(SimpleGraph const&, LeidenGraphStats const&, LeidenPartition, QualityFunction const&, unsigned long, unsigned long, LeidenOptions const*) [clone ._omp_fn.0] /home/stomo/WorkSpace/MyLeiden/Leiden.cpp:1169 (test_move_nodes_fast+0xbf5b)
    #1 <null> <null> (libgomp.so.1+0x1dc0d)

  Previous write of size 8 at 0x7ffd2222e5d0 by main thread:
    #0 std::_Vector_base<unsigned char, std::allocator<unsigned char> >::_Vector_impl_data::_Vector_impl_data() /usr/include/c++/11/bits/stl_vector.h:98 (test_move_nodes_fast+0xc95a)
    #1 std::_Vector_base<unsigned char, std::allocator<unsigned char> >::_Vector_impl::_Vector_impl() /usr/include/c++/11/bits/stl_vector.h:133 (test_move_nodes_fast+0xc95a)
    #2 std::_Vector_base<unsigned char, std::allocator<unsigned char> >::_Vector_base() /usr/include/c++/11/bits/stl_vector.h:288 (test_move_nodes_fast+0xc95a)
    #3 std::vector<unsigned char, std::allocator<unsigned char> >::vector() /usr/include/c++/11/bits/stl_vector.h:487 (test_move_nodes_fast+0xc95a)
    #4 LeidenPartition::LeidenPartition() /home/stomo/WorkSpace/MyLeiden/LeidenTypes.hpp:21 (test_move_nodes_fast+0xc95a)
    #5 MoveNodesFastResult::MoveNodesFastResult() /home/stomo/WorkSpace/MyLeiden/Leiden.hpp:11 (test_move_nodes_fast+0xc95a)
    #6 MoveNodesFastParallelStage4A(SimpleGraph const&, LeidenGraphStats const&, LeidenPartition, QualityFunction const&, unsigned long, unsigned long, LeidenOptions const*) /home/stomo/WorkSpace/MyLeiden/Leiden.cpp:1138 (test_move_nodes_fast+0xc95a)
    #7 RunStage4AAndCheck tests/test_move_nodes_fast.cpp:201 (test_move_nodes_fast+0x2b4c1)
    #8 TestStage4ABasicAndEdgeCases tests/test_move_nodes_fast.cpp:481 (test_move_nodes_fast+0x2ba8e)
    #9 main tests/test_move_nodes_fast.cpp:674 (test_move_nodes_fast+0x2e2c8)

  Location is stack of main thread.

  Location is global '<null>' at 0x000000000000 ([stack]+0x00000001f5d0)

  Thread T2 (tid=5, running) created by main thread at:
    #0 pthread_create ../../../../src/libsanitizer/tsan/tsan_interceptors_posix.cpp:969 (libtsan.so.0+0x605b8)
    #1 <null> <null> (libgomp.so.1+0x1e25f)
    #2 RunStage4AAndCheck tests/test_move_nodes_fast.cpp:201 (test_move_nodes_fast+0x2b4c1)
    #3 TestStage4ABasicAndEdgeCases tests/test_move_nodes_fast.cpp:464 (test_move_nodes_fast+0x2b7d4)
    #4 main tests/test_move_nodes_fast.cpp:674 (test_move_nodes_fast+0x2e2c8)

SUMMARY: ThreadSanitizer: data race /home/stomo/WorkSpace/MyLeiden/Leiden.cpp:1169 in MoveNodesFastParallelStage4A(SimpleGraph const&, LeidenGraphStats const&, LeidenPartition, QualityFunction const&, unsigned long, unsigned long, LeidenOptions const*) [clone ._omp_fn.0]
==================
==================
WARNING: ThreadSanitizer: data race (pid=2)
  Read of size 8 at 0x7ffd2222e5a0 by thread T1:
    #0 MoveNodesFastParallelStage4A(SimpleGraph const&, LeidenGraphStats const&, LeidenPartition, QualityFunction const&, unsigned long, unsigned long, LeidenOptions const*) [clone ._omp_fn.0] /home/stomo/WorkSpace/MyLeiden/Leiden.cpp:1180 (test_move_nodes_fast+0xc539)
    #1 <null> <null> (libgomp.so.1+0x1dc0d)

  Previous write of size 8 at 0x7ffd2222e5a0 by main thread:
    #0 std::_Vector_base<double, std::allocator<double> >::_Vector_impl_data::_Vector_impl_data() /usr/include/c++/11/bits/stl_vector.h:98 (test_move_nodes_fast+0xc8f4)
    #1 std::_Vector_base<double, std::allocator<double> >::_Vector_impl::_Vector_impl() /usr/include/c++/11/bits/stl_vector.h:133 (test_move_nodes_fast+0xc8f4)
    #2 std::_Vector_base<double, std::allocator<double> >::_Vector_base() /usr/include/c++/11/bits/stl_vector.h:288 (test_move_nodes_fast+0xc8f4)
    #3 std::vector<double, std::allocator<double> >::vector() /usr/include/c++/11/bits/stl_vector.h:487 (test_move_nodes_fast+0xc8f4)
    #4 LeidenPartition::LeidenPartition() /home/stomo/WorkSpace/MyLeiden/LeidenTypes.hpp:21 (test_move_nodes_fast+0xc8f4)
    #5 MoveNodesFastResult::MoveNodesFastResult() /home/stomo/WorkSpace/MyLeiden/Leiden.hpp:11 (test_move_nodes_fast+0xc8f4)
    #6 MoveNodesFastParallelStage4A(SimpleGraph const&, LeidenGraphStats const&, LeidenPartition, QualityFunction const&, unsigned long, unsigned long, LeidenOptions const*) /home/stomo/WorkSpace/MyLeiden/Leiden.cpp:1138 (test_move_nodes_fast+0xc8f4)
    #7 RunStage4AAndCheck tests/test_move_nodes_fast.cpp:201 (test_move_nodes_fast+0x2b4c1)
    #8 TestStage4ABasicAndEdgeCases tests/test_move_nodes_fast.cpp:481 (test_move_nodes_fast+0x2ba8e)
    #9 main tests/test_move_nodes_fast.cpp:674 (test_move_nodes_fast+0x2e2c8)

  Location is stack of main thread.

  Location is global '<null>' at 0x000000000000 ([stack]+0x00000001f5a0)

  Thread T1 (tid=4, running) created by main thread at:
    #0 pthread_create ../../../../src/libsanitizer/tsan/tsan_interceptors_posix.cpp:969 (libtsan.so.0+0x605b8)
    #1 <null> <null> (libgomp.so.1+0x1e25f)
    #2 RunStage4AAndCheck tests/test_move_nodes_fast.cpp:201 (test_move_nodes_fast+0x2b4c1)
    #3 TestStage4ABasicAndEdgeCases tests/test_move_nodes_fast.cpp:464 (test_move_nodes_fast+0x2b7d4)
    #4 main tests/test_move_nodes_fast.cpp:674 (test_move_nodes_fast+0x2e2c8)

SUMMARY: ThreadSanitizer: data race /home/stomo/WorkSpace/MyLeiden/Leiden.cpp:1180 in MoveNodesFastParallelStage4A(SimpleGraph const&, LeidenGraphStats const&, LeidenPartition, QualityFunction const&, unsigned long, unsigned long, LeidenOptions const*) [clone ._omp_fn.0]
==================
==================
WARNING: ThreadSanitizer: data race (pid=2)
  Read of size 8 at 0x7ffd2222e4e0 by thread T1:
    #0 std::vector<unsigned char, std::allocator<unsigned char> >::operator[](unsigned long) /usr/include/c++/11/bits/stl_vector.h:1046 (test_move_nodes_fast+0xc545)
    #1 MoveNodesFastParallelStage4A(SimpleGraph const&, LeidenGraphStats const&, LeidenPartition, QualityFunction const&, unsigned long, unsigned long, LeidenOptions const*) [clone ._omp_fn.0] /home/stomo/WorkSpace/MyLeiden/Leiden.cpp:1180 (test_move_nodes_fast+0xc545)
    #2 <null> <null> (libgomp.so.1+0x1dc0d)

  Previous write of size 8 at 0x7ffd2222e4e0 by main thread:
    #0 std::_Vector_base<int, std::allocator<int> >::_Vector_impl_data::_Vector_impl_data() /usr/include/c++/11/bits/stl_vector.h:98 (test_move_nodes_fast+0xc88e)
    #1 std::_Vector_base<int, std::allocator<int> >::_Vector_impl::_Vector_impl() /usr/include/c++/11/bits/stl_vector.h:133 (test_move_nodes_fast+0xc88e)
    #2 std::_Vector_base<int, std::allocator<int> >::_Vector_base() /usr/include/c++/11/bits/stl_vector.h:288 (test_move_nodes_fast+0xc88e)
    #3 std::vector<int, std::allocator<int> >::vector() /usr/include/c++/11/bits/stl_vector.h:487 (test_move_nodes_fast+0xc88e)
    #4 LeidenPartition::LeidenPartition() /home/stomo/WorkSpace/MyLeiden/LeidenTypes.hpp:21 (test_move_nodes_fast+0xc88e)
    #5 MoveNodesFastResult::MoveNodesFastResult() /home/stomo/WorkSpace/MyLeiden/Leiden.hpp:11 (test_move_nodes_fast+0xc88e)
    #6 MoveNodesFastParallelStage4A(SimpleGraph const&, LeidenGraphStats const&, LeidenPartition, QualityFunction const&, unsigned long, unsigned long, LeidenOptions const*) /home/stomo/WorkSpace/MyLeiden/Leiden.cpp:1138 (test_move_nodes_fast+0xc88e)
    #7 RunStage4AAndCheck tests/test_move_nodes_fast.cpp:201 (test_move_nodes_fast+0x2b4c1)
    #8 TestStage4ABasicAndEdgeCases tests/test_move_nodes_fast.cpp:474 (test_move_nodes_fast+0x2b9bb)
    #9 main tests/test_move_nodes_fast.cpp:674 (test_move_nodes_fast+0x2e2c8)

  Location is stack of main thread.

  Location is global '<null>' at 0x000000000000 ([stack]+0x00000001f4e0)

  Thread T1 (tid=4, running) created by main thread at:
    #0 pthread_create ../../../../src/libsanitizer/tsan/tsan_interceptors_posix.cpp:969 (libtsan.so.0+0x605b8)
    #1 <null> <null> (libgomp.so.1+0x1e25f)
    #2 RunStage4AAndCheck tests/test_move_nodes_fast.cpp:201 (test_move_nodes_fast+0x2b4c1)
    #3 TestStage4ABasicAndEdgeCases tests/test_move_nodes_fast.cpp:464 (test_move_nodes_fast+0x2b7d4)
    #4 main tests/test_move_nodes_fast.cpp:674 (test_move_nodes_fast+0x2e2c8)

SUMMARY: ThreadSanitizer: data race /usr/include/c++/11/bits/stl_vector.h:1046 in std::vector<unsigned char, std::allocator<unsigned char> >::operator[](unsigned long)
==================
==================
WARNING: ThreadSanitizer: data race (pid=2)
  Read of size 4 at 0x7ffd2222e640 by thread T1:
    #0 num_vertices(SimpleGraph const&) common/Types.hpp:32 (test_move_nodes_fast+0x639b)
    #1 ValidateVertex(int, SimpleGraph const&) /home/stomo/WorkSpace/MyLeiden/LeidenTypes.hpp:39 (test_move_nodes_fast+0x639b)
    #2 BuildNeighborCommunityWeights(SimpleGraph const&, LeidenPartition const&, int, NeighborCommunityScratch&) /home/stomo/WorkSpace/MyLeiden/QualityFunction.cpp:169 (test_move_nodes_fast+0x639b)
    #3 MoveNodesFastParallelStage4A(SimpleGraph const&, LeidenGraphStats const&, LeidenPartition, QualityFunction const&, unsigned long, unsigned long, LeidenOptions const*) [clone ._omp_fn.0] /home/stomo/WorkSpace/MyLeiden/Leiden.cpp:1191 (test_move_nodes_fast+0xc5d4)
    #4 <null> <null> (libgomp.so.1+0x1dc0d)

  Previous write of size 8 at 0x7ffd2222e640 by main thread:
    #0 std::_Vector_base<double, std::allocator<double> >::_Vector_impl_data::_Vector_impl_data() /usr/include/c++/11/bits/stl_vector.h:98 (test_move_nodes_fast+0xc916)
    #1 std::_Vector_base<double, std::allocator<double> >::_Vector_impl::_Vector_impl() /usr/include/c++/11/bits/stl_vector.h:133 (test_move_nodes_fast+0xc916)
    #2 std::_Vector_base<double, std::allocator<double> >::_Vector_base() /usr/include/c++/11/bits/stl_vector.h:288 (test_move_nodes_fast+0xc916)
    #3 std::vector<double, std::allocator<double> >::vector() /usr/include/c++/11/bits/stl_vector.h:487 (test_move_nodes_fast+0xc916)
    #4 LeidenPartition::LeidenPartition() /home/stomo/WorkSpace/MyLeiden/LeidenTypes.hpp:21 (test_move_nodes_fast+0xc916)
    #5 MoveNodesFastResult::MoveNodesFastResult() /home/stomo/WorkSpace/MyLeiden/Leiden.hpp:11 (test_move_nodes_fast+0xc916)
    #6 MoveNodesFastParallelStage4A(SimpleGraph const&, LeidenGraphStats const&, LeidenPartition, QualityFunction const&, unsigned long, unsigned long, LeidenOptions const*) /home/stomo/WorkSpace/MyLeiden/Leiden.cpp:1138 (test_move_nodes_fast+0xc916)
    #7 RunStage4AAndCheck tests/test_move_nodes_fast.cpp:201 (test_move_nodes_fast+0x2b4c1)
    #8 TestStage4ABasicAndEdgeCases tests/test_move_nodes_fast.cpp:482 (test_move_nodes_fast+0x2baf2)
    #9 main tests/test_move_nodes_fast.cpp:674 (test_move_nodes_fast+0x2e2c8)

  Location is stack of main thread.

  Location is global '<null>' at 0x000000000000 ([stack]+0x00000001f640)

  Thread T1 (tid=4, running) created by main thread at:
    #0 pthread_create ../../../../src/libsanitizer/tsan/tsan_interceptors_posix.cpp:969 (libtsan.so.0+0x605b8)
    #1 <null> <null> (libgomp.so.1+0x1e25f)
    #2 RunStage4AAndCheck tests/test_move_nodes_fast.cpp:201 (test_move_nodes_fast+0x2b4c1)
    #3 TestStage4ABasicAndEdgeCases tests/test_move_nodes_fast.cpp:464 (test_move_nodes_fast+0x2b7d4)
    #4 main tests/test_move_nodes_fast.cpp:674 (test_move_nodes_fast+0x2e2c8)

SUMMARY: ThreadSanitizer: data race common/Types.hpp:32 in num_vertices(SimpleGraph const&)
==================
==================
WARNING: ThreadSanitizer: data race (pid=2)
  Read of size 8 at 0x7ffd2222e648 by thread T1:
    #0 std::vector<std::vector<Edge, std::allocator<Edge> >, std::allocator<std::vector<Edge, std::allocator<Edge> > > >::operator[](unsigned long) const /usr/include/c++/11/bits/stl_vector.h:1064 (test_move_nodes_fast+0x64bc)
    #1 BuildNeighborCommunityWeights(SimpleGraph const&, LeidenPartition const&, int, NeighborCommunityScratch&) /home/stomo/WorkSpace/MyLeiden/QualityFunction.cpp:186 (test_move_nodes_fast+0x64bc)
    #2 MoveNodesFastParallelStage4A(SimpleGraph const&, LeidenGraphStats const&, LeidenPartition, QualityFunction const&, unsigned long, unsigned long, LeidenOptions const*) [clone ._omp_fn.0] /home/stomo/WorkSpace/MyLeiden/Leiden.cpp:1191 (test_move_nodes_fast+0xc5d4)
    #3 <null> <null> (libgomp.so.1+0x1dc0d)

  Previous write of size 8 at 0x7ffd2222e648 by main thread:
    #0 std::_Vector_base<double, std::allocator<double> >::_Vector_impl_data::_Vector_impl_data() /usr/include/c++/11/bits/stl_vector.h:98 (test_move_nodes_fast+0xc927)
    #1 std::_Vector_base<double, std::allocator<double> >::_Vector_impl::_Vector_impl() /usr/include/c++/11/bits/stl_vector.h:133 (test_move_nodes_fast+0xc927)
    #2 std::_Vector_base<double, std::allocator<double> >::_Vector_base() /usr/include/c++/11/bits/stl_vector.h:288 (test_move_nodes_fast+0xc927)
    #3 std::vector<double, std::allocator<double> >::vector() /usr/include/c++/11/bits/stl_vector.h:487 (test_move_nodes_fast+0xc927)
    #4 LeidenPartition::LeidenPartition() /home/stomo/WorkSpace/MyLeiden/LeidenTypes.hpp:21 (test_move_nodes_fast+0xc927)
    #5 MoveNodesFastResult::MoveNodesFastResult() /home/stomo/WorkSpace/MyLeiden/Leiden.hpp:11 (test_move_nodes_fast+0xc927)
    #6 MoveNodesFastParallelStage4A(SimpleGraph const&, LeidenGraphStats const&, LeidenPartition, QualityFunction const&, unsigned long, unsigned long, LeidenOptions const*) /home/stomo/WorkSpace/MyLeiden/Leiden.cpp:1138 (test_move_nodes_fast+0xc927)
    #7 RunStage4AAndCheck tests/test_move_nodes_fast.cpp:201 (test_move_nodes_fast+0x2b4c1)
    #8 TestStage4ABasicAndEdgeCases tests/test_move_nodes_fast.cpp:482 (test_move_nodes_fast+0x2baf2)
    #9 main tests/test_move_nodes_fast.cpp:674 (test_move_nodes_fast+0x2e2c8)

  Location is stack of main thread.

  Location is global '<null>' at 0x000000000000 ([stack]+0x00000001f648)

  Thread T1 (tid=4, running) created by main thread at:
    #0 pthread_create ../../../../src/libsanitizer/tsan/tsan_interceptors_posix.cpp:969 (libtsan.so.0+0x605b8)
    #1 <null> <null> (libgomp.so.1+0x1e25f)
    #2 RunStage4AAndCheck tests/test_move_nodes_fast.cpp:201 (test_move_nodes_fast+0x2b4c1)
    #3 TestStage4ABasicAndEdgeCases tests/test_move_nodes_fast.cpp:464 (test_move_nodes_fast+0x2b7d4)
    #4 main tests/test_move_nodes_fast.cpp:674 (test_move_nodes_fast+0x2e2c8)

SUMMARY: ThreadSanitizer: data race /usr/include/c++/11/bits/stl_vector.h:1064 in std::vector<std::vector<Edge, std::allocator<Edge> >, std::allocator<std::vector<Edge, std::allocator<Edge> > > >::operator[](unsigned long) const
==================
==================
WARNING: ThreadSanitizer: data race (pid=2)
  Read of size 8 at 0x7ffd2222e590 by thread T1:
    #0 MoveNodesFastParallelStage4A(SimpleGraph const&, LeidenGraphStats const&, LeidenPartition, QualityFunction const&, unsigned long, unsigned long, LeidenOptions const*) [clone ._omp_fn.0] /home/stomo/WorkSpace/MyLeiden/Leiden.cpp:1223 (test_move_nodes_fast+0xc1fe)
    #1 <null> <null> (libgomp.so.1+0x1dc0d)

  Previous write of size 8 at 0x7ffd2222e590 by main thread:
    #0 std::_Vector_base<double, std::allocator<double> >::_Vector_impl_data::_Vector_impl_data() /usr/include/c++/11/bits/stl_vector.h:98 (test_move_nodes_fast+0xc8d2)
    #1 std::_Vector_base<double, std::allocator<double> >::_Vector_impl::_Vector_impl() /usr/include/c++/11/bits/stl_vector.h:133 (test_move_nodes_fast+0xc8d2)
    #2 std::_Vector_base<double, std::allocator<double> >::_Vector_base() /usr/include/c++/11/bits/stl_vector.h:288 (test_move_nodes_fast+0xc8d2)
    #3 std::vector<double, std::allocator<double> >::vector() /usr/include/c++/11/bits/stl_vector.h:487 (test_move_nodes_fast+0xc8d2)
    #4 LeidenPartition::LeidenPartition() /home/stomo/WorkSpace/MyLeiden/LeidenTypes.hpp:21 (test_move_nodes_fast+0xc8d2)
    #5 MoveNodesFastResult::MoveNodesFastResult() /home/stomo/WorkSpace/MyLeiden/Leiden.hpp:11 (test_move_nodes_fast+0xc8d2)
    #6 MoveNodesFastParallelStage4A(SimpleGraph const&, LeidenGraphStats const&, LeidenPartition, QualityFunction const&, unsigned long, unsigned long, LeidenOptions const*) /home/stomo/WorkSpace/MyLeiden/Leiden.cpp:1138 (test_move_nodes_fast+0xc8d2)
    #7 RunStage4AAndCheck tests/test_move_nodes_fast.cpp:201 (test_move_nodes_fast+0x2b4c1)
    #8 TestStage4ABasicAndEdgeCases tests/test_move_nodes_fast.cpp:481 (test_move_nodes_fast+0x2ba8e)
    #9 main tests/test_move_nodes_fast.cpp:674 (test_move_nodes_fast+0x2e2c8)

  Location is stack of main thread.

  Location is global '<null>' at 0x000000000000 ([stack]+0x00000001f590)

  Thread T1 (tid=4, running) created by main thread at:
    #0 pthread_create ../../../../src/libsanitizer/tsan/tsan_interceptors_posix.cpp:969 (libtsan.so.0+0x605b8)
    #1 <null> <null> (libgomp.so.1+0x1e25f)
    #2 RunStage4AAndCheck tests/test_move_nodes_fast.cpp:201 (test_move_nodes_fast+0x2b4c1)
    #3 TestStage4ABasicAndEdgeCases tests/test_move_nodes_fast.cpp:464 (test_move_nodes_fast+0x2b7d4)
    #4 main tests/test_move_nodes_fast.cpp:674 (test_move_nodes_fast+0x2e2c8)

SUMMARY: ThreadSanitizer: data race /home/stomo/WorkSpace/MyLeiden/Leiden.cpp:1223 in MoveNodesFastParallelStage4A(SimpleGraph const&, LeidenGraphStats const&, LeidenPartition, QualityFunction const&, unsigned long, unsigned long, LeidenOptions const*) [clone ._omp_fn.0]
==================
==================
WARNING: ThreadSanitizer: data race (pid=2)
  Read of size 8 at 0x7ffd2222e630 by thread T1:
    #0 MoveNodesFastParallelStage4A(SimpleGraph const&, LeidenGraphStats const&, LeidenPartition, QualityFunction const&, unsigned long, unsigned long, LeidenOptions const*) [clone ._omp_fn.0] /home/stomo/WorkSpace/MyLeiden/Leiden.cpp:1223 (test_move_nodes_fast+0xc20a)
    #1 <null> <null> (libgomp.so.1+0x1dc0d)

  Previous write of size 8 at 0x7ffd2222e630 by main thread:
    #0 std::_Vector_base<double, std::allocator<double> >::_Vector_impl_data::_Vector_impl_data() /usr/include/c++/11/bits/stl_vector.h:98 (test_move_nodes_fast+0xc8f4)
    #1 std::_Vector_base<double, std::allocator<double> >::_Vector_impl::_Vector_impl() /usr/include/c++/11/bits/stl_vector.h:133 (test_move_nodes_fast+0xc8f4)
    #2 std::_Vector_base<double, std::allocator<double> >::_Vector_base() /usr/include/c++/11/bits/stl_vector.h:288 (test_move_nodes_fast+0xc8f4)
    #3 std::vector<double, std::allocator<double> >::vector() /usr/include/c++/11/bits/stl_vector.h:487 (test_move_nodes_fast+0xc8f4)
    #4 LeidenPartition::LeidenPartition() /home/stomo/WorkSpace/MyLeiden/LeidenTypes.hpp:21 (test_move_nodes_fast+0xc8f4)
    #5 MoveNodesFastResult::MoveNodesFastResult() /home/stomo/WorkSpace/MyLeiden/Leiden.hpp:11 (test_move_nodes_fast+0xc8f4)
    #6 MoveNodesFastParallelStage4A(SimpleGraph const&, LeidenGraphStats const&, LeidenPartition, QualityFunction const&, unsigned long, unsigned long, LeidenOptions const*) /home/stomo/WorkSpace/MyLeiden/Leiden.cpp:1138 (test_move_nodes_fast+0xc8f4)
    #7 RunStage4AAndCheck tests/test_move_nodes_fast.cpp:201 (test_move_nodes_fast+0x2b4c1)
    #8 TestStage4ABasicAndEdgeCases tests/test_move_nodes_fast.cpp:482 (test_move_nodes_fast+0x2baf2)
    #9 main tests/test_move_nodes_fast.cpp:674 (test_move_nodes_fast+0x2e2c8)

  Location is stack of main thread.

  Location is global '<null>' at 0x000000000000 ([stack]+0x00000001f630)

  Thread T1 (tid=4, running) created by main thread at:
    #0 pthread_create ../../../../src/libsanitizer/tsan/tsan_interceptors_posix.cpp:969 (libtsan.so.0+0x605b8)
    #1 <null> <null> (libgomp.so.1+0x1e25f)
    #2 RunStage4AAndCheck tests/test_move_nodes_fast.cpp:201 (test_move_nodes_fast+0x2b4c1)
    #3 TestStage4ABasicAndEdgeCases tests/test_move_nodes_fast.cpp:464 (test_move_nodes_fast+0x2b7d4)
    #4 main tests/test_move_nodes_fast.cpp:674 (test_move_nodes_fast+0x2e2c8)

SUMMARY: ThreadSanitizer: data race /home/stomo/WorkSpace/MyLeiden/Leiden.cpp:1223 in MoveNodesFastParallelStage4A(SimpleGraph const&, LeidenGraphStats const&, LeidenPartition, QualityFunction const&, unsigned long, unsigned long, LeidenOptions const*) [clone ._omp_fn.0]
==================
==================
WARNING: ThreadSanitizer: data race (pid=2)
  Read of size 8 at 0x7ffd2222e588 by thread T1:
    #0 MoveNodesFastParallelStage4A(SimpleGraph const&, LeidenGraphStats const&, LeidenPartition, QualityFunction const&, unsigned long, unsigned long, LeidenOptions const*) [clone ._omp_fn.0] /home/stomo/WorkSpace/MyLeiden/Leiden.cpp:1223 (test_move_nodes_fast+0xc251)
    #1 <null> <null> (libgomp.so.1+0x1dc0d)

  Previous write of size 8 at 0x7ffd2222e588 by main thread:
    #0 std::_Vector_base<double, std::allocator<double> >::_Vector_impl_data::_Vector_impl_data() /usr/include/c++/11/bits/stl_vector.h:98 (test_move_nodes_fast+0xc8c1)
    #1 std::_Vector_base<double, std::allocator<double> >::_Vector_impl::_Vector_impl() /usr/include/c++/11/bits/stl_vector.h:133 (test_move_nodes_fast+0xc8c1)
    #2 std::_Vector_base<double, std::allocator<double> >::_Vector_base() /usr/include/c++/11/bits/stl_vector.h:288 (test_move_nodes_fast+0xc8c1)
    #3 std::vector<double, std::allocator<double> >::vector() /usr/include/c++/11/bits/stl_vector.h:487 (test_move_nodes_fast+0xc8c1)
    #4 LeidenPartition::LeidenPartition() /home/stomo/WorkSpace/MyLeiden/LeidenTypes.hpp:21 (test_move_nodes_fast+0xc8c1)
    #5 MoveNodesFastResult::MoveNodesFastResult() /home/stomo/WorkSpace/MyLeiden/Leiden.hpp:11 (test_move_nodes_fast+0xc8c1)
    #6 MoveNodesFastParallelStage4A(SimpleGraph const&, LeidenGraphStats const&, LeidenPartition, QualityFunction const&, unsigned long, unsigned long, LeidenOptions const*) /home/stomo/WorkSpace/MyLeiden/Leiden.cpp:1138 (test_move_nodes_fast+0xc8c1)
    #7 RunStage4AAndCheck tests/test_move_nodes_fast.cpp:201 (test_move_nodes_fast+0x2b4c1)
    #8 TestStage4ABasicAndEdgeCases tests/test_move_nodes_fast.cpp:481 (test_move_nodes_fast+0x2ba8e)
    #9 main tests/test_move_nodes_fast.cpp:674 (test_move_nodes_fast+0x2e2c8)

  Location is stack of main thread.

  Location is global '<null>' at 0x000000000000 ([stack]+0x00000001f588)

  Thread T1 (tid=4, running) created by main thread at:
    #0 pthread_create ../../../../src/libsanitizer/tsan/tsan_interceptors_posix.cpp:969 (libtsan.so.0+0x605b8)
    #1 <null> <null> (libgomp.so.1+0x1e25f)
    #2 RunStage4AAndCheck tests/test_move_nodes_fast.cpp:201 (test_move_nodes_fast+0x2b4c1)
    #3 TestStage4ABasicAndEdgeCases tests/test_move_nodes_fast.cpp:464 (test_move_nodes_fast+0x2b7d4)
    #4 main tests/test_move_nodes_fast.cpp:674 (test_move_nodes_fast+0x2e2c8)

SUMMARY: ThreadSanitizer: data race /home/stomo/WorkSpace/MyLeiden/Leiden.cpp:1223 in MoveNodesFastParallelStage4A(SimpleGraph const&, LeidenGraphStats const&, LeidenPartition, QualityFunction const&, unsigned long, unsigned long, LeidenOptions const*) [clone ._omp_fn.0]
==================
==================
WARNING: ThreadSanitizer: data race (pid=2)
  Read of size 8 at 0x7ffd2222e668 by thread T1:
    #0 std::vector<double, std::allocator<double> >::size() const /usr/include/c++/11/bits/stl_vector.h:919 (test_move_nodes_fast+0x452d)
    #1 ValidateStatsPartitionVertex /home/stomo/WorkSpace/MyLeiden/QualityFunction.cpp:53 (test_move_nodes_fast+0x452d)
    #2 CPMQualityFunction::deltaMoveFromWeights(LeidenGraphStats const&, LeidenPartition const&, int, int, double, double) const /home/stomo/WorkSpace/MyLeiden/QualityFunction.cpp:585 (test_move_nodes_fast+0x480f)
    #3 MoveNodesFastParallelStage4A(SimpleGraph const&, LeidenGraphStats const&, LeidenPartition, QualityFunction const&, unsigned long, unsigned long, LeidenOptions const*) [clone ._omp_fn.0] /home/stomo/WorkSpace/MyLeiden/Leiden.cpp:1223 (test_move_nodes_fast+0xc287)
    #4 <null> <null> (libgomp.so.1+0x1dc0d)

  Previous write of size 8 at 0x7ffd2222e668 by main thread:
    #0 std::_Vector_base<double, std::allocator<double> >::_Vector_impl_data::_Vector_impl_data() /usr/include/c++/11/bits/stl_vector.h:98 (test_move_nodes_fast+0x67f3)
    #1 std::_Vector_base<double, std::allocator<double> >::_Vector_impl::_Vector_impl() /usr/include/c++/11/bits/stl_vector.h:133 (test_move_nodes_fast+0x67f3)
    #2 std::_Vector_base<double, std::allocator<double> >::_Vector_base() /usr/include/c++/11/bits/stl_vector.h:288 (test_move_nodes_fast+0x67f3)
    #3 std::vector<double, std::allocator<double> >::vector() /usr/include/c++/11/bits/stl_vector.h:487 (test_move_nodes_fast+0x67f3)
    #4 LeidenGraphStats::LeidenGraphStats() /home/stomo/WorkSpace/MyLeiden/LeidenTypes.hpp:15 (test_move_nodes_fast+0x67f3)
    #5 BuildLeidenGraphStats(SimpleGraph const&, std::vector<double, std::allocator<double> > const&) /home/stomo/WorkSpace/MyLeiden/QualityFunction.cpp:233 (test_move_nodes_fast+0x67f3)
    #6 BuildLeidenGraphStats(SimpleGraph const&) /home/stomo/WorkSpace/MyLeiden/QualityFunction.cpp:222 (test_move_nodes_fast+0x6bd4)
    #7 TestStage4AEmptyCommunityCollision tests/test_move_nodes_fast.cpp:502 (test_move_nodes_fast+0x2de08)
    #8 main tests/test_move_nodes_fast.cpp:675 (test_move_nodes_fast+0x2e2cd)

  Location is stack of main thread.

  Location is global '<null>' at 0x000000000000 ([stack]+0x00000001f668)

  Thread T1 (tid=4, running) created by main thread at:
    #0 pthread_create ../../../../src/libsanitizer/tsan/tsan_interceptors_posix.cpp:969 (libtsan.so.0+0x605b8)
    #1 <null> <null> (libgomp.so.1+0x1e25f)
    #2 RunStage4AAndCheck tests/test_move_nodes_fast.cpp:201 (test_move_nodes_fast+0x2b4c1)
    #3 TestStage4ABasicAndEdgeCases tests/test_move_nodes_fast.cpp:464 (test_move_nodes_fast+0x2b7d4)
    #4 main tests/test_move_nodes_fast.cpp:674 (test_move_nodes_fast+0x2e2c8)

SUMMARY: ThreadSanitizer: data race /usr/include/c++/11/bits/stl_vector.h:919 in std::vector<double, std::allocator<double> >::size() const
==================
==================
WARNING: ThreadSanitizer: data race (pid=2)
  Read of size 8 at 0x7ffd2222e660 by thread T1:
    #0 std::vector<double, std::allocator<double> >::size() const /usr/include/c++/11/bits/stl_vector.h:919 (test_move_nodes_fast+0x4539)
    #1 ValidateStatsPartitionVertex /home/stomo/WorkSpace/MyLeiden/QualityFunction.cpp:53 (test_move_nodes_fast+0x4539)
    #2 CPMQualityFunction::deltaMoveFromWeights(LeidenGraphStats const&, LeidenPartition const&, int, int, double, double) const /home/stomo/WorkSpace/MyLeiden/QualityFunction.cpp:585 (test_move_nodes_fast+0x480f)
    #3 MoveNodesFastParallelStage4A(SimpleGraph const&, LeidenGraphStats const&, LeidenPartition, QualityFunction const&, unsigned long, unsigned long, LeidenOptions const*) [clone ._omp_fn.0] /home/stomo/WorkSpace/MyLeiden/Leiden.cpp:1223 (test_move_nodes_fast+0xc287)
    #4 <null> <null> (libgomp.so.1+0x1dc0d)

  Previous write of size 8 at 0x7ffd2222e660 by main thread:
    #0 std::_Vector_base<unsigned char, std::allocator<unsigned char> >::_Vector_impl_data::_Vector_impl_data() /usr/include/c++/11/bits/stl_vector.h:98 (test_move_nodes_fast+0xc95a)
    #1 std::_Vector_base<unsigned char, std::allocator<unsigned char> >::_Vector_impl::_Vector_impl() /usr/include/c++/11/bits/stl_vector.h:133 (test_move_nodes_fast+0xc95a)
    #2 std::_Vector_base<unsigned char, std::allocator<unsigned char> >::_Vector_base() /usr/include/c++/11/bits/stl_vector.h:288 (test_move_nodes_fast+0xc95a)
    #3 std::vector<unsigned char, std::allocator<unsigned char> >::vector() /usr/include/c++/11/bits/stl_vector.h:487 (test_move_nodes_fast+0xc95a)
    #4 LeidenPartition::LeidenPartition() /home/stomo/WorkSpace/MyLeiden/LeidenTypes.hpp:21 (test_move_nodes_fast+0xc95a)
    #5 MoveNodesFastResult::MoveNodesFastResult() /home/stomo/WorkSpace/MyLeiden/Leiden.hpp:11 (test_move_nodes_fast+0xc95a)
    #6 MoveNodesFastParallelStage4A(SimpleGraph const&, LeidenGraphStats const&, LeidenPartition, QualityFunction const&, unsigned long, unsigned long, LeidenOptions const*) /home/stomo/WorkSpace/MyLeiden/Leiden.cpp:1138 (test_move_nodes_fast+0xc95a)
    #7 RunStage4AAndCheck tests/test_move_nodes_fast.cpp:201 (test_move_nodes_fast+0x2b4c1)
    #8 TestStage4ABasicAndEdgeCases tests/test_move_nodes_fast.cpp:482 (test_move_nodes_fast+0x2baf2)
    #9 main tests/test_move_nodes_fast.cpp:674 (test_move_nodes_fast+0x2e2c8)

  Location is stack of main thread.

  Location is global '<null>' at 0x000000000000 ([stack]+0x00000001f660)

  Thread T1 (tid=4, running) created by main thread at:
    #0 pthread_create ../../../../src/libsanitizer/tsan/tsan_interceptors_posix.cpp:969 (libtsan.so.0+0x605b8)
    #1 <null> <null> (libgomp.so.1+0x1e25f)
    #2 RunStage4AAndCheck tests/test_move_nodes_fast.cpp:201 (test_move_nodes_fast+0x2b4c1)
    #3 TestStage4ABasicAndEdgeCases tests/test_move_nodes_fast.cpp:464 (test_move_nodes_fast+0x2b7d4)
    #4 main tests/test_move_nodes_fast.cpp:674 (test_move_nodes_fast+0x2e2c8)

SUMMARY: ThreadSanitizer: data race /usr/include/c++/11/bits/stl_vector.h:919 in std::vector<double, std::allocator<double> >::size() const
==================
==================
WARNING: ThreadSanitizer: data race (pid=2)
  Read of size 8 at 0x7ffd2222e678 by thread T1:
    #0 std::vector<double, std::allocator<double> >::size() const /usr/include/c++/11/bits/stl_vector.h:919 (test_move_nodes_fast+0x4563)
    #1 ValidateStatsPartitionVertex /home/stomo/WorkSpace/MyLeiden/QualityFunction.cpp:54 (test_move_nodes_fast+0x4563)
    #2 CPMQualityFunction::deltaMoveFromWeights(LeidenGraphStats const&, LeidenPartition const&, int, int, double, double) const /home/stomo/WorkSpace/MyLeiden/QualityFunction.cpp:585 (test_move_nodes_fast+0x480f)
    #3 MoveNodesFastParallelStage4A(SimpleGraph const&, LeidenGraphStats const&, LeidenPartition, QualityFunction const&, unsigned long, unsigned long, LeidenOptions const*) [clone ._omp_fn.0] /home/stomo/WorkSpace/MyLeiden/Leiden.cpp:1223 (test_move_nodes_fast+0xc287)
    #4 <null> <null> (libgomp.so.1+0x1dc0d)

  Previous write of size 8 at 0x7ffd2222e678 by main thread:
    #0 MoveNodesFastResult::MoveNodesFastResult() /home/stomo/WorkSpace/MyLeiden/Leiden.hpp:11 (test_move_nodes_fast+0xc9aa)
    #1 MoveNodesFastParallelStage4A(SimpleGraph const&, LeidenGraphStats const&, LeidenPartition, QualityFunction const&, unsigned long, unsigned long, LeidenOptions const*) /home/stomo/WorkSpace/MyLeiden/Leiden.cpp:1138 (test_move_nodes_fast+0xc9aa)
    #2 RunStage4AAndCheck tests/test_move_nodes_fast.cpp:201 (test_move_nodes_fast+0x2b4c1)
    #3 TestStage4ABasicAndEdgeCases tests/test_move_nodes_fast.cpp:482 (test_move_nodes_fast+0x2baf2)
    #4 main tests/test_move_nodes_fast.cpp:674 (test_move_nodes_fast+0x2e2c8)

  Location is stack of main thread.

  Location is global '<null>' at 0x000000000000 ([stack]+0x00000001f678)

  Thread T1 (tid=4, running) created by main thread at:
    #0 pthread_create ../../../../src/libsanitizer/tsan/tsan_interceptors_posix.cpp:969 (libtsan.so.0+0x605b8)
    #1 <null> <null> (libgomp.so.1+0x1e25f)
    #2 RunStage4AAndCheck tests/test_move_nodes_fast.cpp:201 (test_move_nodes_fast+0x2b4c1)
    #3 TestStage4ABasicAndEdgeCases tests/test_move_nodes_fast.cpp:464 (test_move_nodes_fast+0x2b7d4)
    #4 main tests/test_move_nodes_fast.cpp:674 (test_move_nodes_fast+0x2e2c8)

SUMMARY: ThreadSanitizer: data race /usr/include/c++/11/bits/stl_vector.h:919 in std::vector<double, std::allocator<double> >::size() const
==================
==================
WARNING: ThreadSanitizer: data race (pid=2)
  Read of size 8 at 0x7ffd2222e638 by thread T1:
    #0 CPMQualityFunction::deltaMoveFromWeights(LeidenGraphStats const&, LeidenPartition const&, int, int, double, double) const /home/stomo/WorkSpace/MyLeiden/QualityFunction.cpp:603 (test_move_nodes_fast+0x48d2)
    #1 MoveNodesFastParallelStage4A(SimpleGraph const&, LeidenGraphStats const&, LeidenPartition, QualityFunction const&, unsigned long, unsigned long, LeidenOptions const*) [clone ._omp_fn.0] /home/stomo/WorkSpace/MyLeiden/Leiden.cpp:1223 (test_move_nodes_fast+0xc287)
    #2 <null> <null> (libgomp.so.1+0x1dc0d)

  Previous write of size 8 at 0x7ffd2222e638 by main thread:
    #0 std::_Vector_base<double, std::allocator<double> >::_Vector_impl_data::_Vector_impl_data() /usr/include/c++/11/bits/stl_vector.h:98 (test_move_nodes_fast+0xc905)
    #1 std::_Vector_base<double, std::allocator<double> >::_Vector_impl::_Vector_impl() /usr/include/c++/11/bits/stl_vector.h:133 (test_move_nodes_fast+0xc905)
    #2 std::_Vector_base<double, std::allocator<double> >::_Vector_base() /usr/include/c++/11/bits/stl_vector.h:288 (test_move_nodes_fast+0xc905)
    #3 std::vector<double, std::allocator<double> >::vector() /usr/include/c++/11/bits/stl_vector.h:487 (test_move_nodes_fast+0xc905)
    #4 LeidenPartition::LeidenPartition() /home/stomo/WorkSpace/MyLeiden/LeidenTypes.hpp:21 (test_move_nodes_fast+0xc905)
    #5 MoveNodesFastResult::MoveNodesFastResult() /home/stomo/WorkSpace/MyLeiden/Leiden.hpp:11 (test_move_nodes_fast+0xc905)
    #6 MoveNodesFastParallelStage4A(SimpleGraph const&, LeidenGraphStats const&, LeidenPartition, QualityFunction const&, unsigned long, unsigned long, LeidenOptions const*) /home/stomo/WorkSpace/MyLeiden/Leiden.cpp:1138 (test_move_nodes_fast+0xc905)
    #7 RunStage4AAndCheck tests/test_move_nodes_fast.cpp:201 (test_move_nodes_fast+0x2b4c1)
    #8 TestStage4ABasicAndEdgeCases tests/test_move_nodes_fast.cpp:482 (test_move_nodes_fast+0x2baf2)
    #9 main tests/test_move_nodes_fast.cpp:674 (test_move_nodes_fast+0x2e2c8)

  Location is stack of main thread.

  Location is global '<null>' at 0x000000000000 ([stack]+0x00000001f638)

  Thread T1 (tid=4, running) created by main thread at:
    #0 pthread_create ../../../../src/libsanitizer/tsan/tsan_interceptors_posix.cpp:969 (libtsan.so.0+0x605b8)
    #1 <null> <null> (libgomp.so.1+0x1e25f)
    #2 RunStage4AAndCheck tests/test_move_nodes_fast.cpp:201 (test_move_nodes_fast+0x2b4c1)
    #3 TestStage4ABasicAndEdgeCases tests/test_move_nodes_fast.cpp:464 (test_move_nodes_fast+0x2b7d4)
    #4 main tests/test_move_nodes_fast.cpp:674 (test_move_nodes_fast+0x2e2c8)

SUMMARY: ThreadSanitizer: data race /home/stomo/WorkSpace/MyLeiden/QualityFunction.cpp:603 in CPMQualityFunction::deltaMoveFromWeights(LeidenGraphStats const&, LeidenPartition const&, int, int, double, double) const
==================
==================
WARNING: ThreadSanitizer: data race (pid=2)
  Read of size 8 at 0x7ffd2222e5a8 by thread T1:
    #0 MoveNodesFastParallelStage4A(SimpleGraph const&, LeidenGraphStats const&, LeidenPartition, QualityFunction const&, unsigned long, unsigned long, LeidenOptions const*) [clone ._omp_fn.0] /home/stomo/WorkSpace/MyLeiden/Leiden.cpp:1245 (test_move_nodes_fast+0xc460)
    #1 <null> <null> (libgomp.so.1+0x1dc0d)

  Previous write of size 8 at 0x7ffd2222e5a8 by main thread:
    #0 std::_Vector_base<double, std::allocator<double> >::_Vector_impl_data::_Vector_impl_data() /usr/include/c++/11/bits/stl_vector.h:98 (test_move_nodes_fast+0xc905)
    #1 std::_Vector_base<double, std::allocator<double> >::_Vector_impl::_Vector_impl() /usr/include/c++/11/bits/stl_vector.h:133 (test_move_nodes_fast+0xc905)
    #2 std::_Vector_base<double, std::allocator<double> >::_Vector_base() /usr/include/c++/11/bits/stl_vector.h:288 (test_move_nodes_fast+0xc905)
    #3 std::vector<double, std::allocator<double> >::vector() /usr/include/c++/11/bits/stl_vector.h:487 (test_move_nodes_fast+0xc905)
    #4 LeidenPartition::LeidenPartition() /home/stomo/WorkSpace/MyLeiden/LeidenTypes.hpp:21 (test_move_nodes_fast+0xc905)
    #5 MoveNodesFastResult::MoveNodesFastResult() /home/stomo/WorkSpace/MyLeiden/Leiden.hpp:11 (test_move_nodes_fast+0xc905)
    #6 MoveNodesFastParallelStage4A(SimpleGraph const&, LeidenGraphStats const&, LeidenPartition, QualityFunction const&, unsigned long, unsigned long, LeidenOptions const*) /home/stomo/WorkSpace/MyLeiden/Leiden.cpp:1138 (test_move_nodes_fast+0xc905)
    #7 RunStage4AAndCheck tests/test_move_nodes_fast.cpp:201 (test_move_nodes_fast+0x2b4c1)
    #8 TestStage4ABasicAndEdgeCases tests/test_move_nodes_fast.cpp:481 (test_move_nodes_fast+0x2ba8e)
    #9 main tests/test_move_nodes_fast.cpp:674 (test_move_nodes_fast+0x2e2c8)

  Location is stack of main thread.

  Location is global '<null>' at 0x000000000000 ([stack]+0x00000001f5a8)

  Thread T1 (tid=4, running) created by main thread at:
    #0 pthread_create ../../../../src/libsanitizer/tsan/tsan_interceptors_posix.cpp:969 (libtsan.so.0+0x605b8)
    #1 <null> <null> (libgomp.so.1+0x1e25f)
    #2 RunStage4AAndCheck tests/test_move_nodes_fast.cpp:201 (test_move_nodes_fast+0x2b4c1)
    #3 TestStage4ABasicAndEdgeCases tests/test_move_nodes_fast.cpp:464 (test_move_nodes_fast+0x2b7d4)
    #4 main tests/test_move_nodes_fast.cpp:674 (test_move_nodes_fast+0x2e2c8)

SUMMARY: ThreadSanitizer: data race /home/stomo/WorkSpace/MyLeiden/Leiden.cpp:1245 in MoveNodesFastParallelStage4A(SimpleGraph const&, LeidenGraphStats const&, LeidenPartition, QualityFunction const&, unsigned long, unsigned long, LeidenOptions const*) [clone ._omp_fn.0]
==================
==================
WARNING: ThreadSanitizer: data race (pid=2)
  Read of size 8 at 0x7ffd2222e5c8 by thread T1:
    #0 MoveNodesFastParallelStage4A(SimpleGraph const&, LeidenGraphStats const&, LeidenPartition, QualityFunction const&, unsigned long, unsigned long, LeidenOptions const*) [clone ._omp_fn.0] /home/stomo/WorkSpace/MyLeiden/Leiden.cpp:1169 (test_move_nodes_fast+0xc734)
    #1 <null> <null> (libgomp.so.1+0x1dc0d)

  Previous write of size 8 at 0x7ffd2222e5c8 by main thread:
    #0 std::_Vector_base<unsigned char, std::allocator<unsigned char> >::_Vector_impl_data::_Vector_impl_data() /usr/include/c++/11/bits/stl_vector.h:98 (test_move_nodes_fast+0xc949)
    #1 std::_Vector_base<unsigned char, std::allocator<unsigned char> >::_Vector_impl::_Vector_impl() /usr/include/c++/11/bits/stl_vector.h:133 (test_move_nodes_fast+0xc949)
    #2 std::_Vector_base<unsigned char, std::allocator<unsigned char> >::_Vector_base() /usr/include/c++/11/bits/stl_vector.h:288 (test_move_nodes_fast+0xc949)
    #3 std::vector<unsigned char, std::allocator<unsigned char> >::vector() /usr/include/c++/11/bits/stl_vector.h:487 (test_move_nodes_fast+0xc949)
    #4 LeidenPartition::LeidenPartition() /home/stomo/WorkSpace/MyLeiden/LeidenTypes.hpp:21 (test_move_nodes_fast+0xc949)
    #5 MoveNodesFastResult::MoveNodesFastResult() /home/stomo/WorkSpace/MyLeiden/Leiden.hpp:11 (test_move_nodes_fast+0xc949)
    #6 MoveNodesFastParallelStage4A(SimpleGraph const&, LeidenGraphStats const&, LeidenPartition, QualityFunction const&, unsigned long, unsigned long, LeidenOptions const*) /home/stomo/WorkSpace/MyLeiden/Leiden.cpp:1138 (test_move_nodes_fast+0xc949)
    #7 RunStage4AAndCheck tests/test_move_nodes_fast.cpp:201 (test_move_nodes_fast+0x2b4c1)
    #8 TestStage4ABasicAndEdgeCases tests/test_move_nodes_fast.cpp:481 (test_move_nodes_fast+0x2ba8e)
    #9 main tests/test_move_nodes_fast.cpp:674 (test_move_nodes_fast+0x2e2c8)

  Location is stack of main thread.

  Location is global '<null>' at 0x000000000000 ([stack]+0x00000001f5c8)

  Thread T1 (tid=4, running) created by main thread at:
    #0 pthread_create ../../../../src/libsanitizer/tsan/tsan_interceptors_posix.cpp:969 (libtsan.so.0+0x605b8)
    #1 <null> <null> (libgomp.so.1+0x1e25f)
    #2 RunStage4AAndCheck tests/test_move_nodes_fast.cpp:201 (test_move_nodes_fast+0x2b4c1)
    #3 TestStage4ABasicAndEdgeCases tests/test_move_nodes_fast.cpp:464 (test_move_nodes_fast+0x2b7d4)
    #4 main tests/test_move_nodes_fast.cpp:674 (test_move_nodes_fast+0x2e2c8)

SUMMARY: ThreadSanitizer: data race /home/stomo/WorkSpace/MyLeiden/Leiden.cpp:1169 in MoveNodesFastParallelStage4A(SimpleGraph const&, LeidenGraphStats const&, LeidenPartition, QualityFunction const&, unsigned long, unsigned long, LeidenOptions const*) [clone ._omp_fn.0]
==================
==================
WARNING: ThreadSanitizer: data race (pid=2)
  Read of size 8 at 0x7ffd2222e5c0 by thread T1:
    #0 MoveNodesFastParallelStage4A(SimpleGraph const&, LeidenGraphStats const&, LeidenPartition, QualityFunction const&, unsigned long, unsigned long, LeidenOptions const*) [clone ._omp_fn.0] /home/stomo/WorkSpace/MyLeiden/Leiden.cpp:1169 (test_move_nodes_fast+0xc75f)
    #1 <null> <null> (libgomp.so.1+0x1dc0d)

  Previous write of size 8 at 0x7ffd2222e5c0 by main thread:
    #0 std::_Vector_base<unsigned char, std::allocator<unsigned char> >::_Vector_impl_data::_Vector_impl_data() /usr/include/c++/11/bits/stl_vector.h:98 (test_move_nodes_fast+0xc938)
    #1 std::_Vector_base<unsigned char, std::allocator<unsigned char> >::_Vector_impl::_Vector_impl() /usr/include/c++/11/bits/stl_vector.h:133 (test_move_nodes_fast+0xc938)
    #2 std::_Vector_base<unsigned char, std::allocator<unsigned char> >::_Vector_base() /usr/include/c++/11/bits/stl_vector.h:288 (test_move_nodes_fast+0xc938)
    #3 std::vector<unsigned char, std::allocator<unsigned char> >::vector() /usr/include/c++/11/bits/stl_vector.h:487 (test_move_nodes_fast+0xc938)
    #4 LeidenPartition::LeidenPartition() /home/stomo/WorkSpace/MyLeiden/LeidenTypes.hpp:21 (test_move_nodes_fast+0xc938)
    #5 MoveNodesFastResult::MoveNodesFastResult() /home/stomo/WorkSpace/MyLeiden/Leiden.hpp:11 (test_move_nodes_fast+0xc938)
    #6 MoveNodesFastParallelStage4A(SimpleGraph const&, LeidenGraphStats const&, LeidenPartition, QualityFunction const&, unsigned long, unsigned long, LeidenOptions const*) /home/stomo/WorkSpace/MyLeiden/Leiden.cpp:1138 (test_move_nodes_fast+0xc938)
    #7 RunStage4AAndCheck tests/test_move_nodes_fast.cpp:201 (test_move_nodes_fast+0x2b4c1)
    #8 TestStage4ABasicAndEdgeCases tests/test_move_nodes_fast.cpp:481 (test_move_nodes_fast+0x2ba8e)
    #9 main tests/test_move_nodes_fast.cpp:674 (test_move_nodes_fast+0x2e2c8)

  Location is stack of main thread.

  Location is global '<null>' at 0x000000000000 ([stack]+0x00000001f5c0)

  Thread T1 (tid=4, running) created by main thread at:
    #0 pthread_create ../../../../src/libsanitizer/tsan/tsan_interceptors_posix.cpp:969 (libtsan.so.0+0x605b8)
    #1 <null> <null> (libgomp.so.1+0x1e25f)
    #2 RunStage4AAndCheck tests/test_move_nodes_fast.cpp:201 (test_move_nodes_fast+0x2b4c1)
    #3 TestStage4ABasicAndEdgeCases tests/test_move_nodes_fast.cpp:464 (test_move_nodes_fast+0x2b7d4)
    #4 main tests/test_move_nodes_fast.cpp:674 (test_move_nodes_fast+0x2e2c8)

SUMMARY: ThreadSanitizer: data race /home/stomo/WorkSpace/MyLeiden/Leiden.cpp:1169 in MoveNodesFastParallelStage4A(SimpleGraph const&, LeidenGraphStats const&, LeidenPartition, QualityFunction const&, unsigned long, unsigned long, LeidenOptions const*) [clone ._omp_fn.0]
==================
==================
WARNING: ThreadSanitizer: data race (pid=2)
  Read of size 8 at 0x7ffd2222e5b8 by thread T1:
    #0 MoveNodesFastParallelStage4A(SimpleGraph const&, LeidenGraphStats const&, LeidenPartition, QualityFunction const&, unsigned long, unsigned long, LeidenOptions const*) [clone ._omp_fn.0] /home/stomo/WorkSpace/MyLeiden/Leiden.cpp:1169 (test_move_nodes_fast+0xc78a)
    #1 <null> <null> (libgomp.so.1+0x1dc0d)

  Previous write of size 8 at 0x7ffd2222e5b8 by main thread:
    #0 std::_Vector_base<double, std::allocator<double> >::_Vector_impl_data::_Vector_impl_data() /usr/include/c++/11/bits/stl_vector.h:98 (test_move_nodes_fast+0xc927)
    #1 std::_Vector_base<double, std::allocator<double> >::_Vector_impl::_Vector_impl() /usr/include/c++/11/bits/stl_vector.h:133 (test_move_nodes_fast+0xc927)
    #2 std::_Vector_base<double, std::allocator<double> >::_Vector_base() /usr/include/c++/11/bits/stl_vector.h:288 (test_move_nodes_fast+0xc927)
    #3 std::vector<double, std::allocator<double> >::vector() /usr/include/c++/11/bits/stl_vector.h:487 (test_move_nodes_fast+0xc927)
    #4 LeidenPartition::LeidenPartition() /home/stomo/WorkSpace/MyLeiden/LeidenTypes.hpp:21 (test_move_nodes_fast+0xc927)
    #5 MoveNodesFastResult::MoveNodesFastResult() /home/stomo/WorkSpace/MyLeiden/Leiden.hpp:11 (test_move_nodes_fast+0xc927)
    #6 MoveNodesFastParallelStage4A(SimpleGraph const&, LeidenGraphStats const&, LeidenPartition, QualityFunction const&, unsigned long, unsigned long, LeidenOptions const*) /home/stomo/WorkSpace/MyLeiden/Leiden.cpp:1138 (test_move_nodes_fast+0xc927)
    #7 RunStage4AAndCheck tests/test_move_nodes_fast.cpp:201 (test_move_nodes_fast+0x2b4c1)
    #8 TestStage4ABasicAndEdgeCases tests/test_move_nodes_fast.cpp:481 (test_move_nodes_fast+0x2ba8e)
    #9 main tests/test_move_nodes_fast.cpp:674 (test_move_nodes_fast+0x2e2c8)

  Location is stack of main thread.

  Location is global '<null>' at 0x000000000000 ([stack]+0x00000001f5b8)

  Thread T1 (tid=4, running) created by main thread at:
    #0 pthread_create ../../../../src/libsanitizer/tsan/tsan_interceptors_posix.cpp:969 (libtsan.so.0+0x605b8)
    #1 <null> <null> (libgomp.so.1+0x1e25f)
    #2 RunStage4AAndCheck tests/test_move_nodes_fast.cpp:201 (test_move_nodes_fast+0x2b4c1)
    #3 TestStage4ABasicAndEdgeCases tests/test_move_nodes_fast.cpp:464 (test_move_nodes_fast+0x2b7d4)
    #4 main tests/test_move_nodes_fast.cpp:674 (test_move_nodes_fast+0x2e2c8)

SUMMARY: ThreadSanitizer: data race /home/stomo/WorkSpace/MyLeiden/Leiden.cpp:1169 in MoveNodesFastParallelStage4A(SimpleGraph const&, LeidenGraphStats const&, LeidenPartition, QualityFunction const&, unsigned long, unsigned long, LeidenOptions const*) [clone ._omp_fn.0]
==================
==================
WARNING: ThreadSanitizer: data race (pid=2)
  Read of size 8 at 0x7ffd2222e5b0 by thread T1:
    #0 MoveNodesFastParallelStage4A(SimpleGraph const&, LeidenGraphStats const&, LeidenPartition, QualityFunction const&, unsigned long, unsigned long, LeidenOptions const*) [clone ._omp_fn.0] /home/stomo/WorkSpace/MyLeiden/Leiden.cpp:1169 (test_move_nodes_fast+0xc7ad)
    #1 <null> <null> (libgomp.so.1+0x1dc0d)

  Previous write of size 8 at 0x7ffd2222e5b0 by main thread:
    #0 std::_Vector_base<double, std::allocator<double> >::_Vector_impl_data::_Vector_impl_data() /usr/include/c++/11/bits/stl_vector.h:98 (test_move_nodes_fast+0xc916)
    #1 std::_Vector_base<double, std::allocator<double> >::_Vector_impl::_Vector_impl() /usr/include/c++/11/bits/stl_vector.h:133 (test_move_nodes_fast+0xc916)
    #2 std::_Vector_base<double, std::allocator<double> >::_Vector_base() /usr/include/c++/11/bits/stl_vector.h:288 (test_move_nodes_fast+0xc916)
    #3 std::vector<double, std::allocator<double> >::vector() /usr/include/c++/11/bits/stl_vector.h:487 (test_move_nodes_fast+0xc916)
    #4 LeidenPartition::LeidenPartition() /home/stomo/WorkSpace/MyLeiden/LeidenTypes.hpp:21 (test_move_nodes_fast+0xc916)
    #5 MoveNodesFastResult::MoveNodesFastResult() /home/stomo/WorkSpace/MyLeiden/Leiden.hpp:11 (test_move_nodes_fast+0xc916)
    #6 MoveNodesFastParallelStage4A(SimpleGraph const&, LeidenGraphStats const&, LeidenPartition, QualityFunction const&, unsigned long, unsigned long, LeidenOptions const*) /home/stomo/WorkSpace/MyLeiden/Leiden.cpp:1138 (test_move_nodes_fast+0xc916)
    #7 RunStage4AAndCheck tests/test_move_nodes_fast.cpp:201 (test_move_nodes_fast+0x2b4c1)
    #8 TestStage4ABasicAndEdgeCases tests/test_move_nodes_fast.cpp:481 (test_move_nodes_fast+0x2ba8e)
    #9 main tests/test_move_nodes_fast.cpp:674 (test_move_nodes_fast+0x2e2c8)

  Location is stack of main thread.

  Location is global '<null>' at 0x000000000000 ([stack]+0x00000001f5b0)

  Thread T1 (tid=4, running) created by main thread at:
    #0 pthread_create ../../../../src/libsanitizer/tsan/tsan_interceptors_posix.cpp:969 (libtsan.so.0+0x605b8)
    #1 <null> <null> (libgomp.so.1+0x1e25f)
    #2 RunStage4AAndCheck tests/test_move_nodes_fast.cpp:201 (test_move_nodes_fast+0x2b4c1)
    #3 TestStage4ABasicAndEdgeCases tests/test_move_nodes_fast.cpp:464 (test_move_nodes_fast+0x2b7d4)
    #4 main tests/test_move_nodes_fast.cpp:674 (test_move_nodes_fast+0x2e2c8)

SUMMARY: ThreadSanitizer: data race /home/stomo/WorkSpace/MyLeiden/Leiden.cpp:1169 in MoveNodesFastParallelStage4A(SimpleGraph const&, LeidenGraphStats const&, LeidenPartition, QualityFunction const&, unsigned long, unsigned long, LeidenOptions const*) [clone ._omp_fn.0]
==================
==================
WARNING: ThreadSanitizer: data race (pid=2)
  Write of size 8 at 0x7ffd2222e2b0 by main thread:
    #0 clock_gettime ../../../../src/libsanitizer/sanitizer_common/sanitizer_common_interceptors.inc:2188 (libtsan.so.0+0x3a05b)
    #1 std::chrono::_V2::steady_clock::now() <null> (libstdc++.so.6+0xd2164)
    #2 GOMP_parallel <null> (libgomp.so.1+0x14a15)
    #3 TestStage4AEmptyCommunityCollision tests/test_move_nodes_fast.cpp:508 (test_move_nodes_fast+0x2dec6)
    #4 main tests/test_move_nodes_fast.cpp:675 (test_move_nodes_fast+0x2e2cd)

  Previous read of size 8 at 0x7ffd2222e2b0 by thread T2:
    #0 std::vector<double, std::allocator<double> >::size() const /usr/include/c++/11/bits/stl_vector.h:919 (test_move_nodes_fast+0xc0e2)
    #1 MoveNodesFastParallelStage4A(SimpleGraph const&, LeidenGraphStats const&, LeidenPartition, QualityFunction const&, unsigned long, unsigned long, LeidenOptions const*) [clone ._omp_fn.0] /home/stomo/WorkSpace/MyLeiden/Leiden.cpp:1174 (test_move_nodes_fast+0xc0e2)
    #2 <null> <null> (libgomp.so.1+0x1dc0d)

  Location is stack of main thread.

  Location is global '<null>' at 0x000000000000 ([stack]+0x00000001f2b0)

  Thread T2 (tid=5, running) created by main thread at:
    #0 pthread_create ../../../../src/libsanitizer/tsan/tsan_interceptors_posix.cpp:969 (libtsan.so.0+0x605b8)
    #1 <null> <null> (libgomp.so.1+0x1e25f)
    #2 RunStage4AAndCheck tests/test_move_nodes_fast.cpp:201 (test_move_nodes_fast+0x2b4c1)
    #3 TestStage4ABasicAndEdgeCases tests/test_move_nodes_fast.cpp:464 (test_move_nodes_fast+0x2b7d4)
    #4 main tests/test_move_nodes_fast.cpp:674 (test_move_nodes_fast+0x2e2c8)

SUMMARY: ThreadSanitizer: data race (/lib/x86_64-linux-gnu/libstdc++.so.6+0xd2164) in std::chrono::_V2::steady_clock::now()
==================
==================
WARNING: ThreadSanitizer: data race (pid=2)
  Write of size 8 at 0x7ffd2222e250 by main thread:
    #0 clock_gettime ../../../../src/libsanitizer/sanitizer_common/sanitizer_common_interceptors.inc:2188 (libtsan.so.0+0x3a05b)
    #1 std::chrono::_V2::steady_clock::now() <null> (libstdc++.so.6+0xd2164)
    #2 GOMP_parallel <null> (libgomp.so.1+0x14a15)
    #3 TestStage4AThreadReproducibility tests/test_move_nodes_fast.cpp:532 (test_move_nodes_fast+0x2814f)
    #4 main tests/test_move_nodes_fast.cpp:676 (test_move_nodes_fast+0x2e2d2)

  Previous read of size 8 at 0x7ffd2222e250 by thread T1:
    #0 MoveNodesFastParallelStage4A(SimpleGraph const&, LeidenGraphStats const&, LeidenPartition, QualityFunction const&, unsigned long, unsigned long, LeidenOptions const*) [clone ._omp_fn.0] /home/stomo/WorkSpace/MyLeiden/Leiden.cpp:1206 (test_move_nodes_fast+0xc31e)
    #1 <null> <null> (libgomp.so.1+0x1dc0d)

  Location is stack of main thread.

  Location is global '<null>' at 0x000000000000 ([stack]+0x00000001f250)

  Thread T1 (tid=4, running) created by main thread at:
    #0 pthread_create ../../../../src/libsanitizer/tsan/tsan_interceptors_posix.cpp:969 (libtsan.so.0+0x605b8)
    #1 <null> <null> (libgomp.so.1+0x1e25f)
    #2 RunStage4AAndCheck tests/test_move_nodes_fast.cpp:201 (test_move_nodes_fast+0x2b4c1)
    #3 TestStage4ABasicAndEdgeCases tests/test_move_nodes_fast.cpp:464 (test_move_nodes_fast+0x2b7d4)
    #4 main tests/test_move_nodes_fast.cpp:674 (test_move_nodes_fast+0x2e2c8)

SUMMARY: ThreadSanitizer: data race (/lib/x86_64-linux-gnu/libstdc++.so.6+0xd2164) in std::chrono::_V2::steady_clock::now()
==================
==================
WARNING: ThreadSanitizer: data race (pid=2)
  Write of size 8 at 0x7ffd2222e258 by main thread:
    #0 clock_gettime ../../../../src/libsanitizer/sanitizer_common/sanitizer_common_interceptors.inc:2188 (libtsan.so.0+0x3a05b)
    #1 std::chrono::_V2::steady_clock::now() <null> (libstdc++.so.6+0xd2164)
    #2 GOMP_parallel <null> (libgomp.so.1+0x14a15)
    #3 TestStage4AThreadReproducibility tests/test_move_nodes_fast.cpp:532 (test_move_nodes_fast+0x2814f)
    #4 main tests/test_move_nodes_fast.cpp:676 (test_move_nodes_fast+0x2e2d2)

  Previous read of size 8 at 0x7ffd2222e258 by thread T1:
    #0 CPMQualityFunction::deltaMoveFromWeights(LeidenGraphStats const&, LeidenPartition const&, int, int, double, double) const /home/stomo/WorkSpace/MyLeiden/QualityFunction.cpp:603 (test_move_nodes_fast+0x48d2)
    #1 MoveNodesFastParallelStage4A(SimpleGraph const&, LeidenGraphStats const&, LeidenPartition, QualityFunction const&, unsigned long, unsigned long, LeidenOptions const*) [clone ._omp_fn.0] /home/stomo/WorkSpace/MyLeiden/Leiden.cpp:1206 (test_move_nodes_fast+0xc39e)
    #2 <null> <null> (libgomp.so.1+0x1dc0d)

  Location is stack of main thread.

  Location is global '<null>' at 0x000000000000 ([stack]+0x00000001f258)

  Thread T1 (tid=4, running) created by main thread at:
    #0 pthread_create ../../../../src/libsanitizer/tsan/tsan_interceptors_posix.cpp:969 (libtsan.so.0+0x605b8)
    #1 <null> <null> (libgomp.so.1+0x1e25f)
    #2 RunStage4AAndCheck tests/test_move_nodes_fast.cpp:201 (test_move_nodes_fast+0x2b4c1)
    #3 TestStage4ABasicAndEdgeCases tests/test_move_nodes_fast.cpp:464 (test_move_nodes_fast+0x2b7d4)
    #4 main tests/test_move_nodes_fast.cpp:674 (test_move_nodes_fast+0x2e2c8)

SUMMARY: ThreadSanitizer: data race (/lib/x86_64-linux-gnu/libstdc++.so.6+0xd2164) in std::chrono::_V2::steady_clock::now()
==================
==================
WARNING: ThreadSanitizer: data race (pid=2)
  Read of size 4 at 0x7ffd2222e570 by thread T1:
    #0 MoveNodesFastParallelStage4A(SimpleGraph const&, LeidenGraphStats const&, LeidenPartition, QualityFunction const&, unsigned long, unsigned long, LeidenOptions const*) [clone ._omp_fn.0] /home/stomo/WorkSpace/MyLeiden/Leiden.cpp:1169 (test_move_nodes_fast+0xbf5b)
    #1 <null> <null> (libgomp.so.1+0x1dc0d)

  Previous write of size 8 at 0x7ffd2222e570 by main thread:
    #0 std::_Vector_base<int, std::allocator<int> >::_Vector_impl_data::_Vector_impl_data() /usr/include/c++/11/bits/stl_vector.h:98 (test_move_nodes_fast+0xc88e)
    #1 std::_Vector_base<int, std::allocator<int> >::_Vector_impl::_Vector_impl() /usr/include/c++/11/bits/stl_vector.h:133 (test_move_nodes_fast+0xc88e)
    #2 std::_Vector_base<int, std::allocator<int> >::_Vector_base() /usr/include/c++/11/bits/stl_vector.h:288 (test_move_nodes_fast+0xc88e)
    #3 std::vector<int, std::allocator<int> >::vector() /usr/include/c++/11/bits/stl_vector.h:487 (test_move_nodes_fast+0xc88e)
    #4 LeidenPartition::LeidenPartition() /home/stomo/WorkSpace/MyLeiden/LeidenTypes.hpp:21 (test_move_nodes_fast+0xc88e)
    #5 MoveNodesFastResult::MoveNodesFastResult() /home/stomo/WorkSpace/MyLeiden/Leiden.hpp:11 (test_move_nodes_fast+0xc88e)
    #6 MoveNodesFastParallelStage4A(SimpleGraph const&, LeidenGraphStats const&, LeidenPartition, QualityFunction const&, unsigned long, unsigned long, LeidenOptions const*) /home/stomo/WorkSpace/MyLeiden/Leiden.cpp:1138 (test_move_nodes_fast+0xc88e)
    #7 RunStage4AAndCheck tests/test_move_nodes_fast.cpp:201 (test_move_nodes_fast+0x2b4c1)
    #8 TestStage4ABasicAndEdgeCases tests/test_move_nodes_fast.cpp:481 (test_move_nodes_fast+0x2ba8e)
    #9 main tests/test_move_nodes_fast.cpp:674 (test_move_nodes_fast+0x2e2c8)

  Location is stack of main thread.

  Location is global '<null>' at 0x000000000000 ([stack]+0x00000001f570)

  Thread T1 (tid=4, running) created by main thread at:
    #0 pthread_create ../../../../src/libsanitizer/tsan/tsan_interceptors_posix.cpp:969 (libtsan.so.0+0x605b8)
    #1 <null> <null> (libgomp.so.1+0x1e25f)
    #2 RunStage4AAndCheck tests/test_move_nodes_fast.cpp:201 (test_move_nodes_fast+0x2b4c1)
    #3 TestStage4ABasicAndEdgeCases tests/test_move_nodes_fast.cpp:464 (test_move_nodes_fast+0x2b7d4)
    #4 main tests/test_move_nodes_fast.cpp:674 (test_move_nodes_fast+0x2e2c8)

SUMMARY: ThreadSanitizer: data race /home/stomo/WorkSpace/MyLeiden/Leiden.cpp:1169 in MoveNodesFastParallelStage4A(SimpleGraph const&, LeidenGraphStats const&, LeidenPartition, QualityFunction const&, unsigned long, unsigned long, LeidenOptions const*) [clone ._omp_fn.0]
==================
==================
WARNING: ThreadSanitizer: data race (pid=2)
  Read of size 8 at 0x7ffd2222e798 by thread T1:
    #0 std::vector<double, std::allocator<double> >::size() const /usr/include/c++/11/bits/stl_vector.h:919 (test_move_nodes_fast+0xc08a)
    #1 MoveNodesFastParallelStage4A(SimpleGraph const&, LeidenGraphStats const&, LeidenPartition, QualityFunction const&, unsigned long, unsigned long, LeidenOptions const*) [clone ._omp_fn.0] /home/stomo/WorkSpace/MyLeiden/Leiden.cpp:1172 (test_move_nodes_fast+0xc08a)
    #2 <null> <null> (libgomp.so.1+0x1dc0d)

  Previous write of size 8 at 0x7ffd2222e798 by main thread:
    #0 MoveNodesFastResult::MoveNodesFastResult() /home/stomo/WorkSpace/MyLeiden/Leiden.hpp:11 (test_move_nodes_fast+0xc9aa)
    #1 MoveNodesFastParallelStage4A(SimpleGraph const&, LeidenGraphStats const&, LeidenPartition, QualityFunction const&, unsigned long, unsigned long, LeidenOptions const*) /home/stomo/WorkSpace/MyLeiden/Leiden.cpp:1138 (test_move_nodes_fast+0xc9aa)
    #2 RunStage4AAndCheck tests/test_move_nodes_fast.cpp:201 (test_move_nodes_fast+0x2b4c1)
    #3 TestStage4ABasicAndEdgeCases tests/test_move_nodes_fast.cpp:494 (test_move_nodes_fast+0x2bc0b)
    #4 main tests/test_move_nodes_fast.cpp:674 (test_move_nodes_fast+0x2e2c8)

  Location is stack of main thread.

  Location is global '<null>' at 0x000000000000 ([stack]+0x00000001f798)

  Thread T1 (tid=4, running) created by main thread at:
    #0 pthread_create ../../../../src/libsanitizer/tsan/tsan_interceptors_posix.cpp:969 (libtsan.so.0+0x605b8)
    #1 <null> <null> (libgomp.so.1+0x1e25f)
    #2 RunStage4AAndCheck tests/test_move_nodes_fast.cpp:201 (test_move_nodes_fast+0x2b4c1)
    #3 TestStage4ABasicAndEdgeCases tests/test_move_nodes_fast.cpp:464 (test_move_nodes_fast+0x2b7d4)
    #4 main tests/test_move_nodes_fast.cpp:674 (test_move_nodes_fast+0x2e2c8)

SUMMARY: ThreadSanitizer: data race /usr/include/c++/11/bits/stl_vector.h:919 in std::vector<double, std::allocator<double> >::size() const
==================
==================
WARNING: ThreadSanitizer: data race (pid=2)
  Read of size 8 at 0x7ffd2222e568 by thread T1:
    #0 MoveNodesFastParallelStage4A(SimpleGraph const&, LeidenGraphStats const&, LeidenPartition, QualityFunction const&, unsigned long, unsigned long, LeidenOptions const*) [clone ._omp_fn.0] /home/stomo/WorkSpace/MyLeiden/Leiden.cpp:1169 (test_move_nodes_fast+0xc734)
    #1 <null> <null> (libgomp.so.1+0x1dc0d)

  Previous write of size 8 at 0x7ffd2222e568 by main thread:
    #0 std::_Vector_base<int, std::allocator<int> >::_Vector_impl_data::_Vector_impl_data() /usr/include/c++/11/bits/stl_vector.h:98 (test_move_nodes_fast+0xc87d)
    #1 std::_Vector_base<int, std::allocator<int> >::_Vector_impl::_Vector_impl() /usr/include/c++/11/bits/stl_vector.h:133 (test_move_nodes_fast+0xc87d)
    #2 std::_Vector_base<int, std::allocator<int> >::_Vector_base() /usr/include/c++/11/bits/stl_vector.h:288 (test_move_nodes_fast+0xc87d)
    #3 std::vector<int, std::allocator<int> >::vector() /usr/include/c++/11/bits/stl_vector.h:487 (test_move_nodes_fast+0xc87d)
    #4 LeidenPartition::LeidenPartition() /home/stomo/WorkSpace/MyLeiden/LeidenTypes.hpp:21 (test_move_nodes_fast+0xc87d)
    #5 MoveNodesFastResult::MoveNodesFastResult() /home/stomo/WorkSpace/MyLeiden/Leiden.hpp:11 (test_move_nodes_fast+0xc87d)
    #6 MoveNodesFastParallelStage4A(SimpleGraph const&, LeidenGraphStats const&, LeidenPartition, QualityFunction const&, unsigned long, unsigned long, LeidenOptions const*) /home/stomo/WorkSpace/MyLeiden/Leiden.cpp:1138 (test_move_nodes_fast+0xc87d)
    #7 RunStage4AAndCheck tests/test_move_nodes_fast.cpp:201 (test_move_nodes_fast+0x2b4c1)
    #8 TestStage4ABasicAndEdgeCases tests/test_move_nodes_fast.cpp:481 (test_move_nodes_fast+0x2ba8e)
    #9 main tests/test_move_nodes_fast.cpp:674 (test_move_nodes_fast+0x2e2c8)

  Location is stack of main thread.

  Location is global '<null>' at 0x000000000000 ([stack]+0x00000001f568)

  Thread T1 (tid=4, running) created by main thread at:
    #0 pthread_create ../../../../src/libsanitizer/tsan/tsan_interceptors_posix.cpp:969 (libtsan.so.0+0x605b8)
    #1 <null> <null> (libgomp.so.1+0x1e25f)
    #2 RunStage4AAndCheck tests/test_move_nodes_fast.cpp:201 (test_move_nodes_fast+0x2b4c1)
    #3 TestStage4ABasicAndEdgeCases tests/test_move_nodes_fast.cpp:464 (test_move_nodes_fast+0x2b7d4)
    #4 main tests/test_move_nodes_fast.cpp:674 (test_move_nodes_fast+0x2e2c8)

SUMMARY: ThreadSanitizer: data race /home/stomo/WorkSpace/MyLeiden/Leiden.cpp:1169 in MoveNodesFastParallelStage4A(SimpleGraph const&, LeidenGraphStats const&, LeidenPartition, QualityFunction const&, unsigned long, unsigned long, LeidenOptions const*) [clone ._omp_fn.0]
==================
==================
WARNING: ThreadSanitizer: data race (pid=2)
  Read of size 8 at 0x7ffd2222e560 by thread T1:
    #0 MoveNodesFastParallelStage4A(SimpleGraph const&, LeidenGraphStats const&, LeidenPartition, QualityFunction const&, unsigned long, unsigned long, LeidenOptions const*) [clone ._omp_fn.0] /home/stomo/WorkSpace/MyLeiden/Leiden.cpp:1169 (test_move_nodes_fast+0xc75f)
    #1 <null> <null> (libgomp.so.1+0x1dc0d)

  Previous write of size 8 at 0x7ffd2222e560 by main thread:
    #0 std::_Vector_base<int, std::allocator<int> >::_Vector_impl_data::_Vector_impl_data() /usr/include/c++/11/bits/stl_vector.h:98 (test_move_nodes_fast+0xc86d)
    #1 std::_Vector_base<int, std::allocator<int> >::_Vector_impl::_Vector_impl() /usr/include/c++/11/bits/stl_vector.h:133 (test_move_nodes_fast+0xc86d)
    #2 std::_Vector_base<int, std::allocator<int> >::_Vector_base() /usr/include/c++/11/bits/stl_vector.h:288 (test_move_nodes_fast+0xc86d)
    #3 std::vector<int, std::allocator<int> >::vector() /usr/include/c++/11/bits/stl_vector.h:487 (test_move_nodes_fast+0xc86d)
    #4 LeidenPartition::LeidenPartition() /home/stomo/WorkSpace/MyLeiden/LeidenTypes.hpp:21 (test_move_nodes_fast+0xc86d)
    #5 MoveNodesFastResult::MoveNodesFastResult() /home/stomo/WorkSpace/MyLeiden/Leiden.hpp:11 (test_move_nodes_fast+0xc86d)
    #6 MoveNodesFastParallelStage4A(SimpleGraph const&, LeidenGraphStats const&, LeidenPartition, QualityFunction const&, unsigned long, unsigned long, LeidenOptions const*) /home/stomo/WorkSpace/MyLeiden/Leiden.cpp:1138 (test_move_nodes_fast+0xc86d)
    #7 RunStage4AAndCheck tests/test_move_nodes_fast.cpp:201 (test_move_nodes_fast+0x2b4c1)
    #8 TestStage4ABasicAndEdgeCases tests/test_move_nodes_fast.cpp:481 (test_move_nodes_fast+0x2ba8e)
    #9 main tests/test_move_nodes_fast.cpp:674 (test_move_nodes_fast+0x2e2c8)

  Location is stack of main thread.

  Location is global '<null>' at 0x000000000000 ([stack]+0x00000001f560)

  Thread T1 (tid=4, running) created by main thread at:
    #0 pthread_create ../../../../src/libsanitizer/tsan/tsan_interceptors_posix.cpp:969 (libtsan.so.0+0x605b8)
    #1 <null> <null> (libgomp.so.1+0x1e25f)
    #2 RunStage4AAndCheck tests/test_move_nodes_fast.cpp:201 (test_move_nodes_fast+0x2b4c1)
    #3 TestStage4ABasicAndEdgeCases tests/test_move_nodes_fast.cpp:464 (test_move_nodes_fast+0x2b7d4)
    #4 main tests/test_move_nodes_fast.cpp:674 (test_move_nodes_fast+0x2e2c8)

SUMMARY: ThreadSanitizer: data race /home/stomo/WorkSpace/MyLeiden/Leiden.cpp:1169 in MoveNodesFastParallelStage4A(SimpleGraph const&, LeidenGraphStats const&, LeidenPartition, QualityFunction const&, unsigned long, unsigned long, LeidenOptions const*) [clone ._omp_fn.0]
==================
==================
WARNING: ThreadSanitizer: data race (pid=2)
  Read of size 8 at 0x7ffd2222e558 by thread T1:
    #0 MoveNodesFastParallelStage4A(SimpleGraph const&, LeidenGraphStats const&, LeidenPartition, QualityFunction const&, unsigned long, unsigned long, LeidenOptions const*) [clone ._omp_fn.0] /home/stomo/WorkSpace/MyLeiden/Leiden.cpp:1169 (test_move_nodes_fast+0xc78a)
    #1 <null> <null> (libgomp.so.1+0x1dc0d)

  Previous write of size 8 at 0x7ffd2222e558 by main thread:
    #0 MoveNodesFastResult::MoveNodesFastResult() /home/stomo/WorkSpace/MyLeiden/Leiden.hpp:11 (test_move_nodes_fast+0xc9aa)
    #1 MoveNodesFastParallelStage4A(SimpleGraph const&, LeidenGraphStats const&, LeidenPartition, QualityFunction const&, unsigned long, unsigned long, LeidenOptions const*) /home/stomo/WorkSpace/MyLeiden/Leiden.cpp:1138 (test_move_nodes_fast+0xc9aa)
    #2 RunStage4AAndCheck tests/test_move_nodes_fast.cpp:201 (test_move_nodes_fast+0x2b4c1)
    #3 TestStage4ABasicAndEdgeCases tests/test_move_nodes_fast.cpp:474 (test_move_nodes_fast+0x2b9bb)
    #4 main tests/test_move_nodes_fast.cpp:674 (test_move_nodes_fast+0x2e2c8)

  Location is stack of main thread.

  Location is global '<null>' at 0x000000000000 ([stack]+0x00000001f558)

  Thread T1 (tid=4, running) created by main thread at:
    #0 pthread_create ../../../../src/libsanitizer/tsan/tsan_interceptors_posix.cpp:969 (libtsan.so.0+0x605b8)
    #1 <null> <null> (libgomp.so.1+0x1e25f)
    #2 RunStage4AAndCheck tests/test_move_nodes_fast.cpp:201 (test_move_nodes_fast+0x2b4c1)
    #3 TestStage4ABasicAndEdgeCases tests/test_move_nodes_fast.cpp:464 (test_move_nodes_fast+0x2b7d4)
    #4 main tests/test_move_nodes_fast.cpp:674 (test_move_nodes_fast+0x2e2c8)

SUMMARY: ThreadSanitizer: data race /home/stomo/WorkSpace/MyLeiden/Leiden.cpp:1169 in MoveNodesFastParallelStage4A(SimpleGraph const&, LeidenGraphStats const&, LeidenPartition, QualityFunction const&, unsigned long, unsigned long, LeidenOptions const*) [clone ._omp_fn.0]
==================
==================
WARNING: ThreadSanitizer: data race (pid=2)
  Read of size 8 at 0x7ffd2222e550 by thread T1:
    #0 MoveNodesFastParallelStage4A(SimpleGraph const&, LeidenGraphStats const&, LeidenPartition, QualityFunction const&, unsigned long, unsigned long, LeidenOptions const*) [clone ._omp_fn.0] /home/stomo/WorkSpace/MyLeiden/Leiden.cpp:1169 (test_move_nodes_fast+0xc7ad)
    #1 <null> <null> (libgomp.so.1+0x1dc0d)

  Previous write of size 8 at 0x7ffd2222e550 by main thread:
    #0 MoveNodesFastResult::MoveNodesFastResult() /home/stomo/WorkSpace/MyLeiden/Leiden.hpp:11 (test_move_nodes_fast+0xc989)
    #1 MoveNodesFastParallelStage4A(SimpleGraph const&, LeidenGraphStats const&, LeidenPartition, QualityFunction const&, unsigned long, unsigned long, LeidenOptions const*) /home/stomo/WorkSpace/MyLeiden/Leiden.cpp:1138 (test_move_nodes_fast+0xc989)
    #2 RunStage4AAndCheck tests/test_move_nodes_fast.cpp:201 (test_move_nodes_fast+0x2b4c1)
    #3 TestStage4ABasicAndEdgeCases tests/test_move_nodes_fast.cpp:474 (test_move_nodes_fast+0x2b9bb)
    #4 main tests/test_move_nodes_fast.cpp:674 (test_move_nodes_fast+0x2e2c8)

  Location is stack of main thread.

  Location is global '<null>' at 0x000000000000 ([stack]+0x00000001f550)

  Thread T1 (tid=4, running) created by main thread at:
    #0 pthread_create ../../../../src/libsanitizer/tsan/tsan_interceptors_posix.cpp:969 (libtsan.so.0+0x605b8)
    #1 <null> <null> (libgomp.so.1+0x1e25f)
    #2 RunStage4AAndCheck tests/test_move_nodes_fast.cpp:201 (test_move_nodes_fast+0x2b4c1)
    #3 TestStage4ABasicAndEdgeCases tests/test_move_nodes_fast.cpp:464 (test_move_nodes_fast+0x2b7d4)
    #4 main tests/test_move_nodes_fast.cpp:674 (test_move_nodes_fast+0x2e2c8)

SUMMARY: ThreadSanitizer: data race /home/stomo/WorkSpace/MyLeiden/Leiden.cpp:1169 in MoveNodesFastParallelStage4A(SimpleGraph const&, LeidenGraphStats const&, LeidenPartition, QualityFunction const&, unsigned long, unsigned long, LeidenOptions const*) [clone ._omp_fn.0]
==================
==================
WARNING: ThreadSanitizer: data race (pid=2)
  Read of size 8 at 0x7ffd2222e540 by thread T1:
    #0 MoveNodesFastParallelStage4A(SimpleGraph const&, LeidenGraphStats const&, LeidenPartition, QualityFunction const&, unsigned long, unsigned long, LeidenOptions const*) [clone ._omp_fn.0] /home/stomo/WorkSpace/MyLeiden/Leiden.cpp:1180 (test_move_nodes_fast+0xc539)
    #1 <null> <null> (libgomp.so.1+0x1dc0d)

  Previous write of size 8 at 0x7ffd2222e540 by main thread:
    #0 std::_Vector_base<unsigned char, std::allocator<unsigned char> >::_Vector_impl_data::_Vector_impl_data() /usr/include/c++/11/bits/stl_vector.h:98 (test_move_nodes_fast+0xc95a)
    #1 std::_Vector_base<unsigned char, std::allocator<unsigned char> >::_Vector_impl::_Vector_impl() /usr/include/c++/11/bits/stl_vector.h:133 (test_move_nodes_fast+0xc95a)
    #2 std::_Vector_base<unsigned char, std::allocator<unsigned char> >::_Vector_base() /usr/include/c++/11/bits/stl_vector.h:288 (test_move_nodes_fast+0xc95a)
    #3 std::vector<unsigned char, std::allocator<unsigned char> >::vector() /usr/include/c++/11/bits/stl_vector.h:487 (test_move_nodes_fast+0xc95a)
    #4 LeidenPartition::LeidenPartition() /home/stomo/WorkSpace/MyLeiden/LeidenTypes.hpp:21 (test_move_nodes_fast+0xc95a)
    #5 MoveNodesFastResult::MoveNodesFastResult() /home/stomo/WorkSpace/MyLeiden/Leiden.hpp:11 (test_move_nodes_fast+0xc95a)
    #6 MoveNodesFastParallelStage4A(SimpleGraph const&, LeidenGraphStats const&, LeidenPartition, QualityFunction const&, unsigned long, unsigned long, LeidenOptions const*) /home/stomo/WorkSpace/MyLeiden/Leiden.cpp:1138 (test_move_nodes_fast+0xc95a)
    #7 RunStage4AAndCheck tests/test_move_nodes_fast.cpp:201 (test_move_nodes_fast+0x2b4c1)
    #8 TestStage4ABasicAndEdgeCases tests/test_move_nodes_fast.cpp:474 (test_move_nodes_fast+0x2b9bb)
    #9 main tests/test_move_nodes_fast.cpp:674 (test_move_nodes_fast+0x2e2c8)

  Location is stack of main thread.

  Location is global '<null>' at 0x000000000000 ([stack]+0x00000001f540)

  Thread T1 (tid=4, running) created by main thread at:
    #0 pthread_create ../../../../src/libsanitizer/tsan/tsan_interceptors_posix.cpp:969 (libtsan.so.0+0x605b8)
    #1 <null> <null> (libgomp.so.1+0x1e25f)
    #2 RunStage4AAndCheck tests/test_move_nodes_fast.cpp:201 (test_move_nodes_fast+0x2b4c1)
    #3 TestStage4ABasicAndEdgeCases tests/test_move_nodes_fast.cpp:464 (test_move_nodes_fast+0x2b7d4)
    #4 main tests/test_move_nodes_fast.cpp:674 (test_move_nodes_fast+0x2e2c8)

SUMMARY: ThreadSanitizer: data race /home/stomo/WorkSpace/MyLeiden/Leiden.cpp:1180 in MoveNodesFastParallelStage4A(SimpleGraph const&, LeidenGraphStats const&, LeidenPartition, QualityFunction const&, unsigned long, unsigned long, LeidenOptions const*) [clone ._omp_fn.0]
==================
==================
WARNING: ThreadSanitizer: data race (pid=2)
  Read of size 8 at 0x7ffd2222e480 by thread T1:
    #0 std::vector<unsigned char, std::allocator<unsigned char> >::operator[](unsigned long) /usr/include/c++/11/bits/stl_vector.h:1046 (test_move_nodes_fast+0xc545)
    #1 MoveNodesFastParallelStage4A(SimpleGraph const&, LeidenGraphStats const&, LeidenPartition, QualityFunction const&, unsigned long, unsigned long, LeidenOptions const*) [clone ._omp_fn.0] /home/stomo/WorkSpace/MyLeiden/Leiden.cpp:1180 (test_move_nodes_fast+0xc545)
    #2 <null> <null> (libgomp.so.1+0x1dc0d)

  Previous write of size 8 at 0x7ffd2222e480 by main thread:
    #0 std::_Vector_base<double, std::allocator<double> >::_Vector_impl_data::_Vector_impl_data() /usr/include/c++/11/bits/stl_vector.h:98 (test_move_nodes_fast+0xc8f4)
    #1 std::_Vector_base<double, std::allocator<double> >::_Vector_impl::_Vector_impl() /usr/include/c++/11/bits/stl_vector.h:133 (test_move_nodes_fast+0xc8f4)
    #2 std::_Vector_base<double, std::allocator<double> >::_Vector_base() /usr/include/c++/11/bits/stl_vector.h:288 (test_move_nodes_fast+0xc8f4)
    #3 std::vector<double, std::allocator<double> >::vector() /usr/include/c++/11/bits/stl_vector.h:487 (test_move_nodes_fast+0xc8f4)
    #4 LeidenPartition::LeidenPartition() /home/stomo/WorkSpace/MyLeiden/LeidenTypes.hpp:21 (test_move_nodes_fast+0xc8f4)
    #5 MoveNodesFastResult::MoveNodesFastResult() /home/stomo/WorkSpace/MyLeiden/Leiden.hpp:11 (test_move_nodes_fast+0xc8f4)
    #6 MoveNodesFastParallelStage4A(SimpleGraph const&, LeidenGraphStats const&, LeidenPartition, QualityFunction const&, unsigned long, unsigned long, LeidenOptions const*) /home/stomo/WorkSpace/MyLeiden/Leiden.cpp:1138 (test_move_nodes_fast+0xc8f4)
    #7 RunStage4AAndCheck tests/test_move_nodes_fast.cpp:201 (test_move_nodes_fast+0x2b4c1)
    #8 TestStage4ABasicAndEdgeCases tests/test_move_nodes_fast.cpp:472 (test_move_nodes_fast+0x2b94b)
    #9 main tests/test_move_nodes_fast.cpp:674 (test_move_nodes_fast+0x2e2c8)

  Location is stack of main thread.

  Location is global '<null>' at 0x000000000000 ([stack]+0x00000001f480)

  Thread T1 (tid=4, running) created by main thread at:
    #0 pthread_create ../../../../src/libsanitizer/tsan/tsan_interceptors_posix.cpp:969 (libtsan.so.0+0x605b8)
    #1 <null> <null> (libgomp.so.1+0x1e25f)
    #2 RunStage4AAndCheck tests/test_move_nodes_fast.cpp:201 (test_move_nodes_fast+0x2b4c1)
    #3 TestStage4ABasicAndEdgeCases tests/test_move_nodes_fast.cpp:464 (test_move_nodes_fast+0x2b7d4)
    #4 main tests/test_move_nodes_fast.cpp:674 (test_move_nodes_fast+0x2e2c8)

SUMMARY: ThreadSanitizer: data race /usr/include/c++/11/bits/stl_vector.h:1046 in std::vector<unsigned char, std::allocator<unsigned char> >::operator[](unsigned long)
==================
==================
WARNING: ThreadSanitizer: data race (pid=2)
  Read of size 8 at 0x7ffd2222e780 by thread T1:
    #0 std::vector<int, std::allocator<int> >::operator[](unsigned long) /usr/include/c++/11/bits/stl_vector.h:1046 (test_move_nodes_fast+0xc582)
    #1 MoveNodesFastParallelStage4A(SimpleGraph const&, LeidenGraphStats const&, LeidenPartition, QualityFunction const&, unsigned long, unsigned long, LeidenOptions const*) [clone ._omp_fn.0] /home/stomo/WorkSpace/MyLeiden/Leiden.cpp:1187 (test_move_nodes_fast+0xc582)
    #2 <null> <null> (libgomp.so.1+0x1dc0d)

  Previous write of size 8 at 0x7ffd2222e780 by main thread:
    #0 std::_Vector_base<unsigned char, std::allocator<unsigned char> >::_Vector_impl_data::_Vector_impl_data() /usr/include/c++/11/bits/stl_vector.h:98 (test_move_nodes_fast+0xc95a)
    #1 std::_Vector_base<unsigned char, std::allocator<unsigned char> >::_Vector_impl::_Vector_impl() /usr/include/c++/11/bits/stl_vector.h:133 (test_move_nodes_fast+0xc95a)
    #2 std::_Vector_base<unsigned char, std::allocator<unsigned char> >::_Vector_base() /usr/include/c++/11/bits/stl_vector.h:288 (test_move_nodes_fast+0xc95a)
    #3 std::vector<unsigned char, std::allocator<unsigned char> >::vector() /usr/include/c++/11/bits/stl_vector.h:487 (test_move_nodes_fast+0xc95a)
    #4 LeidenPartition::LeidenPartition() /home/stomo/WorkSpace/MyLeiden/LeidenTypes.hpp:21 (test_move_nodes_fast+0xc95a)
    #5 MoveNodesFastResult::MoveNodesFastResult() /home/stomo/WorkSpace/MyLeiden/Leiden.hpp:11 (test_move_nodes_fast+0xc95a)
    #6 MoveNodesFastParallelStage4A(SimpleGraph const&, LeidenGraphStats const&, LeidenPartition, QualityFunction const&, unsigned long, unsigned long, LeidenOptions const*) /home/stomo/WorkSpace/MyLeiden/Leiden.cpp:1138 (test_move_nodes_fast+0xc95a)
    #7 RunStage4AAndCheck tests/test_move_nodes_fast.cpp:201 (test_move_nodes_fast+0x2b4c1)
    #8 TestStage4ABasicAndEdgeCases tests/test_move_nodes_fast.cpp:494 (test_move_nodes_fast+0x2bc0b)
    #9 main tests/test_move_nodes_fast.cpp:674 (test_move_nodes_fast+0x2e2c8)

  Location is stack of main thread.

  Location is global '<null>' at 0x000000000000 ([stack]+0x00000001f780)

  Thread T1 (tid=4, running) created by main thread at:
    #0 pthread_create ../../../../src/libsanitizer/tsan/tsan_interceptors_posix.cpp:969 (libtsan.so.0+0x605b8)
    #1 <null> <null> (libgomp.so.1+0x1e25f)
    #2 RunStage4AAndCheck tests/test_move_nodes_fast.cpp:201 (test_move_nodes_fast+0x2b4c1)
    #3 TestStage4ABasicAndEdgeCases tests/test_move_nodes_fast.cpp:464 (test_move_nodes_fast+0x2b7d4)
    #4 main tests/test_move_nodes_fast.cpp:674 (test_move_nodes_fast+0x2e2c8)

SUMMARY: ThreadSanitizer: data race /usr/include/c++/11/bits/stl_vector.h:1046 in std::vector<int, std::allocator<int> >::operator[](unsigned long)
==================
==================
WARNING: ThreadSanitizer: data race (pid=2)
  Read of size 4 at 0x7ffd2222e620 by thread T1:
    #0 num_vertices(SimpleGraph const&) common/Types.hpp:32 (test_move_nodes_fast+0x639b)
    #1 ValidateVertex(int, SimpleGraph const&) /home/stomo/WorkSpace/MyLeiden/LeidenTypes.hpp:39 (test_move_nodes_fast+0x639b)
    #2 BuildNeighborCommunityWeights(SimpleGraph const&, LeidenPartition const&, int, NeighborCommunityScratch&) /home/stomo/WorkSpace/MyLeiden/QualityFunction.cpp:169 (test_move_nodes_fast+0x639b)
    #3 MoveNodesFastParallelStage4A(SimpleGraph const&, LeidenGraphStats const&, LeidenPartition, QualityFunction const&, unsigned long, unsigned long, LeidenOptions const*) [clone ._omp_fn.0] /home/stomo/WorkSpace/MyLeiden/Leiden.cpp:1191 (test_move_nodes_fast+0xc5d4)
    #4 <null> <null> (libgomp.so.1+0x1dc0d)

  Previous write of size 8 at 0x7ffd2222e620 by main thread:
    #0 std::_Vector_base<double, std::allocator<double> >::_Vector_impl_data::_Vector_impl_data() /usr/include/c++/11/bits/stl_vector.h:98 (test_move_nodes_fast+0xc8d2)
    #1 std::_Vector_base<double, std::allocator<double> >::_Vector_impl::_Vector_impl() /usr/include/c++/11/bits/stl_vector.h:133 (test_move_nodes_fast+0xc8d2)
    #2 std::_Vector_base<double, std::allocator<double> >::_Vector_base() /usr/include/c++/11/bits/stl_vector.h:288 (test_move_nodes_fast+0xc8d2)
    #3 std::vector<double, std::allocator<double> >::vector() /usr/include/c++/11/bits/stl_vector.h:487 (test_move_nodes_fast+0xc8d2)
    #4 LeidenPartition::LeidenPartition() /home/stomo/WorkSpace/MyLeiden/LeidenTypes.hpp:21 (test_move_nodes_fast+0xc8d2)
    #5 MoveNodesFastResult::MoveNodesFastResult() /home/stomo/WorkSpace/MyLeiden/Leiden.hpp:11 (test_move_nodes_fast+0xc8d2)
    #6 MoveNodesFastParallelStage4A(SimpleGraph const&, LeidenGraphStats const&, LeidenPartition, QualityFunction const&, unsigned long, unsigned long, LeidenOptions const*) /home/stomo/WorkSpace/MyLeiden/Leiden.cpp:1138 (test_move_nodes_fast+0xc8d2)
    #7 RunStage4AAndCheck tests/test_move_nodes_fast.cpp:201 (test_move_nodes_fast+0x2b4c1)
    #8 TestStage4ABasicAndEdgeCases tests/test_move_nodes_fast.cpp:482 (test_move_nodes_fast+0x2baf2)
    #9 main tests/test_move_nodes_fast.cpp:674 (test_move_nodes_fast+0x2e2c8)

  Location is stack of main thread.

  Location is global '<null>' at 0x000000000000 ([stack]+0x00000001f620)

  Thread T1 (tid=4, running) created by main thread at:
    #0 pthread_create ../../../../src/libsanitizer/tsan/tsan_interceptors_posix.cpp:969 (libtsan.so.0+0x605b8)
    #1 <null> <null> (libgomp.so.1+0x1e25f)
    #2 RunStage4AAndCheck tests/test_move_nodes_fast.cpp:201 (test_move_nodes_fast+0x2b4c1)
    #3 TestStage4ABasicAndEdgeCases tests/test_move_nodes_fast.cpp:464 (test_move_nodes_fast+0x2b7d4)
    #4 main tests/test_move_nodes_fast.cpp:674 (test_move_nodes_fast+0x2e2c8)

SUMMARY: ThreadSanitizer: data race common/Types.hpp:32 in num_vertices(SimpleGraph const&)
==================
==================
WARNING: ThreadSanitizer: data race (pid=2)
  Read of size 8 at 0x7ffd2222e788 by thread T1:
    #0 std::vector<int, std::allocator<int> >::size() const /usr/include/c++/11/bits/stl_vector.h:919 (test_move_nodes_fast+0x432e)
    #1 ValidatePartitionSize /home/stomo/WorkSpace/MyLeiden/QualityFunction.cpp:34 (test_move_nodes_fast+0x432e)
    #2 BuildNeighborCommunityWeights(SimpleGraph const&, LeidenPartition const&, int, NeighborCommunityScratch&) /home/stomo/WorkSpace/MyLeiden/QualityFunction.cpp:170 (test_move_nodes_fast+0x63ac)
    #3 MoveNodesFastParallelStage4A(SimpleGraph const&, LeidenGraphStats const&, LeidenPartition, QualityFunction const&, unsigned long, unsigned long, LeidenOptions const*) [clone ._omp_fn.0] /home/stomo/WorkSpace/MyLeiden/Leiden.cpp:1191 (test_move_nodes_fast+0xc5d4)
    #4 <null> <null> (libgomp.so.1+0x1dc0d)

  Previous write of size 8 at 0x7ffd2222e788 by main thread:
    #0 std::_Vector_base<unsigned char, std::allocator<unsigned char> >::_Vector_impl_data::_Vector_impl_data() /usr/include/c++/11/bits/stl_vector.h:98 (test_move_nodes_fast+0x2eb15)
    #1 std::_Vector_base<unsigned char, std::allocator<unsigned char> >::_Vector_impl::_Vector_impl(std::allocator<unsigned char> const&) /usr/include/c++/11/bits/stl_vector.h:137 (test_move_nodes_fast+0x2eb15)
    #2 std::_Vector_base<unsigned char, std::allocator<unsigned char> >::_Vector_base(unsigned long, std::allocator<unsigned char> const&) /usr/include/c++/11/bits/stl_vector.h:304 (test_move_nodes_fast+0x2eb15)
    #3 std::vector<unsigned char, std::allocator<unsigned char> >::vector(std::vector<unsigned char, std::allocator<unsigned char> > const&) /usr/include/c++/11/bits/stl_vector.h:555 (test_move_nodes_fast+0x2eb15)
    #4 LeidenPartition::LeidenPartition(LeidenPartition const&) LeidenTypes.hpp:21 (test_move_nodes_fast+0x2eb15)
    #5 TestStage4AEmptyCommunityCollision tests/test_move_nodes_fast.cpp:508 (test_move_nodes_fast+0x2de94)
    #6 main tests/test_move_nodes_fast.cpp:675 (test_move_nodes_fast+0x2e2cd)

  Location is stack of main thread.

  Location is global '<null>' at 0x000000000000 ([stack]+0x00000001f788)

  Thread T1 (tid=4, running) created by main thread at:
    #0 pthread_create ../../../../src/libsanitizer/tsan/tsan_interceptors_posix.cpp:969 (libtsan.so.0+0x605b8)
    #1 <null> <null> (libgomp.so.1+0x1e25f)
    #2 RunStage4AAndCheck tests/test_move_nodes_fast.cpp:201 (test_move_nodes_fast+0x2b4c1)
    #3 TestStage4ABasicAndEdgeCases tests/test_move_nodes_fast.cpp:464 (test_move_nodes_fast+0x2b7d4)
    #4 main tests/test_move_nodes_fast.cpp:674 (test_move_nodes_fast+0x2e2c8)

SUMMARY: ThreadSanitizer: data race /usr/include/c++/11/bits/stl_vector.h:919 in std::vector<int, std::allocator<int> >::size() const
==================
==================
WARNING: ThreadSanitizer: data race (pid=2)
  Read of size 8 at 0x7ffd2222e7b0 by thread T1:
    #0 std::vector<double, std::allocator<double> >::size() const /usr/include/c++/11/bits/stl_vector.h:919 (test_move_nodes_fast+0x4390)
    #1 ValidatePartitionSize /home/stomo/WorkSpace/MyLeiden/QualityFunction.cpp:38 (test_move_nodes_fast+0x4390)
    #2 BuildNeighborCommunityWeights(SimpleGraph const&, LeidenPartition const&, int, NeighborCommunityScratch&) /home/stomo/WorkSpace/MyLeiden/QualityFunction.cpp:170 (test_move_nodes_fast+0x63ac)
    #3 MoveNodesFastParallelStage4A(SimpleGraph const&, LeidenGraphStats const&, LeidenPartition, QualityFunction const&, unsigned long, unsigned long, LeidenOptions const*) [clone ._omp_fn.0] /home/stomo/WorkSpace/MyLeiden/Leiden.cpp:1191 (test_move_nodes_fast+0xc5d4)
    #4 <null> <null> (libgomp.so.1+0x1dc0d)

  Previous write of size 8 at 0x7ffd2222e7b0 by main thread:
    #0 std::_Vector_base<std::vector<Edge, std::allocator<Edge> >, std::allocator<std::vector<Edge, std::allocator<Edge> > > >::_Vector_impl_data::_Vector_impl_data() /usr/include/c++/11/bits/stl_vector.h:98 (test_move_nodes_fast+0x2e3d3)
    #1 std::_Vector_base<std::vector<Edge, std::allocator<Edge> >, std::allocator<std::vector<Edge, std::allocator<Edge> > > >::_Vector_impl::_Vector_impl(std::allocator<std::vector<Edge, std::allocator<Edge> > > const&) /usr/include/c++/11/bits/stl_vector.h:137 (test_move_nodes_fast+0x2e3d3)
    #2 std::_Vector_base<std::vector<Edge, std::allocator<Edge> >, std::allocator<std::vector<Edge, std::allocator<Edge> > > >::_Vector_base(unsigned long, std::allocator<std::vector<Edge, std::allocator<Edge> > > const&) /usr/include/c++/11/bits/stl_vector.h:304 (test_move_nodes_fast+0x2e3d3)
    #3 std::vector<std::vector<Edge, std::allocator<Edge> >, std::allocator<std::vector<Edge, std::allocator<Edge> > > >::vector(unsigned long, std::allocator<std::vector<Edge, std::allocator<Edge> > > const&) /usr/include/c++/11/bits/stl_vector.h:511 (test_move_nodes_fast+0x2e3d3)
    #4 SimpleGraph::SimpleGraph(int) common/Types.hpp:16 (test_move_nodes_fast+0x2e3d3)
    #5 MakeGraph(int) common/Types.hpp:27 (test_move_nodes_fast+0x2b80d)
    #6 TestStage4ABasicAndEdgeCases tests/test_move_nodes_fast.cpp:467 (test_move_nodes_fast+0x2b80d)
    #7 main tests/test_move_nodes_fast.cpp:674 (test_move_nodes_fast+0x2e2c8)

  Location is stack of main thread.

  Location is global '<null>' at 0x000000000000 ([stack]+0x00000001f7b0)

  Thread T1 (tid=4, running) created by main thread at:
    #0 pthread_create ../../../../src/libsanitizer/tsan/tsan_interceptors_posix.cpp:969 (libtsan.so.0+0x605b8)
    #1 <null> <null> (libgomp.so.1+0x1e25f)
    #2 RunStage4AAndCheck tests/test_move_nodes_fast.cpp:201 (test_move_nodes_fast+0x2b4c1)
    #3 TestStage4ABasicAndEdgeCases tests/test_move_nodes_fast.cpp:464 (test_move_nodes_fast+0x2b7d4)
    #4 main tests/test_move_nodes_fast.cpp:674 (test_move_nodes_fast+0x2e2c8)

SUMMARY: ThreadSanitizer: data race /usr/include/c++/11/bits/stl_vector.h:919 in std::vector<double, std::allocator<double> >::size() const
==================
==================
WARNING: ThreadSanitizer: data race (pid=2)
  Read of size 8 at 0x7ffd2222e7c8 by thread T1:
    #0 std::vector<double, std::allocator<double> >::size() const /usr/include/c++/11/bits/stl_vector.h:919 (test_move_nodes_fast+0x43b6)
    #1 ValidatePartitionSize /home/stomo/WorkSpace/MyLeiden/QualityFunction.cpp:39 (test_move_nodes_fast+0x43b6)
    #2 BuildNeighborCommunityWeights(SimpleGraph const&, LeidenPartition const&, int, NeighborCommunityScratch&) /home/stomo/WorkSpace/MyLeiden/QualityFunction.cpp:170 (test_move_nodes_fast+0x63ac)
    #3 MoveNodesFastParallelStage4A(SimpleGraph const&, LeidenGraphStats const&, LeidenPartition, QualityFunction const&, unsigned long, unsigned long, LeidenOptions const*) [clone ._omp_fn.0] /home/stomo/WorkSpace/MyLeiden/Leiden.cpp:1191 (test_move_nodes_fast+0xc5d4)
    #4 <null> <null> (libgomp.so.1+0x1dc0d)

  Previous write of size 8 at 0x7ffd2222e7c8 by main thread:
    #0 std::_Vector_base<double, std::allocator<double> >::_Vector_impl_data::_Vector_impl_data() /usr/include/c++/11/bits/stl_vector.h:98 (test_move_nodes_fast+0xc8c1)
    #1 std::_Vector_base<double, std::allocator<double> >::_Vector_impl::_Vector_impl() /usr/include/c++/11/bits/stl_vector.h:133 (test_move_nodes_fast+0xc8c1)
    #2 std::_Vector_base<double, std::allocator<double> >::_Vector_base() /usr/include/c++/11/bits/stl_vector.h:288 (test_move_nodes_fast+0xc8c1)
    #3 std::vector<double, std::allocator<double> >::vector() /usr/include/c++/11/bits/stl_vector.h:487 (test_move_nodes_fast+0xc8c1)
    #4 LeidenPartition::LeidenPartition() /home/stomo/WorkSpace/MyLeiden/LeidenTypes.hpp:21 (test_move_nodes_fast+0xc8c1)
    #5 MoveNodesFastResult::MoveNodesFastResult() /home/stomo/WorkSpace/MyLeiden/Leiden.hpp:11 (test_move_nodes_fast+0xc8c1)
    #6 MoveNodesFastParallelStage4A(SimpleGraph const&, LeidenGraphStats const&, LeidenPartition, QualityFunction const&, unsigned long, unsigned long, LeidenOptions const*) /home/stomo/WorkSpace/MyLeiden/Leiden.cpp:1138 (test_move_nodes_fast+0xc8c1)
    #7 RunStage4AAndCheck tests/test_move_nodes_fast.cpp:201 (test_move_nodes_fast+0x2b4c1)
    #8 TestStage4ABasicAndEdgeCases tests/test_move_nodes_fast.cpp:495 (test_move_nodes_fast+0x2bc7e)
    #9 main tests/test_move_nodes_fast.cpp:674 (test_move_nodes_fast+0x2e2c8)

  Location is stack of main thread.

  Location is global '<null>' at 0x000000000000 ([stack]+0x00000001f7c8)

  Thread T1 (tid=4, running) created by main thread at:
    #0 pthread_create ../../../../src/libsanitizer/tsan/tsan_interceptors_posix.cpp:969 (libtsan.so.0+0x605b8)
    #1 <null> <null> (libgomp.so.1+0x1e25f)
    #2 RunStage4AAndCheck tests/test_move_nodes_fast.cpp:201 (test_move_nodes_fast+0x2b4c1)
    #3 TestStage4ABasicAndEdgeCases tests/test_move_nodes_fast.cpp:464 (test_move_nodes_fast+0x2b7d4)
    #4 main tests/test_move_nodes_fast.cpp:674 (test_move_nodes_fast+0x2e2c8)

SUMMARY: ThreadSanitizer: data race /usr/include/c++/11/bits/stl_vector.h:919 in std::vector<double, std::allocator<double> >::size() const
==================
==================
WARNING: ThreadSanitizer: data race (pid=2)
  Read of size 8 at 0x7ffd2222e7e0 by thread T1:
    #0 std::vector<unsigned char, std::allocator<unsigned char> >::size() const /usr/include/c++/11/bits/stl_vector.h:919 (test_move_nodes_fast+0x43dc)
    #1 ValidatePartitionSize /home/stomo/WorkSpace/MyLeiden/QualityFunction.cpp:40 (test_move_nodes_fast+0x43dc)
    #2 BuildNeighborCommunityWeights(SimpleGraph const&, LeidenPartition const&, int, NeighborCommunityScratch&) /home/stomo/WorkSpace/MyLeiden/QualityFunction.cpp:170 (test_move_nodes_fast+0x63ac)
    #3 MoveNodesFastParallelStage4A(SimpleGraph const&, LeidenGraphStats const&, LeidenPartition, QualityFunction const&, unsigned long, unsigned long, LeidenOptions const*) [clone ._omp_fn.0] /home/stomo/WorkSpace/MyLeiden/Leiden.cpp:1191 (test_move_nodes_fast+0xc5d4)
    #4 <null> <null> (libgomp.so.1+0x1dc0d)

  Previous write of size 8 at 0x7ffd2222e7e0 by main thread:
    #0 std::_Vector_base<double, std::allocator<double> >::_Vector_impl_data::_Vector_impl_data() /usr/include/c++/11/bits/stl_vector.h:98 (test_move_nodes_fast+0xc8f4)
    #1 std::_Vector_base<double, std::allocator<double> >::_Vector_impl::_Vector_impl() /usr/include/c++/11/bits/stl_vector.h:133 (test_move_nodes_fast+0xc8f4)
    #2 std::_Vector_base<double, std::allocator<double> >::_Vector_base() /usr/include/c++/11/bits/stl_vector.h:288 (test_move_nodes_fast+0xc8f4)
    #3 std::vector<double, std::allocator<double> >::vector() /usr/include/c++/11/bits/stl_vector.h:487 (test_move_nodes_fast+0xc8f4)
    #4 LeidenPartition::LeidenPartition() /home/stomo/WorkSpace/MyLeiden/LeidenTypes.hpp:21 (test_move_nodes_fast+0xc8f4)
    #5 MoveNodesFastResult::MoveNodesFastResult() /home/stomo/WorkSpace/MyLeiden/Leiden.hpp:11 (test_move_nodes_fast+0xc8f4)
    #6 MoveNodesFastParallelStage4A(SimpleGraph const&, LeidenGraphStats const&, LeidenPartition, QualityFunction const&, unsigned long, unsigned long, LeidenOptions const*) /home/stomo/WorkSpace/MyLeiden/Leiden.cpp:1138 (test_move_nodes_fast+0xc8f4)
    #7 RunStage4AAndCheck tests/test_move_nodes_fast.cpp:201 (test_move_nodes_fast+0x2b4c1)
    #8 TestStage4ABasicAndEdgeCases tests/test_move_nodes_fast.cpp:495 (test_move_nodes_fast+0x2bc7e)
    #9 main tests/test_move_nodes_fast.cpp:674 (test_move_nodes_fast+0x2e2c8)

  Location is stack of main thread.

  Location is global '<null>' at 0x000000000000 ([stack]+0x00000001f7e0)

  Thread T1 (tid=4, running) created by main thread at:
    #0 pthread_create ../../../../src/libsanitizer/tsan/tsan_interceptors_posix.cpp:969 (libtsan.so.0+0x605b8)
    #1 <null> <null> (libgomp.so.1+0x1e25f)
    #2 RunStage4AAndCheck tests/test_move_nodes_fast.cpp:201 (test_move_nodes_fast+0x2b4c1)
    #3 TestStage4ABasicAndEdgeCases tests/test_move_nodes_fast.cpp:464 (test_move_nodes_fast+0x2b7d4)
    #4 main tests/test_move_nodes_fast.cpp:674 (test_move_nodes_fast+0x2e2c8)

SUMMARY: ThreadSanitizer: data race /usr/include/c++/11/bits/stl_vector.h:919 in std::vector<unsigned char, std::allocator<unsigned char> >::size() const
==================
==================
WARNING: ThreadSanitizer: data race (pid=2)
  Read of size 4 at 0x7ffd2222e7f8 by thread T1:
    #0 ValidatePartitionSize /home/stomo/WorkSpace/MyLeiden/QualityFunction.cpp:43 (test_move_nodes_fast+0x43ee)
    #1 BuildNeighborCommunityWeights(SimpleGraph const&, LeidenPartition const&, int, NeighborCommunityScratch&) /home/stomo/WorkSpace/MyLeiden/QualityFunction.cpp:170 (test_move_nodes_fast+0x63ac)
    #2 MoveNodesFastParallelStage4A(SimpleGraph const&, LeidenGraphStats const&, LeidenPartition, QualityFunction const&, unsigned long, unsigned long, LeidenOptions const*) [clone ._omp_fn.0] /home/stomo/WorkSpace/MyLeiden/Leiden.cpp:1191 (test_move_nodes_fast+0xc5d4)
    #3 <null> <null> (libgomp.so.1+0x1dc0d)

  Previous write of size 8 at 0x7ffd2222e7f8 by main thread:
    #0 std::_Vector_base<double, std::allocator<double> >::_Vector_impl_data::_Vector_impl_data() /usr/include/c++/11/bits/stl_vector.h:98 (test_move_nodes_fast+0xc927)
    #1 std::_Vector_base<double, std::allocator<double> >::_Vector_impl::_Vector_impl() /usr/include/c++/11/bits/stl_vector.h:133 (test_move_nodes_fast+0xc927)
    #2 std::_Vector_base<double, std::allocator<double> >::_Vector_base() /usr/include/c++/11/bits/stl_vector.h:288 (test_move_nodes_fast+0xc927)
    #3 std::vector<double, std::allocator<double> >::vector() /usr/include/c++/11/bits/stl_vector.h:487 (test_move_nodes_fast+0xc927)
    #4 LeidenPartition::LeidenPartition() /home/stomo/WorkSpace/MyLeiden/LeidenTypes.hpp:21 (test_move_nodes_fast+0xc927)
    #5 MoveNodesFastResult::MoveNodesFastResult() /home/stomo/WorkSpace/MyLeiden/Leiden.hpp:11 (test_move_nodes_fast+0xc927)
    #6 MoveNodesFastParallelStage4A(SimpleGraph const&, LeidenGraphStats const&, LeidenPartition, QualityFunction const&, unsigned long, unsigned long, LeidenOptions const*) /home/stomo/WorkSpace/MyLeiden/Leiden.cpp:1138 (test_move_nodes_fast+0xc927)
    #7 RunStage4AAndCheck tests/test_move_nodes_fast.cpp:201 (test_move_nodes_fast+0x2b4c1)
    #8 TestStage4ABasicAndEdgeCases tests/test_move_nodes_fast.cpp:495 (test_move_nodes_fast+0x2bc7e)
    #9 main tests/test_move_nodes_fast.cpp:674 (test_move_nodes_fast+0x2e2c8)

  Location is stack of main thread.

  Location is global '<null>' at 0x000000000000 ([stack]+0x00000001f7f8)

  Thread T1 (tid=4, running) created by main thread at:
    #0 pthread_create ../../../../src/libsanitizer/tsan/tsan_interceptors_posix.cpp:969 (libtsan.so.0+0x605b8)
    #1 <null> <null> (libgomp.so.1+0x1e25f)
    #2 RunStage4AAndCheck tests/test_move_nodes_fast.cpp:201 (test_move_nodes_fast+0x2b4c1)
    #3 TestStage4ABasicAndEdgeCases tests/test_move_nodes_fast.cpp:464 (test_move_nodes_fast+0x2b7d4)
    #4 main tests/test_move_nodes_fast.cpp:674 (test_move_nodes_fast+0x2e2c8)

SUMMARY: ThreadSanitizer: data race /home/stomo/WorkSpace/MyLeiden/QualityFunction.cpp:43 in ValidatePartitionSize
==================
==================
WARNING: ThreadSanitizer: data race (pid=2)
  Read of size 8 at 0x7ffd2222e628 by thread T1:
    #0 std::vector<std::vector<Edge, std::allocator<Edge> >, std::allocator<std::vector<Edge, std::allocator<Edge> > > >::operator[](unsigned long) const /usr/include/c++/11/bits/stl_vector.h:1064 (test_move_nodes_fast+0x64bc)
    #1 BuildNeighborCommunityWeights(SimpleGraph const&, LeidenPartition const&, int, NeighborCommunityScratch&) /home/stomo/WorkSpace/MyLeiden/QualityFunction.cpp:186 (test_move_nodes_fast+0x64bc)
    #2 MoveNodesFastParallelStage4A(SimpleGraph const&, LeidenGraphStats const&, LeidenPartition, QualityFunction const&, unsigned long, unsigned long, LeidenOptions const*) [clone ._omp_fn.0] /home/stomo/WorkSpace/MyLeiden/Leiden.cpp:1191 (test_move_nodes_fast+0xc5d4)
    #3 <null> <null> (libgomp.so.1+0x1dc0d)

  Previous write of size 8 at 0x7ffd2222e628 by main thread:
    #0 std::_Vector_base<double, std::allocator<double> >::_Vector_impl_data::_Vector_impl_data() /usr/include/c++/11/bits/stl_vector.h:98 (test_move_nodes_fast+0xc8e3)
    #1 std::_Vector_base<double, std::allocator<double> >::_Vector_impl::_Vector_impl() /usr/include/c++/11/bits/stl_vector.h:133 (test_move_nodes_fast+0xc8e3)
    #2 std::_Vector_base<double, std::allocator<double> >::_Vector_base() /usr/include/c++/11/bits/stl_vector.h:288 (test_move_nodes_fast+0xc8e3)
    #3 std::vector<double, std::allocator<double> >::vector() /usr/include/c++/11/bits/stl_vector.h:487 (test_move_nodes_fast+0xc8e3)
    #4 LeidenPartition::LeidenPartition() /home/stomo/WorkSpace/MyLeiden/LeidenTypes.hpp:21 (test_move_nodes_fast+0xc8e3)
    #5 MoveNodesFastResult::MoveNodesFastResult() /home/stomo/WorkSpace/MyLeiden/Leiden.hpp:11 (test_move_nodes_fast+0xc8e3)
    #6 MoveNodesFastParallelStage4A(SimpleGraph const&, LeidenGraphStats const&, LeidenPartition, QualityFunction const&, unsigned long, unsigned long, LeidenOptions const*) /home/stomo/WorkSpace/MyLeiden/Leiden.cpp:1138 (test_move_nodes_fast+0xc8e3)
    #7 RunStage4AAndCheck tests/test_move_nodes_fast.cpp:201 (test_move_nodes_fast+0x2b4c1)
    #8 TestStage4ABasicAndEdgeCases tests/test_move_nodes_fast.cpp:482 (test_move_nodes_fast+0x2baf2)
    #9 main tests/test_move_nodes_fast.cpp:674 (test_move_nodes_fast+0x2e2c8)

  Location is stack of main thread.

  Location is global '<null>' at 0x000000000000 ([stack]+0x00000001f628)

  Thread T1 (tid=4, running) created by main thread at:
    #0 pthread_create ../../../../src/libsanitizer/tsan/tsan_interceptors_posix.cpp:969 (libtsan.so.0+0x605b8)
    #1 <null> <null> (libgomp.so.1+0x1e25f)
    #2 RunStage4AAndCheck tests/test_move_nodes_fast.cpp:201 (test_move_nodes_fast+0x2b4c1)
    #3 TestStage4ABasicAndEdgeCases tests/test_move_nodes_fast.cpp:464 (test_move_nodes_fast+0x2b7d4)
    #4 main tests/test_move_nodes_fast.cpp:674 (test_move_nodes_fast+0x2e2c8)

SUMMARY: ThreadSanitizer: data race /usr/include/c++/11/bits/stl_vector.h:1064 in std::vector<std::vector<Edge, std::allocator<Edge> >, std::allocator<std::vector<Edge, std::allocator<Edge> > > >::operator[](unsigned long) const
==================
==================
WARNING: ThreadSanitizer: data race (pid=2)
  Read of size 8 at 0x7ffd2222e5f0 by thread T1:
    #0 MoveNodesFastParallelStage4A(SimpleGraph const&, LeidenGraphStats const&, LeidenPartition, QualityFunction const&, unsigned long, unsigned long, LeidenOptions const*) [clone ._omp_fn.0] /home/stomo/WorkSpace/MyLeiden/Leiden.cpp:1206 (test_move_nodes_fast+0xc31e)
    #1 <null> <null> (libgomp.so.1+0x1dc0d)

  Previous write of size 8 at 0x7ffd2222e5f0 by main thread:
    #0 std::_Vector_base<int, std::allocator<int> >::_Vector_impl_data::_Vector_impl_data() /usr/include/c++/11/bits/stl_vector.h:98 (test_move_nodes_fast+0xc86d)
    #1 std::_Vector_base<int, std::allocator<int> >::_Vector_impl::_Vector_impl() /usr/include/c++/11/bits/stl_vector.h:133 (test_move_nodes_fast+0xc86d)
    #2 std::_Vector_base<int, std::allocator<int> >::_Vector_base() /usr/include/c++/11/bits/stl_vector.h:288 (test_move_nodes_fast+0xc86d)
    #3 std::vector<int, std::allocator<int> >::vector() /usr/include/c++/11/bits/stl_vector.h:487 (test_move_nodes_fast+0xc86d)
    #4 LeidenPartition::LeidenPartition() /home/stomo/WorkSpace/MyLeiden/LeidenTypes.hpp:21 (test_move_nodes_fast+0xc86d)
    #5 MoveNodesFastResult::MoveNodesFastResult() /home/stomo/WorkSpace/MyLeiden/Leiden.hpp:11 (test_move_nodes_fast+0xc86d)
    #6 MoveNodesFastParallelStage4A(SimpleGraph const&, LeidenGraphStats const&, LeidenPartition, QualityFunction const&, unsigned long, unsigned long, LeidenOptions const*) /home/stomo/WorkSpace/MyLeiden/Leiden.cpp:1138 (test_move_nodes_fast+0xc86d)
    #7 RunStage4AAndCheck tests/test_move_nodes_fast.cpp:201 (test_move_nodes_fast+0x2b4c1)
    #8 TestStage4ABasicAndEdgeCases tests/test_move_nodes_fast.cpp:482 (test_move_nodes_fast+0x2baf2)
    #9 main tests/test_move_nodes_fast.cpp:674 (test_move_nodes_fast+0x2e2c8)

  Location is stack of main thread.

  Location is global '<null>' at 0x000000000000 ([stack]+0x00000001f5f0)

  Thread T1 (tid=4, running) created by main thread at:
    #0 pthread_create ../../../../src/libsanitizer/tsan/tsan_interceptors_posix.cpp:969 (libtsan.so.0+0x605b8)
    #1 <null> <null> (libgomp.so.1+0x1e25f)
    #2 RunStage4AAndCheck tests/test_move_nodes_fast.cpp:201 (test_move_nodes_fast+0x2b4c1)
    #3 TestStage4ABasicAndEdgeCases tests/test_move_nodes_fast.cpp:464 (test_move_nodes_fast+0x2b7d4)
    #4 main tests/test_move_nodes_fast.cpp:674 (test_move_nodes_fast+0x2e2c8)

SUMMARY: ThreadSanitizer: data race /home/stomo/WorkSpace/MyLeiden/Leiden.cpp:1206 in MoveNodesFastParallelStage4A(SimpleGraph const&, LeidenGraphStats const&, LeidenPartition, QualityFunction const&, unsigned long, unsigned long, LeidenOptions const*) [clone ._omp_fn.0]
==================
==================
WARNING: ThreadSanitizer: data race (pid=2)
  Read of size 8 at 0x7ffd2222e528 by thread T1:
    #0 MoveNodesFastParallelStage4A(SimpleGraph const&, LeidenGraphStats const&, LeidenPartition, QualityFunction const&, unsigned long, unsigned long, LeidenOptions const*) [clone ._omp_fn.0] /home/stomo/WorkSpace/MyLeiden/Leiden.cpp:1206 (test_move_nodes_fast+0xc35e)
    #1 <null> <null> (libgomp.so.1+0x1dc0d)

  Previous write of size 8 at 0x7ffd2222e528 by main thread:
    #0 std::_Vector_base<double, std::allocator<double> >::_Vector_impl_data::_Vector_impl_data() /usr/include/c++/11/bits/stl_vector.h:98 (test_move_nodes_fast+0xc927)
    #1 std::_Vector_base<double, std::allocator<double> >::_Vector_impl::_Vector_impl() /usr/include/c++/11/bits/stl_vector.h:133 (test_move_nodes_fast+0xc927)
    #2 std::_Vector_base<double, std::allocator<double> >::_Vector_base() /usr/include/c++/11/bits/stl_vector.h:288 (test_move_nodes_fast+0xc927)
    #3 std::vector<double, std::allocator<double> >::vector() /usr/include/c++/11/bits/stl_vector.h:487 (test_move_nodes_fast+0xc927)
    #4 LeidenPartition::LeidenPartition() /home/stomo/WorkSpace/MyLeiden/LeidenTypes.hpp:21 (test_move_nodes_fast+0xc927)
    #5 MoveNodesFastResult::MoveNodesFastResult() /home/stomo/WorkSpace/MyLeiden/Leiden.hpp:11 (test_move_nodes_fast+0xc927)
    #6 MoveNodesFastParallelStage4A(SimpleGraph const&, LeidenGraphStats const&, LeidenPartition, QualityFunction const&, unsigned long, unsigned long, LeidenOptions const*) /home/stomo/WorkSpace/MyLeiden/Leiden.cpp:1138 (test_move_nodes_fast+0xc927)
    #7 RunStage4AAndCheck tests/test_move_nodes_fast.cpp:201 (test_move_nodes_fast+0x2b4c1)
    #8 TestStage4ABasicAndEdgeCases tests/test_move_nodes_fast.cpp:474 (test_move_nodes_fast+0x2b9bb)
    #9 main tests/test_move_nodes_fast.cpp:674 (test_move_nodes_fast+0x2e2c8)

  Location is stack of main thread.

  Location is global '<null>' at 0x000000000000 ([stack]+0x00000001f528)

  Thread T1 (tid=4, running) created by main thread at:
    #0 pthread_create ../../../../src/libsanitizer/tsan/tsan_interceptors_posix.cpp:969 (libtsan.so.0+0x605b8)
    #1 <null> <null> (libgomp.so.1+0x1e25f)
    #2 RunStage4AAndCheck tests/test_move_nodes_fast.cpp:201 (test_move_nodes_fast+0x2b4c1)
    #3 TestStage4ABasicAndEdgeCases tests/test_move_nodes_fast.cpp:464 (test_move_nodes_fast+0x2b7d4)
    #4 main tests/test_move_nodes_fast.cpp:674 (test_move_nodes_fast+0x2e2c8)

SUMMARY: ThreadSanitizer: data race /home/stomo/WorkSpace/MyLeiden/Leiden.cpp:1206 in MoveNodesFastParallelStage4A(SimpleGraph const&, LeidenGraphStats const&, LeidenPartition, QualityFunction const&, unsigned long, unsigned long, LeidenOptions const*) [clone ._omp_fn.0]
==================
==================
WARNING: ThreadSanitizer: data race (pid=2)
  Read of size 8 at 0x7ffd2222e658 by thread T1:
    #0 std::vector<double, std::allocator<double> >::size() const /usr/include/c++/11/bits/stl_vector.h:919 (test_move_nodes_fast+0x4563)
    #1 ValidateStatsPartitionVertex /home/stomo/WorkSpace/MyLeiden/QualityFunction.cpp:54 (test_move_nodes_fast+0x4563)
    #2 ModularityQualityFunction::deltaMoveFromWeights(LeidenGraphStats const&, LeidenPartition const&, int, int, double, double) const /home/stomo/WorkSpace/MyLeiden/QualityFunction.cpp:706 (test_move_nodes_fast+0x49bd)
    #3 MoveNodesFastParallelStage4A(SimpleGraph const&, LeidenGraphStats const&, LeidenPartition, QualityFunction const&, unsigned long, unsigned long, LeidenOptions const*) [clone ._omp_fn.0] /home/stomo/WorkSpace/MyLeiden/Leiden.cpp:1206 (test_move_nodes_fast+0xc39e)
    #4 <null> <null> (libgomp.so.1+0x1dc0d)

  Previous write of size 8 at 0x7ffd2222e658 by main thread:
    #0 std::_Vector_base<unsigned char, std::allocator<unsigned char> >::_Vector_impl_data::_Vector_impl_data() /usr/include/c++/11/bits/stl_vector.h:98 (test_move_nodes_fast+0xc949)
    #1 std::_Vector_base<unsigned char, std::allocator<unsigned char> >::_Vector_impl::_Vector_impl() /usr/include/c++/11/bits/stl_vector.h:133 (test_move_nodes_fast+0xc949)
    #2 std::_Vector_base<unsigned char, std::allocator<unsigned char> >::_Vector_base() /usr/include/c++/11/bits/stl_vector.h:288 (test_move_nodes_fast+0xc949)
    #3 std::vector<unsigned char, std::allocator<unsigned char> >::vector() /usr/include/c++/11/bits/stl_vector.h:487 (test_move_nodes_fast+0xc949)
    #4 LeidenPartition::LeidenPartition() /home/stomo/WorkSpace/MyLeiden/LeidenTypes.hpp:21 (test_move_nodes_fast+0xc949)
    #5 MoveNodesFastResult::MoveNodesFastResult() /home/stomo/WorkSpace/MyLeiden/Leiden.hpp:11 (test_move_nodes_fast+0xc949)
    #6 MoveNodesFastParallelStage4A(SimpleGraph const&, LeidenGraphStats const&, LeidenPartition, QualityFunction const&, unsigned long, unsigned long, LeidenOptions const*) /home/stomo/WorkSpace/MyLeiden/Leiden.cpp:1138 (test_move_nodes_fast+0xc949)
    #7 RunStage4AAndCheck tests/test_move_nodes_fast.cpp:201 (test_move_nodes_fast+0x2b4c1)
    #8 TestStage4ABasicAndEdgeCases tests/test_move_nodes_fast.cpp:482 (test_move_nodes_fast+0x2baf2)
    #9 main tests/test_move_nodes_fast.cpp:674 (test_move_nodes_fast+0x2e2c8)

  Location is stack of main thread.

  Location is global '<null>' at 0x000000000000 ([stack]+0x00000001f658)

  Thread T1 (tid=4, running) created by main thread at:
    #0 pthread_create ../../../../src/libsanitizer/tsan/tsan_interceptors_posix.cpp:969 (libtsan.so.0+0x605b8)
    #1 <null> <null> (libgomp.so.1+0x1e25f)
    #2 RunStage4AAndCheck tests/test_move_nodes_fast.cpp:201 (test_move_nodes_fast+0x2b4c1)
    #3 TestStage4ABasicAndEdgeCases tests/test_move_nodes_fast.cpp:464 (test_move_nodes_fast+0x2b7d4)
    #4 main tests/test_move_nodes_fast.cpp:674 (test_move_nodes_fast+0x2e2c8)

SUMMARY: ThreadSanitizer: data race /usr/include/c++/11/bits/stl_vector.h:919 in std::vector<double, std::allocator<double> >::size() const
==================
==================
WARNING: ThreadSanitizer: data race (pid=2)
  Read of size 8 at 0x7ffd2222e670 by thread T1:
    #0 ModularityQualityFunction::deltaMoveFromWeights(LeidenGraphStats const&, LeidenPartition const&, int, int, double, double) const /home/stomo/WorkSpace/MyLeiden/QualityFunction.cpp:710 (test_move_nodes_fast+0x49d0)
    #1 MoveNodesFastParallelStage4A(SimpleGraph const&, LeidenGraphStats const&, LeidenPartition, QualityFunction const&, unsigned long, unsigned long, LeidenOptions const*) [clone ._omp_fn.0] /home/stomo/WorkSpace/MyLeiden/Leiden.cpp:1206 (test_move_nodes_fast+0xc39e)
    #2 <null> <null> (libgomp.so.1+0x1dc0d)

  Previous write of size 8 at 0x7ffd2222e670 by main thread:
    #0 MoveNodesFastResult::MoveNodesFastResult() /home/stomo/WorkSpace/MyLeiden/Leiden.hpp:11 (test_move_nodes_fast+0xc989)
    #1 MoveNodesFastParallelStage4A(SimpleGraph const&, LeidenGraphStats const&, LeidenPartition, QualityFunction const&, unsigned long, unsigned long, LeidenOptions const*) /home/stomo/WorkSpace/MyLeiden/Leiden.cpp:1138 (test_move_nodes_fast+0xc989)
    #2 RunStage4AAndCheck tests/test_move_nodes_fast.cpp:201 (test_move_nodes_fast+0x2b4c1)
    #3 TestStage4ABasicAndEdgeCases tests/test_move_nodes_fast.cpp:482 (test_move_nodes_fast+0x2baf2)
    #4 main tests/test_move_nodes_fast.cpp:674 (test_move_nodes_fast+0x2e2c8)

  Location is stack of main thread.

  Location is global '<null>' at 0x000000000000 ([stack]+0x00000001f670)

  Thread T1 (tid=4, running) created by main thread at:
    #0 pthread_create ../../../../src/libsanitizer/tsan/tsan_interceptors_posix.cpp:969 (libtsan.so.0+0x605b8)
    #1 <null> <null> (libgomp.so.1+0x1e25f)
    #2 RunStage4AAndCheck tests/test_move_nodes_fast.cpp:201 (test_move_nodes_fast+0x2b4c1)
    #3 TestStage4ABasicAndEdgeCases tests/test_move_nodes_fast.cpp:464 (test_move_nodes_fast+0x2b7d4)
    #4 main tests/test_move_nodes_fast.cpp:674 (test_move_nodes_fast+0x2e2c8)

SUMMARY: ThreadSanitizer: data race /home/stomo/WorkSpace/MyLeiden/QualityFunction.cpp:710 in ModularityQualityFunction::deltaMoveFromWeights(LeidenGraphStats const&, LeidenPartition const&, int, int, double, double) const
==================
==================
WARNING: ThreadSanitizer: data race (pid=2)
  Read of size 8 at 0x7b0c00000270 by thread T1:
    #0 ModularityQualityFunction::deltaMoveFromWeights(LeidenGraphStats const&, LeidenPartition const&, int, int, double, double) const /home/stomo/WorkSpace/MyLeiden/QualityFunction.cpp:721 (test_move_nodes_fast+0x4a5b)
    #1 MoveNodesFastParallelStage4A(SimpleGraph const&, LeidenGraphStats const&, LeidenPartition, QualityFunction const&, unsigned long, unsigned long, LeidenOptions const*) [clone ._omp_fn.0] /home/stomo/WorkSpace/MyLeiden/Leiden.cpp:1206 (test_move_nodes_fast+0xc39e)
    #2 <null> <null> (libgomp.so.1+0x1dc0d)

  Previous write of size 8 at 0x7b0c00000270 by main thread:
    #0 operator new(unsigned long) ../../../../src/libsanitizer/tsan/tsan_new_delete.cpp:64 (libtsan.so.0+0x8f162)
    #1 __gnu_cxx::new_allocator<double>::allocate(unsigned long, void const*) /usr/include/c++/11/ext/new_allocator.h:127 (test_move_nodes_fast+0x2e920)
    #2 std::allocator_traits<std::allocator<double> >::allocate(std::allocator<double>&, unsigned long) /usr/include/c++/11/bits/alloc_traits.h:464 (test_move_nodes_fast+0x2e920)
    #3 std::_Vector_base<double, std::allocator<double> >::_M_allocate(unsigned long) /usr/include/c++/11/bits/stl_vector.h:346 (test_move_nodes_fast+0x2e920)
    #4 std::_Vector_base<double, std::allocator<double> >::_M_create_storage(unsigned long) /usr/include/c++/11/bits/stl_vector.h:361 (test_move_nodes_fast+0x2e920)
    #5 std::_Vector_base<double, std::allocator<double> >::_Vector_base(unsigned long, std::allocator<double> const&) /usr/include/c++/11/bits/stl_vector.h:305 (test_move_nodes_fast+0x2e920)
    #6 std::vector<double, std::allocator<double> >::vector(std::vector<double, std::allocator<double> > const&) /usr/include/c++/11/bits/stl_vector.h:555 (test_move_nodes_fast+0x2e920)
    #7 LeidenPartition::LeidenPartition(LeidenPartition const&) LeidenTypes.hpp:21 (test_move_nodes_fast+0x2e920)
    #8 TestStage4AThreadReproducibility tests/test_move_nodes_fast.cpp:532 (test_move_nodes_fast+0x2875d)
    #9 main tests/test_move_nodes_fast.cpp:676 (test_move_nodes_fast+0x2e2d2)

  Location is heap block of size 40 at 0x7b0c00000270 allocated by main thread:
    #0 operator new(unsigned long) ../../../../src/libsanitizer/tsan/tsan_new_delete.cpp:64 (libtsan.so.0+0x8f162)
    #1 __gnu_cxx::new_allocator<double>::allocate(unsigned long, void const*) /usr/include/c++/11/ext/new_allocator.h:127 (test_move_nodes_fast+0x2e920)
    #2 std::allocator_traits<std::allocator<double> >::allocate(std::allocator<double>&, unsigned long) /usr/include/c++/11/bits/alloc_traits.h:464 (test_move_nodes_fast+0x2e920)
    #3 std::_Vector_base<double, std::allocator<double> >::_M_allocate(unsigned long) /usr/include/c++/11/bits/stl_vector.h:346 (test_move_nodes_fast+0x2e920)
    #4 std::_Vector_base<double, std::allocator<double> >::_M_create_storage(unsigned long) /usr/include/c++/11/bits/stl_vector.h:361 (test_move_nodes_fast+0x2e920)
    #5 std::_Vector_base<double, std::allocator<double> >::_Vector_base(unsigned long, std::allocator<double> const&) /usr/include/c++/11/bits/stl_vector.h:305 (test_move_nodes_fast+0x2e920)
    #6 std::vector<double, std::allocator<double> >::vector(std::vector<double, std::allocator<double> > const&) /usr/include/c++/11/bits/stl_vector.h:555 (test_move_nodes_fast+0x2e920)
    #7 LeidenPartition::LeidenPartition(LeidenPartition const&) LeidenTypes.hpp:21 (test_move_nodes_fast+0x2e920)
    #8 TestStage4AThreadReproducibility tests/test_move_nodes_fast.cpp:532 (test_move_nodes_fast+0x2875d)
    #9 main tests/test_move_nodes_fast.cpp:676 (test_move_nodes_fast+0x2e2d2)

  Thread T1 (tid=4, running) created by main thread at:
    #0 pthread_create ../../../../src/libsanitizer/tsan/tsan_interceptors_posix.cpp:969 (libtsan.so.0+0x605b8)
    #1 <null> <null> (libgomp.so.1+0x1e25f)
    #2 RunStage4AAndCheck tests/test_move_nodes_fast.cpp:201 (test_move_nodes_fast+0x2b4c1)
    #3 TestStage4ABasicAndEdgeCases tests/test_move_nodes_fast.cpp:464 (test_move_nodes_fast+0x2b7d4)
    #4 main tests/test_move_nodes_fast.cpp:674 (test_move_nodes_fast+0x2e2c8)

SUMMARY: ThreadSanitizer: data race /home/stomo/WorkSpace/MyLeiden/QualityFunction.cpp:721 in ModularityQualityFunction::deltaMoveFromWeights(LeidenGraphStats const&, LeidenPartition const&, int, int, double, double) const
==================
==================
WARNING: ThreadSanitizer: data race (pid=2)
  Read of size 8 at 0x7b0c00000278 by thread T1:
    #0 ModularityQualityFunction::deltaMoveFromWeights(LeidenGraphStats const&, LeidenPartition const&, int, int, double, double) const /home/stomo/WorkSpace/MyLeiden/QualityFunction.cpp:724 (test_move_nodes_fast+0x4a9a)
    #1 MoveNodesFastParallelStage4A(SimpleGraph const&, LeidenGraphStats const&, LeidenPartition, QualityFunction const&, unsigned long, unsigned long, LeidenOptions const*) [clone ._omp_fn.0] /home/stomo/WorkSpace/MyLeiden/Leiden.cpp:1206 (test_move_nodes_fast+0xc39e)
    #2 <null> <null> (libgomp.so.1+0x1dc0d)

  Previous write of size 8 at 0x7b0c00000278 by main thread:
    #0 operator new(unsigned long) ../../../../src/libsanitizer/tsan/tsan_new_delete.cpp:64 (libtsan.so.0+0x8f162)
    #1 __gnu_cxx::new_allocator<double>::allocate(unsigned long, void const*) /usr/include/c++/11/ext/new_allocator.h:127 (test_move_nodes_fast+0x2e920)
    #2 std::allocator_traits<std::allocator<double> >::allocate(std::allocator<double>&, unsigned long) /usr/include/c++/11/bits/alloc_traits.h:464 (test_move_nodes_fast+0x2e920)
    #3 std::_Vector_base<double, std::allocator<double> >::_M_allocate(unsigned long) /usr/include/c++/11/bits/stl_vector.h:346 (test_move_nodes_fast+0x2e920)
    #4 std::_Vector_base<double, std::allocator<double> >::_M_create_storage(unsigned long) /usr/include/c++/11/bits/stl_vector.h:361 (test_move_nodes_fast+0x2e920)
    #5 std::_Vector_base<double, std::allocator<double> >::_Vector_base(unsigned long, std::allocator<double> const&) /usr/include/c++/11/bits/stl_vector.h:305 (test_move_nodes_fast+0x2e920)
    #6 std::vector<double, std::allocator<double> >::vector(std::vector<double, std::allocator<double> > const&) /usr/include/c++/11/bits/stl_vector.h:555 (test_move_nodes_fast+0x2e920)
    #7 LeidenPartition::LeidenPartition(LeidenPartition const&) LeidenTypes.hpp:21 (test_move_nodes_fast+0x2e920)
    #8 TestStage4AThreadReproducibility tests/test_move_nodes_fast.cpp:532 (test_move_nodes_fast+0x2875d)
    #9 main tests/test_move_nodes_fast.cpp:676 (test_move_nodes_fast+0x2e2d2)

  Location is heap block of size 40 at 0x7b0c00000270 allocated by main thread:
    #0 operator new(unsigned long) ../../../../src/libsanitizer/tsan/tsan_new_delete.cpp:64 (libtsan.so.0+0x8f162)
    #1 __gnu_cxx::new_allocator<double>::allocate(unsigned long, void const*) /usr/include/c++/11/ext/new_allocator.h:127 (test_move_nodes_fast+0x2e920)
    #2 std::allocator_traits<std::allocator<double> >::allocate(std::allocator<double>&, unsigned long) /usr/include/c++/11/bits/alloc_traits.h:464 (test_move_nodes_fast+0x2e920)
    #3 std::_Vector_base<double, std::allocator<double> >::_M_allocate(unsigned long) /usr/include/c++/11/bits/stl_vector.h:346 (test_move_nodes_fast+0x2e920)
    #4 std::_Vector_base<double, std::allocator<double> >::_M_create_storage(unsigned long) /usr/include/c++/11/bits/stl_vector.h:361 (test_move_nodes_fast+0x2e920)
    #5 std::_Vector_base<double, std::allocator<double> >::_Vector_base(unsigned long, std::allocator<double> const&) /usr/include/c++/11/bits/stl_vector.h:305 (test_move_nodes_fast+0x2e920)
    #6 std::vector<double, std::allocator<double> >::vector(std::vector<double, std::allocator<double> > const&) /usr/include/c++/11/bits/stl_vector.h:555 (test_move_nodes_fast+0x2e920)
    #7 LeidenPartition::LeidenPartition(LeidenPartition const&) LeidenTypes.hpp:21 (test_move_nodes_fast+0x2e920)
    #8 TestStage4AThreadReproducibility tests/test_move_nodes_fast.cpp:532 (test_move_nodes_fast+0x2875d)
    #9 main tests/test_move_nodes_fast.cpp:676 (test_move_nodes_fast+0x2e2d2)

  Thread T1 (tid=4, running) created by main thread at:
    #0 pthread_create ../../../../src/libsanitizer/tsan/tsan_interceptors_posix.cpp:969 (libtsan.so.0+0x605b8)
    #1 <null> <null> (libgomp.so.1+0x1e25f)
    #2 RunStage4AAndCheck tests/test_move_nodes_fast.cpp:201 (test_move_nodes_fast+0x2b4c1)
    #3 TestStage4ABasicAndEdgeCases tests/test_move_nodes_fast.cpp:464 (test_move_nodes_fast+0x2b7d4)
    #4 main tests/test_move_nodes_fast.cpp:674 (test_move_nodes_fast+0x2e2c8)

SUMMARY: ThreadSanitizer: data race /home/stomo/WorkSpace/MyLeiden/QualityFunction.cpp:724 in ModularityQualityFunction::deltaMoveFromWeights(LeidenGraphStats const&, LeidenPartition const&, int, int, double, double) const
==================
==================
WARNING: ThreadSanitizer: data race (pid=2)
  Read of size 8 at 0x7ffd2222e5f8 by thread T1:
    #0 ModularityQualityFunction::deltaMoveFromWeights(LeidenGraphStats const&, LeidenPartition const&, int, int, double, double) const /home/stomo/WorkSpace/MyLeiden/QualityFunction.cpp:728 (test_move_nodes_fast+0x4aaa)
    #1 MoveNodesFastParallelStage4A(SimpleGraph const&, LeidenGraphStats const&, LeidenPartition, QualityFunction const&, unsigned long, unsigned long, LeidenOptions const*) [clone ._omp_fn.0] /home/stomo/WorkSpace/MyLeiden/Leiden.cpp:1206 (test_move_nodes_fast+0xc39e)
    #2 <null> <null> (libgomp.so.1+0x1dc0d)

  Previous write of size 8 at 0x7ffd2222e5f8 by main thread:
    #0 std::_Vector_base<int, std::allocator<int> >::_Vector_impl_data::_Vector_impl_data() /usr/include/c++/11/bits/stl_vector.h:98 (test_move_nodes_fast+0xc87d)
    #1 std::_Vector_base<int, std::allocator<int> >::_Vector_impl::_Vector_impl() /usr/include/c++/11/bits/stl_vector.h:133 (test_move_nodes_fast+0xc87d)
    #2 std::_Vector_base<int, std::allocator<int> >::_Vector_base() /usr/include/c++/11/bits/stl_vector.h:288 (test_move_nodes_fast+0xc87d)
    #3 std::vector<int, std::allocator<int> >::vector() /usr/include/c++/11/bits/stl_vector.h:487 (test_move_nodes_fast+0xc87d)
    #4 LeidenPartition::LeidenPartition() /home/stomo/WorkSpace/MyLeiden/LeidenTypes.hpp:21 (test_move_nodes_fast+0xc87d)
    #5 MoveNodesFastResult::MoveNodesFastResult() /home/stomo/WorkSpace/MyLeiden/Leiden.hpp:11 (test_move_nodes_fast+0xc87d)
    #6 MoveNodesFastParallelStage4A(SimpleGraph const&, LeidenGraphStats const&, LeidenPartition, QualityFunction const&, unsigned long, unsigned long, LeidenOptions const*) /home/stomo/WorkSpace/MyLeiden/Leiden.cpp:1138 (test_move_nodes_fast+0xc87d)
    #7 RunStage4AAndCheck tests/test_move_nodes_fast.cpp:201 (test_move_nodes_fast+0x2b4c1)
    #8 TestStage4ABasicAndEdgeCases tests/test_move_nodes_fast.cpp:482 (test_move_nodes_fast+0x2baf2)
    #9 main tests/test_move_nodes_fast.cpp:674 (test_move_nodes_fast+0x2e2c8)

  Location is stack of main thread.

  Location is global '<null>' at 0x000000000000 ([stack]+0x00000001f5f8)

  Thread T1 (tid=4, running) created by main thread at:
    #0 pthread_create ../../../../src/libsanitizer/tsan/tsan_interceptors_posix.cpp:969 (libtsan.so.0+0x605b8)
    #1 <null> <null> (libgomp.so.1+0x1e25f)
    #2 RunStage4AAndCheck tests/test_move_nodes_fast.cpp:201 (test_move_nodes_fast+0x2b4c1)
    #3 TestStage4ABasicAndEdgeCases tests/test_move_nodes_fast.cpp:464 (test_move_nodes_fast+0x2b7d4)
    #4 main tests/test_move_nodes_fast.cpp:674 (test_move_nodes_fast+0x2e2c8)

SUMMARY: ThreadSanitizer: data race /home/stomo/WorkSpace/MyLeiden/QualityFunction.cpp:728 in ModularityQualityFunction::deltaMoveFromWeights(LeidenGraphStats const&, LeidenPartition const&, int, int, double, double) const
==================
==================
WARNING: ThreadSanitizer: data race (pid=2)
  Read of size 8 at 0x7ffd2222e4c0 by thread T1:
    #0 operator[] /usr/include/c++/11/bits/stl_vector.h:1046 (test_move_nodes_fast+0xc46c)
    #1 MoveNodesFastParallelStage4A(SimpleGraph const&, LeidenGraphStats const&, LeidenPartition, QualityFunction const&, unsigned long, unsigned long, LeidenOptions const*) [clone ._omp_fn.0] /home/stomo/WorkSpace/MyLeiden/Leiden.cpp:1245 (test_move_nodes_fast+0xc46c)
    #2 <null> <null> (libgomp.so.1+0x1dc0d)

  Previous write of size 8 at 0x7ffd2222e4c0 by main thread:
    #0 MoveNodesFastResult::MoveNodesFastResult() /home/stomo/WorkSpace/MyLeiden/Leiden.hpp:11 (test_move_nodes_fast+0xc989)
    #1 MoveNodesFastParallelStage4A(SimpleGraph const&, LeidenGraphStats const&, LeidenPartition, QualityFunction const&, unsigned long, unsigned long, LeidenOptions const*) /home/stomo/WorkSpace/MyLeiden/Leiden.cpp:1138 (test_move_nodes_fast+0xc989)
    #2 RunStage4AAndCheck tests/test_move_nodes_fast.cpp:201 (test_move_nodes_fast+0x2b4c1)
    #3 TestStage4ABasicAndEdgeCases tests/test_move_nodes_fast.cpp:472 (test_move_nodes_fast+0x2b94b)
    #4 main tests/test_move_nodes_fast.cpp:674 (test_move_nodes_fast+0x2e2c8)

  Location is stack of main thread.

  Location is global '<null>' at 0x000000000000 ([stack]+0x00000001f4c0)

  Thread T1 (tid=4, running) created by main thread at:
    #0 pthread_create ../../../../src/libsanitizer/tsan/tsan_interceptors_posix.cpp:969 (libtsan.so.0+0x605b8)
    #1 <null> <null> (libgomp.so.1+0x1e25f)
    #2 RunStage4AAndCheck tests/test_move_nodes_fast.cpp:201 (test_move_nodes_fast+0x2b4c1)
    #3 TestStage4ABasicAndEdgeCases tests/test_move_nodes_fast.cpp:464 (test_move_nodes_fast+0x2b7d4)
    #4 main tests/test_move_nodes_fast.cpp:674 (test_move_nodes_fast+0x2e2c8)

SUMMARY: ThreadSanitizer: data race /usr/include/c++/11/bits/stl_vector.h:1046 in operator[]
==================
==================
WARNING: ThreadSanitizer: data race (pid=2)
  Read of size 4 at 0x7b0800000120 by thread T5:
    #0 MoveNodesFastParallelStage4A(SimpleGraph const&, LeidenGraphStats const&, LeidenPartition, QualityFunction const&, unsigned long, unsigned long, LeidenOptions const*) [clone ._omp_fn.0] /home/stomo/WorkSpace/MyLeiden/Leiden.cpp:1187 (test_move_nodes_fast+0xc598)
    #1 <null> <null> (libgomp.so.1+0x1dc0d)

  Previous write of size 8 at 0x7b0800000120 by main thread:
    #0 operator new(unsigned long) ../../../../src/libsanitizer/tsan/tsan_new_delete.cpp:64 (libtsan.so.0+0x8f162)
    #1 __gnu_cxx::new_allocator<int>::allocate(unsigned long, void const*) /usr/include/c++/11/ext/new_allocator.h:127 (test_move_nodes_fast+0x2e705)
    #2 std::allocator_traits<std::allocator<int> >::allocate(std::allocator<int>&, unsigned long) /usr/include/c++/11/bits/alloc_traits.h:464 (test_move_nodes_fast+0x2e705)
    #3 std::_Vector_base<int, std::allocator<int> >::_M_allocate(unsigned long) /usr/include/c++/11/bits/stl_vector.h:346 (test_move_nodes_fast+0x2e705)
    #4 std::_Vector_base<int, std::allocator<int> >::_M_create_storage(unsigned long) /usr/include/c++/11/bits/stl_vector.h:361 (test_move_nodes_fast+0x2e705)
    #5 std::_Vector_base<int, std::allocator<int> >::_Vector_base(unsigned long, std::allocator<int> const&) /usr/include/c++/11/bits/stl_vector.h:305 (test_move_nodes_fast+0x2e705)
    #6 std::vector<int, std::allocator<int> >::vector(std::vector<int, std::allocator<int> > const&) /usr/include/c++/11/bits/stl_vector.h:555 (test_move_nodes_fast+0x2e705)
    #7 LeidenPartition::LeidenPartition(LeidenPartition const&) LeidenTypes.hpp:21 (test_move_nodes_fast+0x2e705)
    #8 TestStage4AThreadReproducibility tests/test_move_nodes_fast.cpp:532 (test_move_nodes_fast+0x2875d)
    #9 main tests/test_move_nodes_fast.cpp:676 (test_move_nodes_fast+0x2e2d2)

  Location is heap block of size 20 at 0x7b0800000120 allocated by main thread:
    #0 operator new(unsigned long) ../../../../src/libsanitizer/tsan/tsan_new_delete.cpp:64 (libtsan.so.0+0x8f162)
    #1 __gnu_cxx::new_allocator<int>::allocate(unsigned long, void const*) /usr/include/c++/11/ext/new_allocator.h:127 (test_move_nodes_fast+0x2e705)
    #2 std::allocator_traits<std::allocator<int> >::allocate(std::allocator<int>&, unsigned long) /usr/include/c++/11/bits/alloc_traits.h:464 (test_move_nodes_fast+0x2e705)
    #3 std::_Vector_base<int, std::allocator<int> >::_M_allocate(unsigned long) /usr/include/c++/11/bits/stl_vector.h:346 (test_move_nodes_fast+0x2e705)
    #4 std::_Vector_base<int, std::allocator<int> >::_M_create_storage(unsigned long) /usr/include/c++/11/bits/stl_vector.h:361 (test_move_nodes_fast+0x2e705)
    #5 std::_Vector_base<int, std::allocator<int> >::_Vector_base(unsigned long, std::allocator<int> const&) /usr/include/c++/11/bits/stl_vector.h:305 (test_move_nodes_fast+0x2e705)
    #6 std::vector<int, std::allocator<int> >::vector(std::vector<int, std::allocator<int> > const&) /usr/include/c++/11/bits/stl_vector.h:555 (test_move_nodes_fast+0x2e705)
    #7 LeidenPartition::LeidenPartition(LeidenPartition const&) LeidenTypes.hpp:21 (test_move_nodes_fast+0x2e705)
    #8 TestStage4AThreadReproducibility tests/test_move_nodes_fast.cpp:532 (test_move_nodes_fast+0x2875d)
    #9 main tests/test_move_nodes_fast.cpp:676 (test_move_nodes_fast+0x2e2d2)

  Thread T5 (tid=8, running) created by main thread at:
    #0 pthread_create ../../../../src/libsanitizer/tsan/tsan_interceptors_posix.cpp:969 (libtsan.so.0+0x605b8)
    #1 <null> <null> (libgomp.so.1+0x1e25f)
    #2 TestStage4AThreadReproducibility tests/test_move_nodes_fast.cpp:532 (test_move_nodes_fast+0x2814f)
    #3 main tests/test_move_nodes_fast.cpp:676 (test_move_nodes_fast+0x2e2d2)

SUMMARY: ThreadSanitizer: data race /home/stomo/WorkSpace/MyLeiden/Leiden.cpp:1187 in MoveNodesFastParallelStage4A(SimpleGraph const&, LeidenGraphStats const&, LeidenPartition, QualityFunction const&, unsigned long, unsigned long, LeidenOptions const*) [clone ._omp_fn.0]
==================
==================
WARNING: ThreadSanitizer: data race (pid=2)
  Read of size 4 at 0x7b0800000130 by thread T5:
    #0 BuildNeighborCommunityWeights(SimpleGraph const&, LeidenPartition const&, int, NeighborCommunityScratch&) /home/stomo/WorkSpace/MyLeiden/QualityFunction.cpp:190 (test_move_nodes_fast+0x667b)
    #1 MoveNodesFastParallelStage4A(SimpleGraph const&, LeidenGraphStats const&, LeidenPartition, QualityFunction const&, unsigned long, unsigned long, LeidenOptions const*) [clone ._omp_fn.0] /home/stomo/WorkSpace/MyLeiden/Leiden.cpp:1191 (test_move_nodes_fast+0xc5d4)
    #2 <null> <null> (libgomp.so.1+0x1dc0d)

  Previous write of size 1 at 0x7b0800000133 by main thread:
    #0 memmove ../../../../src/libsanitizer/sanitizer_common/sanitizer_common_interceptors.inc:810 (libtsan.so.0+0x6225e)
    #1 memmove ../../../../src/libsanitizer/sanitizer_common/sanitizer_common_interceptors.inc:808 (libtsan.so.0+0x6225e)
    #2 int* std::__copy_move<false, true, std::random_access_iterator_tag>::__copy_m<int>(int const*, int const*, int*) /usr/include/c++/11/bits/stl_algobase.h:431 (test_move_nodes_fast+0x2e786)
    #3 int* std::__copy_move_a2<false, int const*, int*>(int const*, int const*, int*) /usr/include/c++/11/bits/stl_algobase.h:495 (test_move_nodes_fast+0x2e786)
    #4 int* std::__copy_move_a1<false, int const*, int*>(int const*, int const*, int*) /usr/include/c++/11/bits/stl_algobase.h:522 (test_move_nodes_fast+0x2e786)
    #5 int* std::__copy_move_a<false, __gnu_cxx::__normal_iterator<int const*, std::vector<int, std::allocator<int> > >, int*>(__gnu_cxx::__normal_iterator<int const*, std::vector<int, std::allocator<int> > >, __gnu_cxx::__normal_iterator<int const*, std::vector<int, std::allocator<int> > >, int*) /usr/include/c++/11/bits/stl_algobase.h:529 (test_move_nodes_fast+0x2e786)
    #6 int* std::copy<__gnu_cxx::__normal_iterator<int const*, std::vector<int, std::allocator<int> > >, int*>(__gnu_cxx::__normal_iterator<int const*, std::vector<int, std::allocator<int> > >, __gnu_cxx::__normal_iterator<int const*, std::vector<int, std::allocator<int> > >, int*) /usr/include/c++/11/bits/stl_algobase.h:620 (test_move_nodes_fast+0x2e786)
    #7 int* std::__uninitialized_copy<true>::__uninit_copy<__gnu_cxx::__normal_iterator<int const*, std::vector<int, std::allocator<int> > >, int*>(__gnu_cxx::__normal_iterator<int const*, std::vector<int, std::allocator<int> > >, __gnu_cxx::__normal_iterator<int const*, std::vector<int, std::allocator<int> > >, int*) /usr/include/c++/11/bits/stl_uninitialized.h:110 (test_move_nodes_fast+0x2e786)
    #8 int* std::uninitialized_copy<__gnu_cxx::__normal_iterator<int const*, std::vector<int, std::allocator<int> > >, int*>(__gnu_cxx::__normal_iterator<int const*, std::vector<int, std::allocator<int> > >, __gnu_cxx::__normal_iterator<int const*, std::vector<int, std::allocator<int> > >, int*) /usr/include/c++/11/bits/stl_uninitialized.h:151 (test_move_nodes_fast+0x2e786)
    #9 int* std::__uninitialized_copy_a<__gnu_cxx::__normal_iterator<int const*, std::vector<int, std::allocator<int> > >, int*, int>(__gnu_cxx::__normal_iterator<int const*, std::vector<int, std::allocator<int> > >, __gnu_cxx::__normal_iterator<int const*, std::vector<int, std::allocator<int> > >, int*, std::allocator<int>&) /usr/include/c++/11/bits/stl_uninitialized.h:333 (test_move_nodes_fast+0x2e786)
    #10 std::vector<int, std::allocator<int> >::vector(std::vector<int, std::allocator<int> > const&) /usr/include/c++/11/bits/stl_vector.h:558 (test_move_nodes_fast+0x2e786)
    #11 LeidenPartition::LeidenPartition(LeidenPartition const&) LeidenTypes.hpp:21 (test_move_nodes_fast+0x2e786)
    #12 TestStage4AThreadReproducibility tests/test_move_nodes_fast.cpp:532 (test_move_nodes_fast+0x2875d)
    #13 main tests/test_move_nodes_fast.cpp:676 (test_move_nodes_fast+0x2e2d2)

  Location is heap block of size 20 at 0x7b0800000120 allocated by main thread:
    #0 operator new(unsigned long) ../../../../src/libsanitizer/tsan/tsan_new_delete.cpp:64 (libtsan.so.0+0x8f162)
    #1 __gnu_cxx::new_allocator<int>::allocate(unsigned long, void const*) /usr/include/c++/11/ext/new_allocator.h:127 (test_move_nodes_fast+0x2e705)
    #2 std::allocator_traits<std::allocator<int> >::allocate(std::allocator<int>&, unsigned long) /usr/include/c++/11/bits/alloc_traits.h:464 (test_move_nodes_fast+0x2e705)
    #3 std::_Vector_base<int, std::allocator<int> >::_M_allocate(unsigned long) /usr/include/c++/11/bits/stl_vector.h:346 (test_move_nodes_fast+0x2e705)
    #4 std::_Vector_base<int, std::allocator<int> >::_M_create_storage(unsigned long) /usr/include/c++/11/bits/stl_vector.h:361 (test_move_nodes_fast+0x2e705)
    #5 std::_Vector_base<int, std::allocator<int> >::_Vector_base(unsigned long, std::allocator<int> const&) /usr/include/c++/11/bits/stl_vector.h:305 (test_move_nodes_fast+0x2e705)
    #6 std::vector<int, std::allocator<int> >::vector(std::vector<int, std::allocator<int> > const&) /usr/include/c++/11/bits/stl_vector.h:555 (test_move_nodes_fast+0x2e705)
    #7 LeidenPartition::LeidenPartition(LeidenPartition const&) LeidenTypes.hpp:21 (test_move_nodes_fast+0x2e705)
    #8 TestStage4AThreadReproducibility tests/test_move_nodes_fast.cpp:532 (test_move_nodes_fast+0x2875d)
    #9 main tests/test_move_nodes_fast.cpp:676 (test_move_nodes_fast+0x2e2d2)

  Thread T5 (tid=8, running) created by main thread at:
    #0 pthread_create ../../../../src/libsanitizer/tsan/tsan_interceptors_posix.cpp:969 (libtsan.so.0+0x605b8)
    #1 <null> <null> (libgomp.so.1+0x1e25f)
    #2 TestStage4AThreadReproducibility tests/test_move_nodes_fast.cpp:532 (test_move_nodes_fast+0x2814f)
    #3 main tests/test_move_nodes_fast.cpp:676 (test_move_nodes_fast+0x2e2d2)

SUMMARY: ThreadSanitizer: data race /home/stomo/WorkSpace/MyLeiden/QualityFunction.cpp:190 in BuildNeighborCommunityWeights(SimpleGraph const&, LeidenPartition const&, int, NeighborCommunityScratch&)
==================
==================
WARNING: ThreadSanitizer: data race (pid=2)
  Read of size 4 at 0x7b0800000128 by thread T5:
    #0 BuildNeighborCommunityWeights(SimpleGraph const&, LeidenPartition const&, int, NeighborCommunityScratch&) /home/stomo/WorkSpace/MyLeiden/QualityFunction.cpp:190 (test_move_nodes_fast+0x667b)
    #1 MoveNodesFastParallelStage4A(SimpleGraph const&, LeidenGraphStats const&, LeidenPartition, QualityFunction const&, unsigned long, unsigned long, LeidenOptions const*) [clone ._omp_fn.0] /home/stomo/WorkSpace/MyLeiden/Leiden.cpp:1191 (test_move_nodes_fast+0xc5d4)
    #2 <null> <null> (libgomp.so.1+0x1dc0d)

  Previous write of size 8 at 0x7b0800000128 by main thread:
    #0 operator new(unsigned long) ../../../../src/libsanitizer/tsan/tsan_new_delete.cpp:64 (libtsan.so.0+0x8f162)
    #1 __gnu_cxx::new_allocator<int>::allocate(unsigned long, void const*) /usr/include/c++/11/ext/new_allocator.h:127 (test_move_nodes_fast+0x2e705)
    #2 std::allocator_traits<std::allocator<int> >::allocate(std::allocator<int>&, unsigned long) /usr/include/c++/11/bits/alloc_traits.h:464 (test_move_nodes_fast+0x2e705)
    #3 std::_Vector_base<int, std::allocator<int> >::_M_allocate(unsigned long) /usr/include/c++/11/bits/stl_vector.h:346 (test_move_nodes_fast+0x2e705)
    #4 std::_Vector_base<int, std::allocator<int> >::_M_create_storage(unsigned long) /usr/include/c++/11/bits/stl_vector.h:361 (test_move_nodes_fast+0x2e705)
    #5 std::_Vector_base<int, std::allocator<int> >::_Vector_base(unsigned long, std::allocator<int> const&) /usr/include/c++/11/bits/stl_vector.h:305 (test_move_nodes_fast+0x2e705)
    #6 std::vector<int, std::allocator<int> >::vector(std::vector<int, std::allocator<int> > const&) /usr/include/c++/11/bits/stl_vector.h:555 (test_move_nodes_fast+0x2e705)
    #7 LeidenPartition::LeidenPartition(LeidenPartition const&) LeidenTypes.hpp:21 (test_move_nodes_fast+0x2e705)
    #8 TestStage4AThreadReproducibility tests/test_move_nodes_fast.cpp:532 (test_move_nodes_fast+0x2875d)
    #9 main tests/test_move_nodes_fast.cpp:676 (test_move_nodes_fast+0x2e2d2)

  Location is heap block of size 20 at 0x7b0800000120 allocated by main thread:
    #0 operator new(unsigned long) ../../../../src/libsanitizer/tsan/tsan_new_delete.cpp:64 (libtsan.so.0+0x8f162)
    #1 __gnu_cxx::new_allocator<int>::allocate(unsigned long, void const*) /usr/include/c++/11/ext/new_allocator.h:127 (test_move_nodes_fast+0x2e705)
    #2 std::allocator_traits<std::allocator<int> >::allocate(std::allocator<int>&, unsigned long) /usr/include/c++/11/bits/alloc_traits.h:464 (test_move_nodes_fast+0x2e705)
    #3 std::_Vector_base<int, std::allocator<int> >::_M_allocate(unsigned long) /usr/include/c++/11/bits/stl_vector.h:346 (test_move_nodes_fast+0x2e705)
    #4 std::_Vector_base<int, std::allocator<int> >::_M_create_storage(unsigned long) /usr/include/c++/11/bits/stl_vector.h:361 (test_move_nodes_fast+0x2e705)
    #5 std::_Vector_base<int, std::allocator<int> >::_Vector_base(unsigned long, std::allocator<int> const&) /usr/include/c++/11/bits/stl_vector.h:305 (test_move_nodes_fast+0x2e705)
    #6 std::vector<int, std::allocator<int> >::vector(std::vector<int, std::allocator<int> > const&) /usr/include/c++/11/bits/stl_vector.h:555 (test_move_nodes_fast+0x2e705)
    #7 LeidenPartition::LeidenPartition(LeidenPartition const&) LeidenTypes.hpp:21 (test_move_nodes_fast+0x2e705)
    #8 TestStage4AThreadReproducibility tests/test_move_nodes_fast.cpp:532 (test_move_nodes_fast+0x2875d)
    #9 main tests/test_move_nodes_fast.cpp:676 (test_move_nodes_fast+0x2e2d2)

  Thread T5 (tid=8, running) created by main thread at:
    #0 pthread_create ../../../../src/libsanitizer/tsan/tsan_interceptors_posix.cpp:969 (libtsan.so.0+0x605b8)
    #1 <null> <null> (libgomp.so.1+0x1e25f)
    #2 TestStage4AThreadReproducibility tests/test_move_nodes_fast.cpp:532 (test_move_nodes_fast+0x2814f)
    #3 main tests/test_move_nodes_fast.cpp:676 (test_move_nodes_fast+0x2e2d2)

SUMMARY: ThreadSanitizer: data race /home/stomo/WorkSpace/MyLeiden/QualityFunction.cpp:190 in BuildNeighborCommunityWeights(SimpleGraph const&, LeidenPartition const&, int, NeighborCommunityScratch&)
==================
==================
WARNING: ThreadSanitizer: data race (pid=2)
  Read of size 8 at 0x7b0c00000360 by thread T4:
    #0 ModularityQualityFunction::deltaMoveFromWeights(LeidenGraphStats const&, LeidenPartition const&, int, int, double, double) const /home/stomo/WorkSpace/MyLeiden/QualityFunction.cpp:721 (test_move_nodes_fast+0x4a5b)
    #1 MoveNodesFastParallelStage4A(SimpleGraph const&, LeidenGraphStats const&, LeidenPartition, QualityFunction const&, unsigned long, unsigned long, LeidenOptions const*) [clone ._omp_fn.0] /home/stomo/WorkSpace/MyLeiden/Leiden.cpp:1206 (test_move_nodes_fast+0xc39e)
    #2 <null> <null> (libgomp.so.1+0x1dc0d)

  Previous write of size 8 at 0x7b0c00000360 by main thread:
    #0 operator new(unsigned long) ../../../../src/libsanitizer/tsan/tsan_new_delete.cpp:64 (libtsan.so.0+0x8f162)
    #1 __gnu_cxx::new_allocator<double>::allocate(unsigned long, void const*) /usr/include/c++/11/ext/new_allocator.h:127 (test_move_nodes_fast+0x2e920)
    #2 std::allocator_traits<std::allocator<double> >::allocate(std::allocator<double>&, unsigned long) /usr/include/c++/11/bits/alloc_traits.h:464 (test_move_nodes_fast+0x2e920)
    #3 std::_Vector_base<double, std::allocator<double> >::_M_allocate(unsigned long) /usr/include/c++/11/bits/stl_vector.h:346 (test_move_nodes_fast+0x2e920)
    #4 std::_Vector_base<double, std::allocator<double> >::_M_create_storage(unsigned long) /usr/include/c++/11/bits/stl_vector.h:361 (test_move_nodes_fast+0x2e920)
    #5 std::_Vector_base<double, std::allocator<double> >::_Vector_base(unsigned long, std::allocator<double> const&) /usr/include/c++/11/bits/stl_vector.h:305 (test_move_nodes_fast+0x2e920)
    #6 std::vector<double, std::allocator<double> >::vector(std::vector<double, std::allocator<double> > const&) /usr/include/c++/11/bits/stl_vector.h:555 (test_move_nodes_fast+0x2e920)
    #7 LeidenPartition::LeidenPartition(LeidenPartition const&) LeidenTypes.hpp:21 (test_move_nodes_fast+0x2e920)
    #8 TestStage4AThreadReproducibility tests/test_move_nodes_fast.cpp:546 (test_move_nodes_fast+0x28aad)
    #9 main tests/test_move_nodes_fast.cpp:676 (test_move_nodes_fast+0x2e2d2)

  Location is heap block of size 40 at 0x7b0c00000360 allocated by main thread:
    #0 operator new(unsigned long) ../../../../src/libsanitizer/tsan/tsan_new_delete.cpp:64 (libtsan.so.0+0x8f162)
    #1 __gnu_cxx::new_allocator<double>::allocate(unsigned long, void const*) /usr/include/c++/11/ext/new_allocator.h:127 (test_move_nodes_fast+0x2e920)
    #2 std::allocator_traits<std::allocator<double> >::allocate(std::allocator<double>&, unsigned long) /usr/include/c++/11/bits/alloc_traits.h:464 (test_move_nodes_fast+0x2e920)
    #3 std::_Vector_base<double, std::allocator<double> >::_M_allocate(unsigned long) /usr/include/c++/11/bits/stl_vector.h:346 (test_move_nodes_fast+0x2e920)
    #4 std::_Vector_base<double, std::allocator<double> >::_M_create_storage(unsigned long) /usr/include/c++/11/bits/stl_vector.h:361 (test_move_nodes_fast+0x2e920)
    #5 std::_Vector_base<double, std::allocator<double> >::_Vector_base(unsigned long, std::allocator<double> const&) /usr/include/c++/11/bits/stl_vector.h:305 (test_move_nodes_fast+0x2e920)
    #6 std::vector<double, std::allocator<double> >::vector(std::vector<double, std::allocator<double> > const&) /usr/include/c++/11/bits/stl_vector.h:555 (test_move_nodes_fast+0x2e920)
    #7 LeidenPartition::LeidenPartition(LeidenPartition const&) LeidenTypes.hpp:21 (test_move_nodes_fast+0x2e920)
    #8 TestStage4AThreadReproducibility tests/test_move_nodes_fast.cpp:546 (test_move_nodes_fast+0x28aad)
    #9 main tests/test_move_nodes_fast.cpp:676 (test_move_nodes_fast+0x2e2d2)

  Thread T4 (tid=7, running) created by main thread at:
    #0 pthread_create ../../../../src/libsanitizer/tsan/tsan_interceptors_posix.cpp:969 (libtsan.so.0+0x605b8)
    #1 <null> <null> (libgomp.so.1+0x1e25f)
    #2 TestStage4AThreadReproducibility tests/test_move_nodes_fast.cpp:532 (test_move_nodes_fast+0x2814f)
    #3 main tests/test_move_nodes_fast.cpp:676 (test_move_nodes_fast+0x2e2d2)

SUMMARY: ThreadSanitizer: data race /home/stomo/WorkSpace/MyLeiden/QualityFunction.cpp:721 in ModularityQualityFunction::deltaMoveFromWeights(LeidenGraphStats const&, LeidenPartition const&, int, int, double, double) const
==================
==================
WARNING: ThreadSanitizer: data race (pid=2)
  Read of size 8 at 0x7b0c00000368 by thread T4:
    #0 ModularityQualityFunction::deltaMoveFromWeights(LeidenGraphStats const&, LeidenPartition const&, int, int, double, double) const /home/stomo/WorkSpace/MyLeiden/QualityFunction.cpp:724 (test_move_nodes_fast+0x4a9a)
    #1 MoveNodesFastParallelStage4A(SimpleGraph const&, LeidenGraphStats const&, LeidenPartition, QualityFunction const&, unsigned long, unsigned long, LeidenOptions const*) [clone ._omp_fn.0] /home/stomo/WorkSpace/MyLeiden/Leiden.cpp:1206 (test_move_nodes_fast+0xc39e)
    #2 <null> <null> (libgomp.so.1+0x1dc0d)

  Previous write of size 8 at 0x7b0c00000368 by main thread:
    #0 operator new(unsigned long) ../../../../src/libsanitizer/tsan/tsan_new_delete.cpp:64 (libtsan.so.0+0x8f162)
    #1 __gnu_cxx::new_allocator<double>::allocate(unsigned long, void const*) /usr/include/c++/11/ext/new_allocator.h:127 (test_move_nodes_fast+0x2e920)
    #2 std::allocator_traits<std::allocator<double> >::allocate(std::allocator<double>&, unsigned long) /usr/include/c++/11/bits/alloc_traits.h:464 (test_move_nodes_fast+0x2e920)
    #3 std::_Vector_base<double, std::allocator<double> >::_M_allocate(unsigned long) /usr/include/c++/11/bits/stl_vector.h:346 (test_move_nodes_fast+0x2e920)
    #4 std::_Vector_base<double, std::allocator<double> >::_M_create_storage(unsigned long) /usr/include/c++/11/bits/stl_vector.h:361 (test_move_nodes_fast+0x2e920)
    #5 std::_Vector_base<double, std::allocator<double> >::_Vector_base(unsigned long, std::allocator<double> const&) /usr/include/c++/11/bits/stl_vector.h:305 (test_move_nodes_fast+0x2e920)
    #6 std::vector<double, std::allocator<double> >::vector(std::vector<double, std::allocator<double> > const&) /usr/include/c++/11/bits/stl_vector.h:555 (test_move_nodes_fast+0x2e920)
    #7 LeidenPartition::LeidenPartition(LeidenPartition const&) LeidenTypes.hpp:21 (test_move_nodes_fast+0x2e920)
    #8 TestStage4AThreadReproducibility tests/test_move_nodes_fast.cpp:546 (test_move_nodes_fast+0x28aad)
    #9 main tests/test_move_nodes_fast.cpp:676 (test_move_nodes_fast+0x2e2d2)

  Location is heap block of size 40 at 0x7b0c00000360 allocated by main thread:
    #0 operator new(unsigned long) ../../../../src/libsanitizer/tsan/tsan_new_delete.cpp:64 (libtsan.so.0+0x8f162)
    #1 __gnu_cxx::new_allocator<double>::allocate(unsigned long, void const*) /usr/include/c++/11/ext/new_allocator.h:127 (test_move_nodes_fast+0x2e920)
    #2 std::allocator_traits<std::allocator<double> >::allocate(std::allocator<double>&, unsigned long) /usr/include/c++/11/bits/alloc_traits.h:464 (test_move_nodes_fast+0x2e920)
    #3 std::_Vector_base<double, std::allocator<double> >::_M_allocate(unsigned long) /usr/include/c++/11/bits/stl_vector.h:346 (test_move_nodes_fast+0x2e920)
    #4 std::_Vector_base<double, std::allocator<double> >::_M_create_storage(unsigned long) /usr/include/c++/11/bits/stl_vector.h:361 (test_move_nodes_fast+0x2e920)
    #5 std::_Vector_base<double, std::allocator<double> >::_Vector_base(unsigned long, std::allocator<double> const&) /usr/include/c++/11/bits/stl_vector.h:305 (test_move_nodes_fast+0x2e920)
    #6 std::vector<double, std::allocator<double> >::vector(std::vector<double, std::allocator<double> > const&) /usr/include/c++/11/bits/stl_vector.h:555 (test_move_nodes_fast+0x2e920)
    #7 LeidenPartition::LeidenPartition(LeidenPartition const&) LeidenTypes.hpp:21 (test_move_nodes_fast+0x2e920)
    #8 TestStage4AThreadReproducibility tests/test_move_nodes_fast.cpp:546 (test_move_nodes_fast+0x28aad)
    #9 main tests/test_move_nodes_fast.cpp:676 (test_move_nodes_fast+0x2e2d2)

  Thread T4 (tid=7, running) created by main thread at:
    #0 pthread_create ../../../../src/libsanitizer/tsan/tsan_interceptors_posix.cpp:969 (libtsan.so.0+0x605b8)
    #1 <null> <null> (libgomp.so.1+0x1e25f)
    #2 TestStage4AThreadReproducibility tests/test_move_nodes_fast.cpp:532 (test_move_nodes_fast+0x2814f)
    #3 main tests/test_move_nodes_fast.cpp:676 (test_move_nodes_fast+0x2e2d2)

SUMMARY: ThreadSanitizer: data race /home/stomo/WorkSpace/MyLeiden/QualityFunction.cpp:724 in ModularityQualityFunction::deltaMoveFromWeights(LeidenGraphStats const&, LeidenPartition const&, int, int, double, double) const
==================
==================
WARNING: ThreadSanitizer: data race (pid=2)
  Write of size 8 at 0x7ffd2222e260 by main thread:
    #0 std::mersenne_twister_engine<unsigned long, 32ul, 624ul, 397ul, 31ul, 2567483615ul, 11ul, 4294967295ul, 7ul, 2636928640ul, 15ul, 4022730752ul, 18ul, 1812433253ul>::seed(unsigned long) /usr/include/c++/11/bits/random.tcc:336 (test_move_nodes_fast+0x21ef3)
    #1 std::mersenne_twister_engine<unsigned long, 32ul, 624ul, 397ul, 31ul, 2567483615ul, 11ul, 4294967295ul, 7ul, 2636928640ul, 15ul, 4022730752ul, 18ul, 1812433253ul>::mersenne_twister_engine(unsigned long) /usr/include/c++/11/bits/random.h:531 (test_move_nodes_fast+0x13b3e)
    #2 MoveNodesFastParallelStage4B(SimpleGraph const&, LeidenGraphStats const&, LeidenPartition, QualityFunction const&, unsigned long, unsigned long, LeidenOptions const*) /home/stomo/WorkSpace/MyLeiden/Leiden.cpp:1559 (test_move_nodes_fast+0x13b3e)
    #3 RunStage4BAndCheck tests/test_move_nodes_fast.cpp:603 (test_move_nodes_fast+0x2bf18)
    #4 TestStage4BRaceFreeCases tests/test_move_nodes_fast.cpp:618 (test_move_nodes_fast+0x2c4cf)
    #5 main tests/test_move_nodes_fast.cpp:678 (test_move_nodes_fast+0x2e2dc)

  Previous read of size 8 at 0x7ffd2222e260 by thread T1:
    #0 MoveNodesFastParallelStage4A(SimpleGraph const&, LeidenGraphStats const&, LeidenPartition, QualityFunction const&, unsigned long, unsigned long, LeidenOptions const*) [clone ._omp_fn.0] /home/stomo/WorkSpace/MyLeiden/Leiden.cpp:1206 (test_move_nodes_fast+0xc31e)
    #1 <null> <null> (libgomp.so.1+0x1dc0d)

  Location is stack of main thread.

  Location is global '<null>' at 0x000000000000 ([stack]+0x00000001f260)

  Thread T1 (tid=4, running) created by main thread at:
    #0 pthread_create ../../../../src/libsanitizer/tsan/tsan_interceptors_posix.cpp:969 (libtsan.so.0+0x605b8)
    #1 <null> <null> (libgomp.so.1+0x1e25f)
    #2 RunStage4AAndCheck tests/test_move_nodes_fast.cpp:201 (test_move_nodes_fast+0x2b4c1)
    #3 TestStage4ABasicAndEdgeCases tests/test_move_nodes_fast.cpp:464 (test_move_nodes_fast+0x2b7d4)
    #4 main tests/test_move_nodes_fast.cpp:674 (test_move_nodes_fast+0x2e2c8)

SUMMARY: ThreadSanitizer: data race /usr/include/c++/11/bits/random.tcc:336 in std::mersenne_twister_engine<unsigned long, 32ul, 624ul, 397ul, 31ul, 2567483615ul, 11ul, 4294967295ul, 7ul, 2636928640ul, 15ul, 4022730752ul, 18ul, 1812433253ul>::seed(unsigned long)
==================
==================
WARNING: ThreadSanitizer: data race (pid=2)
  Write of size 8 at 0x7ffd2222e268 by main thread:
    #0 std::mersenne_twister_engine<unsigned long, 32ul, 624ul, 397ul, 31ul, 2567483615ul, 11ul, 4294967295ul, 7ul, 2636928640ul, 15ul, 4022730752ul, 18ul, 1812433253ul>::seed(unsigned long) /usr/include/c++/11/bits/random.tcc:336 (test_move_nodes_fast+0x21ef3)
    #1 std::mersenne_twister_engine<unsigned long, 32ul, 624ul, 397ul, 31ul, 2567483615ul, 11ul, 4294967295ul, 7ul, 2636928640ul, 15ul, 4022730752ul, 18ul, 1812433253ul>::mersenne_twister_engine(unsigned long) /usr/include/c++/11/bits/random.h:531 (test_move_nodes_fast+0x13b3e)
    #2 MoveNodesFastParallelStage4B(SimpleGraph const&, LeidenGraphStats const&, LeidenPartition, QualityFunction const&, unsigned long, unsigned long, LeidenOptions const*) /home/stomo/WorkSpace/MyLeiden/Leiden.cpp:1559 (test_move_nodes_fast+0x13b3e)
    #3 RunStage4BAndCheck tests/test_move_nodes_fast.cpp:603 (test_move_nodes_fast+0x2bf18)
    #4 TestStage4BRaceFreeCases tests/test_move_nodes_fast.cpp:618 (test_move_nodes_fast+0x2c4cf)
    #5 main tests/test_move_nodes_fast.cpp:678 (test_move_nodes_fast+0x2e2dc)

  Previous read of size 8 at 0x7ffd2222e268 by thread T1:
    #0 ModularityQualityFunction::deltaMoveFromWeights(LeidenGraphStats const&, LeidenPartition const&, int, int, double, double) const /home/stomo/WorkSpace/MyLeiden/QualityFunction.cpp:728 (test_move_nodes_fast+0x4aaa)
    #1 MoveNodesFastParallelStage4A(SimpleGraph const&, LeidenGraphStats const&, LeidenPartition, QualityFunction const&, unsigned long, unsigned long, LeidenOptions const*) [clone ._omp_fn.0] /home/stomo/WorkSpace/MyLeiden/Leiden.cpp:1206 (test_move_nodes_fast+0xc39e)
    #2 <null> <null> (libgomp.so.1+0x1dc0d)

  Location is stack of main thread.

  Location is global '<null>' at 0x000000000000 ([stack]+0x00000001f268)

  Thread T1 (tid=4, running) created by main thread at:
    #0 pthread_create ../../../../src/libsanitizer/tsan/tsan_interceptors_posix.cpp:969 (libtsan.so.0+0x605b8)
    #1 <null> <null> (libgomp.so.1+0x1e25f)
    #2 RunStage4AAndCheck tests/test_move_nodes_fast.cpp:201 (test_move_nodes_fast+0x2b4c1)
    #3 TestStage4ABasicAndEdgeCases tests/test_move_nodes_fast.cpp:464 (test_move_nodes_fast+0x2b7d4)
    #4 main tests/test_move_nodes_fast.cpp:674 (test_move_nodes_fast+0x2e2c8)

SUMMARY: ThreadSanitizer: data race /usr/include/c++/11/bits/random.tcc:336 in std::mersenne_twister_engine<unsigned long, 32ul, 624ul, 397ul, 31ul, 2567483615ul, 11ul, 4294967295ul, 7ul, 2636928640ul, 15ul, 4022730752ul, 18ul, 1812433253ul>::seed(unsigned long)
==================
==================
WARNING: ThreadSanitizer: data race (pid=2)
  Read of size 8 at 0x7ffd2222ce48 by thread T1:
    #0 MoveNodesFastParallelStage4B(SimpleGraph const&, LeidenGraphStats const&, LeidenPartition, QualityFunction const&, unsigned long, unsigned long, LeidenOptions const*) [clone ._omp_fn.0] /home/stomo/WorkSpace/MyLeiden/Leiden.cpp:1581 (test_move_nodes_fast+0xef4a)
    #1 <null> <null> (libgomp.so.1+0x1dc0d)

  Previous write of size 8 at 0x7ffd2222ce48 by main thread:
    #0 MoveNodesFastParallelStage4B(SimpleGraph const&, LeidenGraphStats const&, LeidenPartition, QualityFunction const&, unsigned long, unsigned long, LeidenOptions const*) /home/stomo/WorkSpace/MyLeiden/Leiden.cpp:1581 (test_move_nodes_fast+0x13cb8)
    #1 RunStage4BAndCheck tests/test_move_nodes_fast.cpp:603 (test_move_nodes_fast+0x2bf18)
    #2 TestStage4BRaceFreeCases tests/test_move_nodes_fast.cpp:618 (test_move_nodes_fast+0x2c4cf)
    #3 main tests/test_move_nodes_fast.cpp:678 (test_move_nodes_fast+0x2e2dc)

  Location is stack of main thread.

  Location is global '<null>' at 0x000000000000 ([stack]+0x00000001de48)

  Thread T1 (tid=4, running) created by main thread at:
    #0 pthread_create ../../../../src/libsanitizer/tsan/tsan_interceptors_posix.cpp:969 (libtsan.so.0+0x605b8)
    #1 <null> <null> (libgomp.so.1+0x1e25f)
    #2 RunStage4AAndCheck tests/test_move_nodes_fast.cpp:201 (test_move_nodes_fast+0x2b4c1)
    #3 TestStage4ABasicAndEdgeCases tests/test_move_nodes_fast.cpp:464 (test_move_nodes_fast+0x2b7d4)
    #4 main tests/test_move_nodes_fast.cpp:674 (test_move_nodes_fast+0x2e2c8)

SUMMARY: ThreadSanitizer: data race /home/stomo/WorkSpace/MyLeiden/Leiden.cpp:1581 in MoveNodesFastParallelStage4B(SimpleGraph const&, LeidenGraphStats const&, LeidenPartition, QualityFunction const&, unsigned long, unsigned long, LeidenOptions const*) [clone ._omp_fn.0]
==================
==================
WARNING: ThreadSanitizer: data race (pid=2)
  Read of size 8 at 0x7ffd2222ce58 by thread T1:
    #0 MoveNodesFastParallelStage4B(SimpleGraph const&, LeidenGraphStats const&, LeidenPartition, QualityFunction const&, unsigned long, unsigned long, LeidenOptions const*) [clone ._omp_fn.0] /home/stomo/WorkSpace/MyLeiden/Leiden.cpp:1585 (test_move_nodes_fast+0xef65)
    #1 <null> <null> (libgomp.so.1+0x1dc0d)

  Previous write of size 8 at 0x7ffd2222ce58 by main thread:
    #0 MoveNodesFastParallelStage4B(SimpleGraph const&, LeidenGraphStats const&, LeidenPartition, QualityFunction const&, unsigned long, unsigned long, LeidenOptions const*) /home/stomo/WorkSpace/MyLeiden/Leiden.cpp:1581 (test_move_nodes_fast+0x13d36)
    #1 RunStage4BAndCheck tests/test_move_nodes_fast.cpp:603 (test_move_nodes_fast+0x2bf18)
    #2 TestStage4BRaceFreeCases tests/test_move_nodes_fast.cpp:618 (test_move_nodes_fast+0x2c4cf)
    #3 main tests/test_move_nodes_fast.cpp:678 (test_move_nodes_fast+0x2e2dc)

  Location is stack of main thread.

  Location is global '<null>' at 0x000000000000 ([stack]+0x00000001de58)

  Thread T1 (tid=4, running) created by main thread at:
    #0 pthread_create ../../../../src/libsanitizer/tsan/tsan_interceptors_posix.cpp:969 (libtsan.so.0+0x605b8)
    #1 <null> <null> (libgomp.so.1+0x1e25f)
    #2 RunStage4AAndCheck tests/test_move_nodes_fast.cpp:201 (test_move_nodes_fast+0x2b4c1)
    #3 TestStage4ABasicAndEdgeCases tests/test_move_nodes_fast.cpp:464 (test_move_nodes_fast+0x2b7d4)
    #4 main tests/test_move_nodes_fast.cpp:674 (test_move_nodes_fast+0x2e2c8)

SUMMARY: ThreadSanitizer: data race /home/stomo/WorkSpace/MyLeiden/Leiden.cpp:1585 in MoveNodesFastParallelStage4B(SimpleGraph const&, LeidenGraphStats const&, LeidenPartition, QualityFunction const&, unsigned long, unsigned long, LeidenOptions const*) [clone ._omp_fn.0]
==================
==================
WARNING: ThreadSanitizer: data race (pid=2)
  Read of size 8 at 0x7ffd2222cd40 by thread T1:
    #0 operator[] /usr/include/c++/11/bits/stl_vector.h:1046 (test_move_nodes_fast+0xef71)
    #1 MoveNodesFastParallelStage4B(SimpleGraph const&, LeidenGraphStats const&, LeidenPartition, QualityFunction const&, unsigned long, unsigned long, LeidenOptions const*) [clone ._omp_fn.0] /home/stomo/WorkSpace/MyLeiden/Leiden.cpp:1585 (test_move_nodes_fast+0xef71)
    #2 <null> <null> (libgomp.so.1+0x1dc0d)

  Previous write of size 8 at 0x7ffd2222cd40 by main thread:
    #0 _Vector_impl_data /usr/include/c++/11/bits/stl_vector.h:98 (test_move_nodes_fast+0x13700)
    #1 _Vector_impl /usr/include/c++/11/bits/stl_vector.h:137 (test_move_nodes_fast+0x13700)
    #2 _Vector_base /usr/include/c++/11/bits/stl_vector.h:304 (test_move_nodes_fast+0x13700)
    #3 vector /usr/include/c++/11/bits/stl_vector.h:511 (test_move_nodes_fast+0x13700)
    #4 MoveNodesFastParallelStage4B(SimpleGraph const&, LeidenGraphStats const&, LeidenPartition, QualityFunction const&, unsigned long, unsigned long, LeidenOptions const*) /home/stomo/WorkSpace/MyLeiden/Leiden.cpp:1528 (test_move_nodes_fast+0x13700)
    #5 RunStage4BAndCheck tests/test_move_nodes_fast.cpp:603 (test_move_nodes_fast+0x2bf18)
    #6 TestStage4BRaceFreeCases tests/test_move_nodes_fast.cpp:618 (test_move_nodes_fast+0x2c4cf)
    #7 main tests/test_move_nodes_fast.cpp:678 (test_move_nodes_fast+0x2e2dc)

  Location is stack of main thread.

  Location is global '<null>' at 0x000000000000 ([stack]+0x00000001dd40)

  Thread T1 (tid=4, running) created by main thread at:
    #0 pthread_create ../../../../src/libsanitizer/tsan/tsan_interceptors_posix.cpp:969 (libtsan.so.0+0x605b8)
    #1 <null> <null> (libgomp.so.1+0x1e25f)
    #2 RunStage4AAndCheck tests/test_move_nodes_fast.cpp:201 (test_move_nodes_fast+0x2b4c1)
    #3 TestStage4ABasicAndEdgeCases tests/test_move_nodes_fast.cpp:464 (test_move_nodes_fast+0x2b7d4)
    #4 main tests/test_move_nodes_fast.cpp:674 (test_move_nodes_fast+0x2e2c8)

SUMMARY: ThreadSanitizer: data race /usr/include/c++/11/bits/stl_vector.h:1046 in operator[]
==================
==================
WARNING: ThreadSanitizer: data race (pid=2)
  Read of size 8 at 0x7ffd2222ce60 by thread T1:
    #0 MoveNodesFastParallelStage4B(SimpleGraph const&, LeidenGraphStats const&, LeidenPartition, QualityFunction const&, unsigned long, unsigned long, LeidenOptions const*) [clone ._omp_fn.0] /home/stomo/WorkSpace/MyLeiden/Leiden.cpp:1617 (test_move_nodes_fast+0x1055e)
    #1 <null> <null> (libgomp.so.1+0x1dc0d)

  Previous write of size 8 at 0x7ffd2222ce60 by main thread:
    #0 MoveNodesFastParallelStage4B(SimpleGraph const&, LeidenGraphStats const&, LeidenPartition, QualityFunction const&, unsigned long, unsigned long, LeidenOptions const*) /home/stomo/WorkSpace/MyLeiden/Leiden.cpp:1581 (test_move_nodes_fast+0x13d50)
    #1 RunStage4BAndCheck tests/test_move_nodes_fast.cpp:603 (test_move_nodes_fast+0x2bf18)
    #2 TestStage4BRaceFreeCases tests/test_move_nodes_fast.cpp:618 (test_move_nodes_fast+0x2c4cf)
    #3 main tests/test_move_nodes_fast.cpp:678 (test_move_nodes_fast+0x2e2dc)

  Location is stack of main thread.

  Location is global '<null>' at 0x000000000000 ([stack]+0x00000001de60)

  Thread T1 (tid=4, running) created by main thread at:
    #0 pthread_create ../../../../src/libsanitizer/tsan/tsan_interceptors_posix.cpp:969 (libtsan.so.0+0x605b8)
    #1 <null> <null> (libgomp.so.1+0x1e25f)
    #2 RunStage4AAndCheck tests/test_move_nodes_fast.cpp:201 (test_move_nodes_fast+0x2b4c1)
    #3 TestStage4ABasicAndEdgeCases tests/test_move_nodes_fast.cpp:464 (test_move_nodes_fast+0x2b7d4)
    #4 main tests/test_move_nodes_fast.cpp:674 (test_move_nodes_fast+0x2e2c8)

SUMMARY: ThreadSanitizer: data race /home/stomo/WorkSpace/MyLeiden/Leiden.cpp:1617 in MoveNodesFastParallelStage4B(SimpleGraph const&, LeidenGraphStats const&, LeidenPartition, QualityFunction const&, unsigned long, unsigned long, LeidenOptions const*) [clone ._omp_fn.0]
==================
==================
WARNING: ThreadSanitizer: data race (pid=2)
  Read of size 8 at 0x7ffd2222ce78 by thread T1:
    #0 MoveNodesFastParallelStage4B(SimpleGraph const&, LeidenGraphStats const&, LeidenPartition, QualityFunction const&, unsigned long, unsigned long, LeidenOptions const*) [clone ._omp_fn.0] /home/stomo/WorkSpace/MyLeiden/Leiden.cpp:1617 (test_move_nodes_fast+0x10582)
    #1 <null> <null> (libgomp.so.1+0x1dc0d)

  Previous write of size 8 at 0x7ffd2222ce78 by main thread:
    #0 MoveNodesFastParallelStage4B(SimpleGraph const&, LeidenGraphStats const&, LeidenPartition, QualityFunction const&, unsigned long, unsigned long, LeidenOptions const*) /home/stomo/WorkSpace/MyLeiden/Leiden.cpp:1581 (test_move_nodes_fast+0x13d97)
    #1 RunStage4BAndCheck tests/test_move_nodes_fast.cpp:603 (test_move_nodes_fast+0x2bf18)
    #2 TestStage4BRaceFreeCases tests/test_move_nodes_fast.cpp:618 (test_move_nodes_fast+0x2c4cf)
    #3 main tests/test_move_nodes_fast.cpp:678 (test_move_nodes_fast+0x2e2dc)

  Location is stack of main thread.

  Location is global '<null>' at 0x000000000000 ([stack]+0x00000001de78)

  Thread T1 (tid=4, running) created by main thread at:
    #0 pthread_create ../../../../src/libsanitizer/tsan/tsan_interceptors_posix.cpp:969 (libtsan.so.0+0x605b8)
    #1 <null> <null> (libgomp.so.1+0x1e25f)
    #2 RunStage4AAndCheck tests/test_move_nodes_fast.cpp:201 (test_move_nodes_fast+0x2b4c1)
    #3 TestStage4ABasicAndEdgeCases tests/test_move_nodes_fast.cpp:464 (test_move_nodes_fast+0x2b7d4)
    #4 main tests/test_move_nodes_fast.cpp:674 (test_move_nodes_fast+0x2e2c8)

SUMMARY: ThreadSanitizer: data race /home/stomo/WorkSpace/MyLeiden/Leiden.cpp:1617 in MoveNodesFastParallelStage4B(SimpleGraph const&, LeidenGraphStats const&, LeidenPartition, QualityFunction const&, unsigned long, unsigned long, LeidenOptions const*) [clone ._omp_fn.0]
==================
==================
WARNING: ThreadSanitizer: data race (pid=2)
  Read of size 8 at 0x7ffd2222ce70 by thread T1:
    #0 MoveNodesFastParallelStage4B(SimpleGraph const&, LeidenGraphStats const&, LeidenPartition, QualityFunction const&, unsigned long, unsigned long, LeidenOptions const*) [clone ._omp_fn.0] /home/stomo/WorkSpace/MyLeiden/Leiden.cpp:1617 (test_move_nodes_fast+0x105a6)
    #1 <null> <null> (libgomp.so.1+0x1dc0d)

  Previous write of size 8 at 0x7ffd2222ce70 by main thread:
    #0 MoveNodesFastParallelStage4B(SimpleGraph const&, LeidenGraphStats const&, LeidenPartition, QualityFunction const&, unsigned long, unsigned long, LeidenOptions const*) /home/stomo/WorkSpace/MyLeiden/Leiden.cpp:1581 (test_move_nodes_fast+0x13d84)
    #1 RunStage4BAndCheck tests/test_move_nodes_fast.cpp:603 (test_move_nodes_fast+0x2bf18)
    #2 TestStage4BRaceFreeCases tests/test_move_nodes_fast.cpp:618 (test_move_nodes_fast+0x2c4cf)
    #3 main tests/test_move_nodes_fast.cpp:678 (test_move_nodes_fast+0x2e2dc)

  Location is stack of main thread.

  Location is global '<null>' at 0x000000000000 ([stack]+0x00000001de70)

  Thread T1 (tid=4, running) created by main thread at:
    #0 pthread_create ../../../../src/libsanitizer/tsan/tsan_interceptors_posix.cpp:969 (libtsan.so.0+0x605b8)
    #1 <null> <null> (libgomp.so.1+0x1e25f)
    #2 RunStage4AAndCheck tests/test_move_nodes_fast.cpp:201 (test_move_nodes_fast+0x2b4c1)
    #3 TestStage4ABasicAndEdgeCases tests/test_move_nodes_fast.cpp:464 (test_move_nodes_fast+0x2b7d4)
    #4 main tests/test_move_nodes_fast.cpp:674 (test_move_nodes_fast+0x2e2c8)

SUMMARY: ThreadSanitizer: data race /home/stomo/WorkSpace/MyLeiden/Leiden.cpp:1617 in MoveNodesFastParallelStage4B(SimpleGraph const&, LeidenGraphStats const&, LeidenPartition, QualityFunction const&, unsigned long, unsigned long, LeidenOptions const*) [clone ._omp_fn.0]
==================
==================
WARNING: ThreadSanitizer: data race (pid=2)
  Read of size 8 at 0x7ffd2222ce68 by thread T1:
    #0 MoveNodesFastParallelStage4B(SimpleGraph const&, LeidenGraphStats const&, LeidenPartition, QualityFunction const&, unsigned long, unsigned long, LeidenOptions const*) [clone ._omp_fn.0] /home/stomo/WorkSpace/MyLeiden/Leiden.cpp:1617 (test_move_nodes_fast+0x105ca)
    #1 <null> <null> (libgomp.so.1+0x1dc0d)

  Previous write of size 8 at 0x7ffd2222ce68 by main thread:
    #0 MoveNodesFastParallelStage4B(SimpleGraph const&, LeidenGraphStats const&, LeidenPartition, QualityFunction const&, unsigned long, unsigned long, LeidenOptions const*) /home/stomo/WorkSpace/MyLeiden/Leiden.cpp:1581 (test_move_nodes_fast+0x13d6a)
    #1 RunStage4BAndCheck tests/test_move_nodes_fast.cpp:603 (test_move_nodes_fast+0x2bf18)
    #2 TestStage4BRaceFreeCases tests/test_move_nodes_fast.cpp:618 (test_move_nodes_fast+0x2c4cf)
    #3 main tests/test_move_nodes_fast.cpp:678 (test_move_nodes_fast+0x2e2dc)

  Location is stack of main thread.

  Location is global '<null>' at 0x000000000000 ([stack]+0x00000001de68)

  Thread T1 (tid=4, running) created by main thread at:
    #0 pthread_create ../../../../src/libsanitizer/tsan/tsan_interceptors_posix.cpp:969 (libtsan.so.0+0x605b8)
    #1 <null> <null> (libgomp.so.1+0x1e25f)
    #2 RunStage4AAndCheck tests/test_move_nodes_fast.cpp:201 (test_move_nodes_fast+0x2b4c1)
    #3 TestStage4ABasicAndEdgeCases tests/test_move_nodes_fast.cpp:464 (test_move_nodes_fast+0x2b7d4)
    #4 main tests/test_move_nodes_fast.cpp:674 (test_move_nodes_fast+0x2e2c8)

SUMMARY: ThreadSanitizer: data race /home/stomo/WorkSpace/MyLeiden/Leiden.cpp:1617 in MoveNodesFastParallelStage4B(SimpleGraph const&, LeidenGraphStats const&, LeidenPartition, QualityFunction const&, unsigned long, unsigned long, LeidenOptions const*) [clone ._omp_fn.0]
==================
==================
WARNING: ThreadSanitizer: data race (pid=2)
  Atomic read of size 1 at 0x7ffd2222cf40 by thread T1:
    #0 pthread_mutex_lock ../../../../src/libsanitizer/sanitizer_common/sanitizer_common_interceptors.inc:4240 (libtsan.so.0+0x53908)
    #1 __gthread_mutex_lock /usr/include/x86_64-linux-gnu/c++/11/bits/gthr-default.h:749 (test_move_nodes_fast+0x1060d)
    #2 std::mutex::lock() /usr/include/c++/11/bits/std_mutex.h:100 (test_move_nodes_fast+0x1060d)
    #3 std::lock_guard<std::mutex>::lock_guard(std::mutex&) /usr/include/c++/11/bits/std_mutex.h:229 (test_move_nodes_fast+0x1060d)
    #4 MoveNodesFastParallelStage4B(SimpleGraph const&, LeidenGraphStats const&, LeidenPartition, QualityFunction const&, unsigned long, unsigned long, LeidenOptions const*) [clone ._omp_fn.0] /home/stomo/WorkSpace/MyLeiden/Leiden.cpp:1623 (test_move_nodes_fast+0x1060d)
    #5 <null> <null> (libgomp.so.1+0x1dc0d)

  Previous write of size 8 at 0x7ffd2222cf40 by main thread:
    #0 MoveNodesFastParallelStage4B(SimpleGraph const&, LeidenGraphStats const&, LeidenPartition, QualityFunction const&, unsigned long, unsigned long, LeidenOptions const*) /home/stomo/WorkSpace/MyLeiden/Leiden.cpp:1532 (test_move_nodes_fast+0x1392e)
    #1 RunStage4BAndCheck tests/test_move_nodes_fast.cpp:603 (test_move_nodes_fast+0x2bf18)
    #2 TestStage4BRaceFreeCases tests/test_move_nodes_fast.cpp:618 (test_move_nodes_fast+0x2c4cf)
    #3 main tests/test_move_nodes_fast.cpp:678 (test_move_nodes_fast+0x2e2dc)

  Location is stack of main thread.

  Location is global '<null>' at 0x000000000000 ([stack]+0x00000001df40)

  Thread T1 (tid=4, running) created by main thread at:
    #0 pthread_create ../../../../src/libsanitizer/tsan/tsan_interceptors_posix.cpp:969 (libtsan.so.0+0x605b8)
    #1 <null> <null> (libgomp.so.1+0x1e25f)
    #2 RunStage4AAndCheck tests/test_move_nodes_fast.cpp:201 (test_move_nodes_fast+0x2b4c1)
    #3 TestStage4ABasicAndEdgeCases tests/test_move_nodes_fast.cpp:464 (test_move_nodes_fast+0x2b7d4)
    #4 main tests/test_move_nodes_fast.cpp:674 (test_move_nodes_fast+0x2e2c8)

SUMMARY: ThreadSanitizer: data race /usr/include/x86_64-linux-gnu/c++/11/bits/gthr-default.h:749 in __gthread_mutex_lock
==================
==================
WARNING: ThreadSanitizer: data race (pid=2)
  Write of size 8 at 0x7b4400000c78 by main thread:
    #0 operator delete(void*, unsigned long) ../../../../src/libsanitizer/tsan/tsan_new_delete.cpp:150 (libtsan.so.0+0x8e878)
    #1 deallocate /usr/include/c++/11/ext/new_allocator.h:145 (test_move_nodes_fast+0x14711)
    #2 deallocate /usr/include/c++/11/bits/alloc_traits.h:496 (test_move_nodes_fast+0x14711)
    #3 _M_deallocate /usr/include/c++/11/bits/stl_vector.h:354 (test_move_nodes_fast+0x14711)
    #4 ~_Vector_base /usr/include/c++/11/bits/stl_vector.h:335 (test_move_nodes_fast+0x14711)
    #5 ~vector /usr/include/c++/11/bits/stl_vector.h:683 (test_move_nodes_fast+0x14711)
    #6 MoveNodesFastParallelStage4B(SimpleGraph const&, LeidenGraphStats const&, LeidenPartition, QualityFunction const&, unsigned long, unsigned long, LeidenOptions const*) /home/stomo/WorkSpace/MyLeiden/Leiden.cpp:1867 (test_move_nodes_fast+0x14711)
    #7 RunStage4BAndCheck tests/test_move_nodes_fast.cpp:603 (test_move_nodes_fast+0x2bf18)
    #8 TestStage4BRaceFreeCases tests/test_move_nodes_fast.cpp:618 (test_move_nodes_fast+0x2c4cf)
    #9 main tests/test_move_nodes_fast.cpp:678 (test_move_nodes_fast+0x2e2dc)

  Previous write of size 8 at 0x7b4400000c78 by thread T1:
    #0 MoveNodesFastParallelStage4B(SimpleGraph const&, LeidenGraphStats const&, LeidenPartition, QualityFunction const&, unsigned long, unsigned long, LeidenOptions const*) [clone ._omp_fn.0] /home/stomo/WorkSpace/MyLeiden/Leiden.cpp:1629 (test_move_nodes_fast+0x10403)
    #1 <null> <null> (libgomp.so.1+0x1dc0d)

  Thread T1 (tid=4, running) created by main thread at:
    #0 pthread_create ../../../../src/libsanitizer/tsan/tsan_interceptors_posix.cpp:969 (libtsan.so.0+0x605b8)
    #1 <null> <null> (libgomp.so.1+0x1e25f)
    #2 RunStage4AAndCheck tests/test_move_nodes_fast.cpp:201 (test_move_nodes_fast+0x2b4c1)
    #3 TestStage4ABasicAndEdgeCases tests/test_move_nodes_fast.cpp:464 (test_move_nodes_fast+0x2b7d4)
    #4 main tests/test_move_nodes_fast.cpp:674 (test_move_nodes_fast+0x2e2c8)

SUMMARY: ThreadSanitizer: data race ../../../../src/libsanitizer/tsan/tsan_new_delete.cpp:150 in operator delete(void*, unsigned long)
==================
==================
WARNING: ThreadSanitizer: data race (pid=2)
  Write of size 8 at 0x7ffd2222cdf0 by main thread:
    #0 std::_Deque_iterator<int, int&, int*>::_Deque_iterator() /usr/include/c++/11/bits/stl_deque.h:152 (test_move_nodes_fast+0x13864)
    #1 std::_Deque_base<int, std::allocator<int> >::_Deque_impl_data::_Deque_impl_data() /usr/include/c++/11/bits/stl_deque.h:496 (test_move_nodes_fast+0x13864)
    #2 std::_Deque_base<int, std::allocator<int> >::_Deque_impl::_Deque_impl() /usr/include/c++/11/bits/stl_deque.h:526 (test_move_nodes_fast+0x13864)
    #3 std::_Deque_base<int, std::allocator<int> >::_Deque_base() /usr/include/c++/11/bits/stl_deque.h:438 (test_move_nodes_fast+0x13864)
    #4 std::deque<int, std::allocator<int> >::deque() /usr/include/c++/11/bits/stl_deque.h:834 (test_move_nodes_fast+0x13864)
    #5 MoveNodesFastParallelStage4B(SimpleGraph const&, LeidenGraphStats const&, LeidenPartition, QualityFunction const&, unsigned long, unsigned long, LeidenOptions const*) /home/stomo/WorkSpace/MyLeiden/Leiden.cpp:1531 (test_move_nodes_fast+0x13864)
    #6 RunStage4BAndCheck tests/test_move_nodes_fast.cpp:603 (test_move_nodes_fast+0x2bf18)
    #7 TestStage4BRaceFreeCases tests/test_move_nodes_fast.cpp:624 (test_move_nodes_fast+0x2c877)
    #8 main tests/test_move_nodes_fast.cpp:678 (test_move_nodes_fast+0x2e2dc)

  Previous read of size 8 at 0x7ffd2222cdf0 by thread T1 (mutexes: write M12):
    #0 std::operator==(std::_Deque_iterator<int, int&, int*> const&, std::_Deque_iterator<int, int&, int*> const&) /usr/include/c++/11/bits/stl_deque.h:269 (test_move_nodes_fast+0x1063b)
    #1 std::deque<int, std::allocator<int> >::empty() const /usr/include/c++/11/bits/stl_deque.h:1312 (test_move_nodes_fast+0x1063b)
    #2 MoveNodesFastParallelStage4B(SimpleGraph const&, LeidenGraphStats const&, LeidenPartition, QualityFunction const&, unsigned long, unsigned long, LeidenOptions const*) [clone ._omp_fn.0] /home/stomo/WorkSpace/MyLeiden/Leiden.cpp:1624 (test_move_nodes_fast+0x1063b)
    #3 <null> <null> (libgomp.so.1+0x1dc0d)

  Location is stack of main thread.

  Location is global '<null>' at 0x000000000000 ([stack]+0x00000001ddf0)

  Mutex M12 (0x7ffd2222cf40) created at:
    #0 pthread_mutex_lock ../../../../src/libsanitizer/sanitizer_common/sanitizer_common_interceptors.inc:4240 (libtsan.so.0+0x53908)
    #1 __gthread_mutex_lock /usr/include/x86_64-linux-gnu/c++/11/bits/gthr-default.h:749 (test_move_nodes_fast+0x13e66)
    #2 std::mutex::lock() /usr/include/c++/11/bits/std_mutex.h:100 (test_move_nodes_fast+0x13e66)
    #3 std::lock_guard<std::mutex>::lock_guard(std::mutex&) /usr/include/c++/11/bits/std_mutex.h:229 (test_move_nodes_fast+0x13e66)
    #4 MoveNodesFastParallelStage4B(SimpleGraph const&, LeidenGraphStats const&, LeidenPartition, QualityFunction const&, unsigned long, unsigned long, LeidenOptions const*) /home/stomo/WorkSpace/MyLeiden/Leiden.cpp:1569 (test_move_nodes_fast+0x13e66)
    #5 RunStage4BAndCheck tests/test_move_nodes_fast.cpp:603 (test_move_nodes_fast+0x2bf18)
    #6 TestStage4BRaceFreeCases tests/test_move_nodes_fast.cpp:618 (test_move_nodes_fast+0x2c4cf)
    #7 main tests/test_move_nodes_fast.cpp:678 (test_move_nodes_fast+0x2e2dc)

  Thread T1 (tid=4, running) created by main thread at:
    #0 pthread_create ../../../../src/libsanitizer/tsan/tsan_interceptors_posix.cpp:969 (libtsan.so.0+0x605b8)
    #1 <null> <null> (libgomp.so.1+0x1e25f)
    #2 RunStage4AAndCheck tests/test_move_nodes_fast.cpp:201 (test_move_nodes_fast+0x2b4c1)
    #3 TestStage4ABasicAndEdgeCases tests/test_move_nodes_fast.cpp:464 (test_move_nodes_fast+0x2b7d4)
    #4 main tests/test_move_nodes_fast.cpp:674 (test_move_nodes_fast+0x2e2c8)

SUMMARY: ThreadSanitizer: data race /usr/include/c++/11/bits/stl_deque.h:152 in std::_Deque_iterator<int, int&, int*>::_Deque_iterator()
==================
==================
WARNING: ThreadSanitizer: data race (pid=2)
  Write of size 8 at 0x7ffd2222ce10 by main thread:
    #0 std::_Deque_iterator<int, int&, int*>::_Deque_iterator() /usr/include/c++/11/bits/stl_deque.h:152 (test_move_nodes_fast+0x138c0)
    #1 std::_Deque_base<int, std::allocator<int> >::_Deque_impl_data::_Deque_impl_data() /usr/include/c++/11/bits/stl_deque.h:496 (test_move_nodes_fast+0x138c0)
    #2 std::_Deque_base<int, std::allocator<int> >::_Deque_impl::_Deque_impl() /usr/include/c++/11/bits/stl_deque.h:526 (test_move_nodes_fast+0x138c0)
    #3 std::_Deque_base<int, std::allocator<int> >::_Deque_base() /usr/include/c++/11/bits/stl_deque.h:438 (test_move_nodes_fast+0x138c0)
    #4 std::deque<int, std::allocator<int> >::deque() /usr/include/c++/11/bits/stl_deque.h:834 (test_move_nodes_fast+0x138c0)
    #5 MoveNodesFastParallelStage4B(SimpleGraph const&, LeidenGraphStats const&, LeidenPartition, QualityFunction const&, unsigned long, unsigned long, LeidenOptions const*) /home/stomo/WorkSpace/MyLeiden/Leiden.cpp:1531 (test_move_nodes_fast+0x138c0)
    #6 RunStage4BAndCheck tests/test_move_nodes_fast.cpp:603 (test_move_nodes_fast+0x2bf18)
    #7 TestStage4BRaceFreeCases tests/test_move_nodes_fast.cpp:624 (test_move_nodes_fast+0x2c877)
    #8 main tests/test_move_nodes_fast.cpp:678 (test_move_nodes_fast+0x2e2dc)

  Previous read of size 8 at 0x7ffd2222ce10 by thread T1 (mutexes: write M12):
    #0 std::operator==(std::_Deque_iterator<int, int&, int*> const&, std::_Deque_iterator<int, int&, int*> const&) /usr/include/c++/11/bits/stl_deque.h:269 (test_move_nodes_fast+0x1062e)
    #1 std::deque<int, std::allocator<int> >::empty() const /usr/include/c++/11/bits/stl_deque.h:1312 (test_move_nodes_fast+0x1062e)
    #2 MoveNodesFastParallelStage4B(SimpleGraph const&, LeidenGraphStats const&, LeidenPartition, QualityFunction const&, unsigned long, unsigned long, LeidenOptions const*) [clone ._omp_fn.0] /home/stomo/WorkSpace/MyLeiden/Leiden.cpp:1624 (test_move_nodes_fast+0x1062e)
    #3 <null> <null> (libgomp.so.1+0x1dc0d)

  Location is stack of main thread.

  Location is global '<null>' at 0x000000000000 ([stack]+0x00000001de10)

  Mutex M12 (0x7ffd2222cf40) created at:
    #0 pthread_mutex_lock ../../../../src/libsanitizer/sanitizer_common/sanitizer_common_interceptors.inc:4240 (libtsan.so.0+0x53908)
    #1 __gthread_mutex_lock /usr/include/x86_64-linux-gnu/c++/11/bits/gthr-default.h:749 (test_move_nodes_fast+0x13e66)
    #2 std::mutex::lock() /usr/include/c++/11/bits/std_mutex.h:100 (test_move_nodes_fast+0x13e66)
    #3 std::lock_guard<std::mutex>::lock_guard(std::mutex&) /usr/include/c++/11/bits/std_mutex.h:229 (test_move_nodes_fast+0x13e66)
    #4 MoveNodesFastParallelStage4B(SimpleGraph const&, LeidenGraphStats const&, LeidenPartition, QualityFunction const&, unsigned long, unsigned long, LeidenOptions const*) /home/stomo/WorkSpace/MyLeiden/Leiden.cpp:1569 (test_move_nodes_fast+0x13e66)
    #5 RunStage4BAndCheck tests/test_move_nodes_fast.cpp:603 (test_move_nodes_fast+0x2bf18)
    #6 TestStage4BRaceFreeCases tests/test_move_nodes_fast.cpp:618 (test_move_nodes_fast+0x2c4cf)
    #7 main tests/test_move_nodes_fast.cpp:678 (test_move_nodes_fast+0x2e2dc)

  Thread T1 (tid=4, running) created by main thread at:
    #0 pthread_create ../../../../src/libsanitizer/tsan/tsan_interceptors_posix.cpp:969 (libtsan.so.0+0x605b8)
    #1 <null> <null> (libgomp.so.1+0x1e25f)
    #2 RunStage4AAndCheck tests/test_move_nodes_fast.cpp:201 (test_move_nodes_fast+0x2b4c1)
    #3 TestStage4ABasicAndEdgeCases tests/test_move_nodes_fast.cpp:464 (test_move_nodes_fast+0x2b7d4)
    #4 main tests/test_move_nodes_fast.cpp:674 (test_move_nodes_fast+0x2e2c8)

SUMMARY: ThreadSanitizer: data race /usr/include/c++/11/bits/stl_deque.h:152 in std::_Deque_iterator<int, int&, int*>::_Deque_iterator()
==================
==================
WARNING: ThreadSanitizer: data race (pid=2)
  Write of size 8 at 0x7ffd2222cd20 by main thread:
    #0 MoveNodesFastParallelStage4B(SimpleGraph const&, LeidenGraphStats const&, LeidenPartition, QualityFunction const&, unsigned long, unsigned long, LeidenOptions const*) /home/stomo/WorkSpace/MyLeiden/Leiden.cpp:1533 (test_move_nodes_fast+0x13971)
    #1 RunStage4BAndCheck tests/test_move_nodes_fast.cpp:603 (test_move_nodes_fast+0x2bf18)
    #2 TestStage4BRaceFreeCases tests/test_move_nodes_fast.cpp:624 (test_move_nodes_fast+0x2c877)
    #3 main tests/test_move_nodes_fast.cpp:678 (test_move_nodes_fast+0x2e2dc)

  Previous atomic read of size 8 at 0x7ffd2222cd20 by thread T1:
    #0 __tsan_atomic64_load ../../../../src/libsanitizer/tsan/tsan_interface_atomic.cpp:539 (libtsan.so.0+0x7fe0e)
    #1 std::__atomic_base<unsigned long>::load(std::memory_order) const /usr/include/c++/11/bits/atomic_base.h:488 (test_move_nodes_fast+0x10424)
    #2 MoveNodesFastParallelStage4B(SimpleGraph const&, LeidenGraphStats const&, LeidenPartition, QualityFunction const&, unsigned long, unsigned long, LeidenOptions const*) [clone ._omp_fn.0] /home/stomo/WorkSpace/MyLeiden/Leiden.cpp:1632 (test_move_nodes_fast+0x10424)
    #3 <null> <null> (libgomp.so.1+0x1dc0d)

  Location is stack of main thread.

  Location is global '<null>' at 0x000000000000 ([stack]+0x00000001dd20)

  Thread T1 (tid=4, running) created by main thread at:
    #0 pthread_create ../../../../src/libsanitizer/tsan/tsan_interceptors_posix.cpp:969 (libtsan.so.0+0x605b8)
    #1 <null> <null> (libgomp.so.1+0x1e25f)
    #2 RunStage4AAndCheck tests/test_move_nodes_fast.cpp:201 (test_move_nodes_fast+0x2b4c1)
    #3 TestStage4ABasicAndEdgeCases tests/test_move_nodes_fast.cpp:464 (test_move_nodes_fast+0x2b7d4)
    #4 main tests/test_move_nodes_fast.cpp:674 (test_move_nodes_fast+0x2e2c8)

SUMMARY: ThreadSanitizer: data race /home/stomo/WorkSpace/MyLeiden/Leiden.cpp:1533 in MoveNodesFastParallelStage4B(SimpleGraph const&, LeidenGraphStats const&, LeidenPartition, QualityFunction const&, unsigned long, unsigned long, LeidenOptions const*)
==================
==================
WARNING: ThreadSanitizer: data race (pid=2)
  Write of size 8 at 0x7b4400000db8 by main thread:
    #0 operator delete(void*, unsigned long) ../../../../src/libsanitizer/tsan/tsan_new_delete.cpp:150 (libtsan.so.0+0x8e878)
    #1 deallocate /usr/include/c++/11/ext/new_allocator.h:145 (test_move_nodes_fast+0x14711)
    #2 deallocate /usr/include/c++/11/bits/alloc_traits.h:496 (test_move_nodes_fast+0x14711)
    #3 _M_deallocate /usr/include/c++/11/bits/stl_vector.h:354 (test_move_nodes_fast+0x14711)
    #4 ~_Vector_base /usr/include/c++/11/bits/stl_vector.h:335 (test_move_nodes_fast+0x14711)
    #5 ~vector /usr/include/c++/11/bits/stl_vector.h:683 (test_move_nodes_fast+0x14711)
    #6 MoveNodesFastParallelStage4B(SimpleGraph const&, LeidenGraphStats const&, LeidenPartition, QualityFunction const&, unsigned long, unsigned long, LeidenOptions const*) /home/stomo/WorkSpace/MyLeiden/Leiden.cpp:1867 (test_move_nodes_fast+0x14711)
    #7 RunStage4BAndCheck tests/test_move_nodes_fast.cpp:603 (test_move_nodes_fast+0x2bf18)
    #8 TestStage4BRaceFreeCases tests/test_move_nodes_fast.cpp:634 (test_move_nodes_fast+0x2cc28)
    #9 main tests/test_move_nodes_fast.cpp:678 (test_move_nodes_fast+0x2e2dc)

  Previous write of size 8 at 0x7b4400000db8 by thread T1:
    #0 MoveNodesFastParallelStage4B(SimpleGraph const&, LeidenGraphStats const&, LeidenPartition, QualityFunction const&, unsigned long, unsigned long, LeidenOptions const*) [clone ._omp_fn.0] /home/stomo/WorkSpace/MyLeiden/Leiden.cpp:1629 (test_move_nodes_fast+0x10403)
    #1 <null> <null> (libgomp.so.1+0x1dc0d)

  Thread T1 (tid=4, running) created by main thread at:
    #0 pthread_create ../../../../src/libsanitizer/tsan/tsan_interceptors_posix.cpp:969 (libtsan.so.0+0x605b8)
    #1 <null> <null> (libgomp.so.1+0x1e25f)
    #2 RunStage4AAndCheck tests/test_move_nodes_fast.cpp:201 (test_move_nodes_fast+0x2b4c1)
    #3 TestStage4ABasicAndEdgeCases tests/test_move_nodes_fast.cpp:464 (test_move_nodes_fast+0x2b7d4)
    #4 main tests/test_move_nodes_fast.cpp:674 (test_move_nodes_fast+0x2e2c8)

SUMMARY: ThreadSanitizer: data race ../../../../src/libsanitizer/tsan/tsan_new_delete.cpp:150 in operator delete(void*, unsigned long)
==================
ThreadSanitizer: reported 219 warnings
